{
	"credit": "Made with Blockbench",
	"ambientocclusion": false,
	"textures": {
		"0": "blocks/door_acacia_upper",
		"particle": "blocks/door_acacia_upper"
	},
	"elements": [
		{
			"from": [0, 0, 13],
			"to": [3, 16, 16],
			"faces": {
				"north": {"uv": [13, 0, 14, 16], "texture": "#0"},
				"east": {"uv": [16, 0, 13, 16], "texture": "#0"},
				"south": {"uv": [15, 0, 16, 16], "texture": "#0"},
				"west": {"uv": [13, 0, 16, 16], "texture": "#0"},
				"up": {"uv": [7, 0, 9, 1], "texture": "#0"}
			}
		},
		{
			"from": [0, 0, 3],
			"to": [3, 3, 13],
			"faces": {
				"east": {"uv": [3, 13, 13, 16], "texture": "#0"},
				"west": {"uv": [3, 13, 13, 16], "texture": "#0"},
				"up": {"uv": [6, 13, 10, 14], "texture": "#0"}
			}
		},
		{
			"from": [0, 0, 0],
			"to": [3, 16, 3],
			"faces": {
				"north": {"uv": [0, 0, 1, 16], "texture": "#0"},
				"east": {"uv": [3, 0, 0, 16], "texture": "#0"},
				"south": {"uv": [2, 0, 3, 16], "texture": "#0"},
				"west": {"uv": [0, 0, 3, 16], "texture": "#0"},
				"up": {"uv": [0, 0, 1, 1], "texture": "#0"}
			}
		},
		{
			"from": [0, 13, 3],
			"to": [3, 16, 13],
			"faces": {
				"east": {"uv": [3, 0, 13, 3], "texture": "#0"},
				"west": {"uv": [3, 0, 13, 3], "texture": "#0"},
				"up": {"uv": [6, 0, 10, 1], "texture": "#0"},
				"down": {"uv": [8, 15, 10, 16], "texture": "#0"}
			}
		},
		{
			"from": [1, 3, 9],
			"to": [2, 13, 11],
			"faces": {
				"north": {"uv": [2, 3, 3, 13], "rotation": 90, "texture": "#0"},
				"east": {"uv": [2, 13, 14, 15], "rotation": 90, "texture": "#0"},
				"south": {"uv": [2, 3, 3, 13], "rotation": 90, "texture": "#0"},
				"west": {"uv": [2, 13, 14, 15], "rotation": 90, "texture": "#0"}
			}
		},
		{
			"from": [1, 3, 5],
			"to": [2, 13, 7],
			"faces": {
				"north": {"uv": [2, 3, 3, 13], "rotation": 90, "texture": "#0"},
				"east": {"uv": [2, 13, 14, 15], "rotation": 90, "texture": "#0"},
				"south": {"uv": [2, 3, 3, 13], "rotation": 90, "texture": "#0"},
				"west": {"uv": [2, 13, 14, 15], "rotation": 90, "texture": "#0"}
			}
		}
	]
}