{
    "__createdwith": "opl's Model Creator",
    "ambientocclusion": false,
    "textures": {
        "texture": "blocks/rail_activator",
        "particle": "blocks/rail_activator"
    },
    "elements": [
        {
            "from": [2,0,0],
            "to": [4,2,16],
            "faces": {
                "up": {
                    "uv": [2,16,4,0],
                    "texture": "#texture"
                },
                "down": {
                    "uv": [2,16,4,0],
                    "texture": "#texture"
                },
                "west": {
                    "uv": [2,12,3,15],
                    "texture": "#texture"
                },
                "east": {
                    "uv": [3,0,4,16],
                    "texture": "#texture"
                },
                "north": {
                    "uv": [12,0,14,2],
                    "texture": "#texture"
                },
                "south": {
                    "uv": [2,14,4,16],
                    "texture": "#texture"
                }
            }
        },
        {
            "from": [12,0,0],
            "to": [14,2,16],
            "faces": {
                "up": {
                    "uv": [12,16,14,0],
                    "texture": "#texture"
                },
                "down": {
                    "uv": [12,16,14,0],
                    "texture": "#texture"
                },
                "west": {
                    "uv": [12,0,13,16],
                    "texture": "#texture"
                },
                "east": {
                    "uv": [2,11.5,3,14.5],
                    "texture": "#texture"
                },
                "north": {
                    "uv": [2,0,4,2],
                    "texture": "#texture"
                },
                "south": {
                    "uv": [12,14,14,16],
                    "texture": "#texture"
                }
            }
        },
        {
            "from": [1,0,1],
            "to": [15,1,3],
            "faces": {
                "up": {
                    "uv": [1,13,15,15],
                    "texture": "#texture"
                },
                "down": {
                    "uv": [1,15,15,14],
                    "texture": "#texture"
                },
                "west": {
                    "uv": [4,14,5,15],
                    "texture": "#texture"
                },
                "east": {
                    "uv": [4,14,5,15],
                    "texture": "#texture"
                },
                "north": {
                    "uv": [1,14,15,15],
                    "texture": "#texture"
                },
                "south": {
                    "uv": [1,14,15,15],
                    "texture": "#texture"
                }
            }
        },
        {
            "from": [1,0,5],
            "to": [15,1,7],
            "faces": {
                "up": {
                    "uv": [1,13,15,15],
                    "texture": "#texture"
                },
                "down": {
                    "uv": [1,15,15,14],
                    "texture": "#texture"
                },
                "west": {
                    "uv": [4,14,5,15],
                    "texture": "#texture"
                },
                "east": {
                    "uv": [4,14,5,15],
                    "texture": "#texture"
                },
                "north": {
                    "uv": [1,14,15,15],
                    "texture": "#texture"
                },
                "south": {
                    "uv": [1,14,15,15],
                    "texture": "#texture"
                }
            }
        },
        {
            "from": [1,0,9],
            "to": [15,1,11],
            "faces": {
                "up": {
                    "uv": [1,13,15,15],
                    "texture": "#texture"
                },
                "down": {
                    "uv": [1,15,15,14],
                    "texture": "#texture"
                },
                "west": {
                    "uv": [4,14,5,15],
                    "texture": "#texture"
                },
                "east": {
                    "uv": [4,14,5,15],
                    "texture": "#texture"
                },
                "north": {
                    "uv": [1,14,15,15],
                    "texture": "#texture"
                },
                "south": {
                    "uv": [1,14,15,15],
                    "texture": "#texture"
                }
            }
        },
        {
            "from": [1,0,13],
            "to": [15,1,15],
            "faces": {
                "up": {
                    "texture": "#texture"
                },
                "down": {
                    "uv": [1,15,15,14],
                    "texture": "#texture"
                },
                "west": {
                    "uv": [4,14,5,15],
                    "texture": "#texture"
                },
                "east": {
                    "uv": [4,14,5,15],
                    "texture": "#texture"
                },
                "north": {
                    "uv": [1,14,15,15],
                    "texture": "#texture"
                },
                "south": {
                    "uv": [1,14,15,15],
                    "texture": "#texture"
                }
            }
        }
    ]
}