{
    "__createdwith": "opl's Model Creator",
    "ambientocclusion": false,
    "textures": {
        "0": "blocks/flower_allium",
        "particle": "blocks/flower_allium"
    },
    "elements": [
        {
            "from": [7,10,7],
            "to": [9,12,9],
            "faces": {
                "up": {
                    "uv": [8,4,9,5],
                    "texture": "#0"
                },
                "down": {
                    "uv": [8,5,9,6],
                    "texture": "#0"
                },
                "west": {
                    "uv": [8,5,10,6],
                    "texture": "#0"
                },
                "east": {
                    "uv": [8,5,10,6],
                    "texture": "#0"
                },
                "north": {
                    "uv": [8,5,10,6],
                    "texture": "#0"
                },
                "south": {
                    "uv": [8,5,9,6],
                    "texture": "#0"
                }
            }
        },
        {
            "from": [7,10,9],
            "to": [9,11,11],
            "faces": {
                "up": {
                    "uv": [9,3,11,5],
                    "texture": "#0"
                },
                "down": {
                    "uv": [9,3,11,5],
                    "texture": "#0"
                },
                "west": {
                    "uv": [9,3,11,5],
                    "texture": "#0"
                },
                "east": {
                    "uv": [9,3,11,5],
                    "texture": "#0"
                },
                "north": {
                    "uv": [8,3,9,6],
                    "texture": "#0"
                },
                "south": {
                    "uv": [9,3,11,5],
                    "texture": "#0"
                }
            }
        },
        {
            "from": [9,10,9],
            "to": [10,11,10],
            "faces": {
                "up": {
                    "uv": [7,6,8,7],
                    "texture": "#0"
                },
                "down": {
                    "uv": [8,5,9,6],
                    "texture": "#0"
                },
                "west": {
                    "uv": [8,3,9,6],
                    "texture": "#0"
                },
                "east": {
                    "uv": [7,6,8,7],
                    "texture": "#0"
                },
                "north": {
                    "uv": [8,3,9,6],
                    "texture": "#0"
                },
                "south": {
                    "uv": [7,6,8,7],
                    "texture": "#0"
                }
            }
        },
        {
            "from": [6,10,9],
            "to": [7,11,10],
            "faces": {
                "up": {
                    "uv": [7,6,8,7],
                    "texture": "#0"
                },
                "down": {
                    "uv": [8,5,9,6],
                    "texture": "#0"
                },
                "west": {
                    "uv": [7,6,8,7],
                    "texture": "#0"
                },
                "east": {
                    "uv": [7,5,9,6],
                    "texture": "#0"
                },
                "north": {
                    "uv": [8,5,9,6],
                    "texture": "#0"
                },
                "south": {
                    "uv": [7,6,8,7],
                    "texture": "#0"
                }
            }
        },
        {
            "from": [5,10,7],
            "to": [7,11,9],
            "faces": {
                "up": {
                    "uv": [9,3,11,5],
                    "texture": "#0"
                },
                "down": {
                    "uv": [9,3,11,5],
                    "texture": "#0"
                },
                "west": {
                    "uv": [6,3,8,5],
                    "texture": "#0"
                },
                "east": {
                    "uv": [8,3,9,6],
                    "texture": "#0"
                },
                "north": {
                    "uv": [9,3,11,5],
                    "texture": "#0"
                },
                "south": {
                    "uv": [9,3,11,5],
                    "texture": "#0"
                }
            }
        },
        {
            "from": [6,10,6],
            "to": [7,11,7],
            "faces": {
                "up": {
                    "uv": [7,6,8,7],
                    "texture": "#0"
                },
                "down": {
                    "uv": [8,5,9,6],
                    "texture": "#0"
                },
                "west": {
                    "uv": [7,6,8,7],
                    "texture": "#0"
                },
                "east": {
                    "uv": [7,5,9,6],
                    "texture": "#0"
                },
                "north": {
                    "uv": [7,6,8,7],
                    "texture": "#0"
                },
                "south": {
                    "uv": [8,5,9,6],
                    "texture": "#0"
                }
            }
        },
        {
            "from": [7,10,5],
            "to": [9,11,7],
            "faces": {
                "up": {
                    "uv": [9,3,11,5],
                    "texture": "#0"
                },
                "down": {
                    "uv": [9,3,11,5],
                    "texture": "#0"
                },
                "west": {
                    "uv": [9,3,11,5],
                    "texture": "#0"
                },
                "east": {
                    "uv": [9,3,11,5],
                    "texture": "#0"
                },
                "north": {
                    "uv": [9,3,11,5],
                    "texture": "#0"
                },
                "south": {
                    "uv": [8,3,9,6],
                    "texture": "#0"
                }
            }
        },
        {
            "from": [9,10,7],
            "to": [11,11,9],
            "faces": {
                "up": {
                    "uv": [9,3,11,5],
                    "texture": "#0"
                },
                "down": {
                    "uv": [9,3,11,5],
                    "texture": "#0"
                },
                "west": {
                    "uv": [8,3,9,6],
                    "texture": "#0"
                },
                "east": {
                    "uv": [9,3,11,5],
                    "texture": "#0"
                },
                "north": {
                    "uv": [9,3,11,5],
                    "texture": "#0"
                },
                "south": {
                    "uv": [9,3,11,5],
                    "texture": "#0"
                }
            }
        },
        {
            "from": [9,10,6],
            "to": [10,11,7],
            "faces": {
                "up": {
                    "uv": [7,6,8,7],
                    "texture": "#0"
                },
                "down": {
                    "uv": [8,5,9,6],
                    "texture": "#0"
                },
                "west": {
                    "uv": [8,3,9,6],
                    "texture": "#0"
                },
                "east": {
                    "uv": [7,6,8,7],
                    "texture": "#0"
                },
                "north": {
                    "uv": [7,6,8,7],
                    "texture": "#0"
                },
                "south": {
                    "uv": [8,5,9,6],
                    "texture": "#0"
                }
            }
        },
        {
            "from": [6,9,6],
            "to": [10,10,10],
            "faces": {
                "up": {
                    "uv": [8,6,9,7],
                    "texture": "#0"
                },
                "down": {
                    "uv": [8,13,9,14],
                    "texture": "#0"
                },
                "west": {
                    "uv": [8,7,9,8],
                    "texture": "#0"
                },
                "east": {
                    "uv": [8,7,9,8],
                    "texture": "#0"
                },
                "north": {
                    "uv": [8,7,9,8],
                    "texture": "#0"
                },
                "south": {
                    "uv": [8,7,9,8],
                    "texture": "#0"
                }
            }
        },
        {
            "from": [7,0,7],
            "to": [9,9,9],
            "faces": {
                "up": {
                    "uv": [7,15,8,16],
                    "texture": "#0"
                },
                "down": {
                    "uv": [8,15,9,16],
                    "texture": "#0"
                },
                "west": {
                    "uv": [8,7,9,16],
                    "texture": "#0"
                },
                "east": {
                    "uv": [8,7,9,16],
                    "texture": "#0"
                },
                "north": {
                    "uv": [8,7,9,16],
                    "texture": "#0"
                },
                "south": {
                    "uv": [8,7,9,16],
                    "texture": "#0"
                }
            }
        },
        {
            "from": [8,6,10],
            "to": [10,7,12],
            "faces": {
                "up": {
                    "uv": [8,10,9,11],
                    "texture": "#0"
                },
                "down": {
                    "uv": [8,10,9,11],
                    "texture": "#0"
                },
                "west": {
                    "uv": [8,10,9,11],
                    "texture": "#0"
                },
                "east": {
                    "uv": [8,10,9,11],
                    "texture": "#0"
                },
                "north": {
                    "uv": [8,11,9,12],
                    "texture": "#0"
                },
                "south": {
                    "uv": [8,10,9,11],
                    "texture": "#0"
                }
            }
        },
        {
            "from": [8,6,9],
            "to": [9,7,10],
            "faces": {
                "up": {
                    "uv": [8,11,9,12],
                    "texture": "#0"
                },
                "down": {
                    "uv": [8,11,9,12],
                    "texture": "#0"
                },
                "west": {
                    "uv": [8,11,9,12],
                    "texture": "#0"
                },
                "east": {
                    "uv": [8,11,9,12],
                    "texture": "#0"
                },
                "north": {
                    "uv": [8,11,9,12],
                    "texture": "#0"
                },
                "south": {
                    "uv": [8,11,9,12],
                    "texture": "#0"
                }
            }
        },
        {
            "from": [6,0,7],
            "to": [7,2,8],
            "faces": {
                "up": {
                    "uv": [8,15,9,16],
                    "texture": "#0"
                },
                "down": {
                    "uv": [8,15,9,16],
                    "texture": "#0"
                },
                "west": {
                    "uv": [8,15,9,16],
                    "texture": "#0"
                },
                "north": {
                    "uv": [8,15,9,16],
                    "texture": "#0"
                },
                "south": {
                    "uv": [8,15,9,16],
                    "texture": "#0"
                }
            }
        },
        {
            "from": [6,5,4],
            "to": [8,6,6],
            "faces": {
                "up": {
                    "uv": [8,10,9,11],
                    "texture": "#0"
                },
                "down": {
                    "uv": [8,10,9,11],
                    "texture": "#0"
                },
                "west": {
                    "uv": [8,10,9,11],
                    "texture": "#0"
                },
                "east": {
                    "uv": [8,10,9,11],
                    "texture": "#0"
                },
                "north": {
                    "uv": [8,10,9,11],
                    "texture": "#0"
                },
                "south": {
                    "uv": [8,10,9,11],
                    "texture": "#0"
                }
            }
        },
        {
            "from": [7,5,6],
            "to": [8,6,7],
            "faces": {
                "up": {
                    "uv": [8,11,9,12],
                    "texture": "#0"
                },
                "down": {
                    "uv": [8,11,9,12],
                    "texture": "#0"
                },
                "west": {
                    "uv": [8,11,9,12],
                    "texture": "#0"
                },
                "east": {
                    "uv": [8,10,9,11],
                    "texture": "#0"
                },
                "north": {
                    "uv": [8,11,9,12],
                    "texture": "#0"
                },
                "south": {
                    "uv": [8,11,9,12],
                    "texture": "#0"
                }
            }
        },
        {
            "from": [10,4,6],
            "to": [12,5,8],
            "faces": {
                "up": {
                    "uv": [8,10,9,11],
                    "texture": "#0"
                },
                "down": {
                    "uv": [8,10,9,11],
                    "texture": "#0"
                },
                "west": {
                    "uv": [8,10,9,11],
                    "texture": "#0"
                },
                "east": {
                    "uv": [8,10,9,11],
                    "texture": "#0"
                },
                "north": {
                    "uv": [8,11,9,12],
                    "texture": "#0"
                },
                "south": {
                    "uv": [8,10,9,11],
                    "texture": "#0"
                }
            }
        },
        {
            "from": [9,4,7],
            "to": [10,5,8],
            "faces": {
                "up": {
                    "uv": [8,11,9,12],
                    "texture": "#0"
                },
                "down": {
                    "uv": [8,11,9,12],
                    "texture": "#0"
                },
                "west": {
                    "uv": [8,11,9,12],
                    "texture": "#0"
                },
                "east": {
                    "uv": [8,9,9,10],
                    "texture": "#0"
                },
                "north": {
                    "uv": [8,11,9,12],
                    "texture": "#0"
                },
                "south": {
                    "uv": [8,11,9,12],
                    "texture": "#0"
                }
            }
        },
        {
            "from": [4,3,8],
            "to": [6,4,10],
            "faces": {
                "up": {
                    "uv": [8,10,9,11],
                    "texture": "#0"
                },
                "down": {
                    "uv": [8,10,9,11],
                    "texture": "#0"
                },
                "west": {
                    "uv": [8,10,9,11],
                    "texture": "#0"
                },
                "east": {
                    "uv": [8,10,9,11],
                    "texture": "#0"
                },
                "north": {
                    "uv": [8,11,9,12],
                    "texture": "#0"
                },
                "south": {
                    "uv": [8,10,9,11],
                    "texture": "#0"
                }
            }
        },
        {
            "from": [6,3,8],
            "to": [7,4,9],
            "faces": {
                "up": {
                    "uv": [8,11,9,12],
                    "texture": "#0"
                },
                "down": {
                    "uv": [8,11,9,12],
                    "texture": "#0"
                },
                "west": {
                    "uv": [8,11,9,12],
                    "texture": "#0"
                },
                "east": {
                    "uv": [8,9,9,10],
                    "texture": "#0"
                },
                "north": {
                    "uv": [8,11,9,12],
                    "texture": "#0"
                },
                "south": {
                    "uv": [8,11,9,12],
                    "texture": "#0"
                }
            }
        },
        {
            "from": [7,0,9],
            "to": [8,2,10],
            "faces": {
                "up": {
                    "uv": [8,15,9,16],
                    "texture": "#0"
                },
                "down": {
                    "uv": [8,15,9,16],
                    "texture": "#0"
                },
                "west": {
                    "uv": [8,15,9,16],
                    "texture": "#0"
                },
                "east": {
                    "uv": [8,15,9,16],
                    "texture": "#0"
                },
                "south": {
                    "uv": [8,15,9,16],
                    "texture": "#0"
                }
            }
        },
        {
            "from": [9,0,8],
            "to": [10,2,9],
            "faces": {
                "up": {
                    "uv": [8,15,9,16],
                    "texture": "#0"
                },
                "down": {
                    "uv": [8,15,9,16],
                    "texture": "#0"
                },
                "east": {
                    "uv": [8,15,9,16],
                    "texture": "#0"
                },
                "north": {
                    "uv": [8,15,9,16],
                    "texture": "#0"
                },
                "south": {
                    "uv": [8,15,9,16],
                    "texture": "#0"
                }
            }
        },
        {
            "from": [8,0,6],
            "to": [9,2,7],
            "faces": {
                "up": {
                    "uv": [8,15,9,16],
                    "texture": "#0"
                },
                "down": {
                    "uv": [8,15,9,16],
                    "texture": "#0"
                },
                "west": {
                    "uv": [8,15,9,16],
                    "texture": "#0"
                },
                "east": {
                    "uv": [8,15,9,16],
                    "texture": "#0"
                },
                "north": {
                    "uv": [8,15,9,16],
                    "texture": "#0"
                }
            }
        }
    ]
}