{
    "__createdwith": "opl's Model Creator",
    "ambientocclusion": false,
    "textures": {
        "apple": "blocks/apple"
    },
    "elements": [
        {
            "from": [5,5,5],
            "to": [10,9,10],
            "faces": {
                "up": {
                    "uv": [7,8,9,10],
                    "texture": "#apple"
                },
                "down": {
                    "uv": [11,12,13,14],
                    "texture": "#apple"
                },
                "west": {
                    "uv": [4,8,9,14],
                    "texture": "#apple"
                },
                "east": {
                    "uv": [4,8,9,14],
                    "texture": "#apple"
                },
                "north": {
                    "uv": [4,8,9,14],
                    "texture": "#apple"
                },
                "south": {
                    "uv": [4,8,9,14],
                    "texture": "#apple"
                }
            }
        },
        {
            "from": [7,9,7],
            "to": [8,10,8],
            "faces": {
                "up": {
                    "uv": [7,2,8,3],
                    "texture": "#apple"
                },
                "down": {
                    "uv": [11,12,13,14],
                    "texture": "#apple"
                },
                "west": {
                    "uv": [7,3,8,4],
                    "texture": "#apple"
                },
                "east": {
                    "uv": [7,3,8,4],
                    "texture": "#apple"
                },
                "north": {
                    "uv": [7,3,8,4],
                    "texture": "#apple"
                },
                "south": {
                    "uv": [7,3,8,4],
                    "texture": "#apple"
                }
            }
        }
    ]
,
"display": {
    "thirdperson_righthand": {
        "rotation": [ 75, 45, 0 ],
        "translation": [ 0, 2.5, 0 ],
        "scale": [ 0.375, 0.375, 0.375 ]
    },
    "thirdperson_lefthand": {
        "rotation": [ 75, 45, 0 ],
        "translation": [ 0, 2.5, 0 ],
        "scale": [ 0.375, 0.375, 0.375 ]
    },
    "head": {
        "rotation": [ 0, 0, 0 ],
        "translation": [ 0, 0, 0 ],
        "scale": [ 1, 1, 1 ]
    },
    "ground": {
        "rotation": [ 0, 0, 0 ],
        "translation": [ 0, 3, 0 ],
        "scale": [ 0.25, 0.25, 0.25 ]
    },
    "fixed": {
        "rotation": [ 0, 0, 0 ],
        "translation": [ 0, 0, 0 ],
        "scale": [ 0.5, 0.5, 0.5 ]
    },
    "firstperson_righthand": {
        "rotation": [ 0, 45, 0 ],
        "translation": [ 0, 0, 0 ],
        "scale": [ 0.4, 0.4, 0.4 ]
    },
    "firstperson_lefthand": {
        "rotation": [ 0, 225, 0 ],
        "translation": [ 0, 0, 0 ],
        "scale": [ 0.4, 0.4, 0.4 ]
    },
    "gui": {
        "rotation": [ 30, 225, 0 ],
        "translation": [ 0, 0, 0 ],
        "scale": [ 0.625, 0.625, 0.625 ]
    }
}
}