{
    "__createdwith": "opl's Model Creator",
    "ambientocclusion": false,
    "textures": {
        "particle": "blocks/iron_bars",
        "bars": "blocks/iron_bars"
    },
    "elements": [
        {
            "from": [7,0,7],
            "to": [9,16,9],
            "faces": {
                "up": {
                    "texture": "#bars"
                },
                "down": {
                    "texture": "#bars"
                },
                "west": {
                    "uv": [9,0,7,16],
                    "texture": "#bars"
                },
                "east": {
                    "uv": [9,16,7,0],
                    "texture": "#bars"
                },
                "north": {
                    "uv": [7,16,9,0],
                    "texture": "#bars"
                },
                "south": {
                    "texture": "#bars"
                }
            }
        },
        {
            "from": [0,0,7],
            "to": [1,16,9],
            "faces": {
                "up": {
                    "texture": "#bars"
                },
                "down": {
                    "texture": "#bars"
                },
                "west": {
                    "uv": [9,0,7,16],
                    "texture": "#bars"
                },
                "east": {
                    "uv": [9,16,7,0],
                    "texture": "#bars"
                },
                "north": {
                    "uv": [15,16,16,0],
                    "texture": "#bars"
                },
                "south": {
                    "texture": "#bars"
                }
            }
        },
        {
            "from": [7,0,0],
            "to": [9,16,1],
            "faces": {
                "up": {
                    "uv": [7,15,9,16],
                    "texture": "#bars"
                },
                "down": {
                    "uv": [7,15,9,16],
                    "texture": "#bars"
                },
                "west": {
                    "uv": [1,0,0,16],
                    "texture": "#bars"
                },
                "east": {
                    "uv": [16,16,15,0],
                    "texture": "#bars"
                },
                "north": {
                    "uv": [7,16,9,0],
                    "texture": "#bars"
                },
                "south": {
                    "uv": [7,0,9,16],
                    "texture": "#bars"
                }
            }
        },
        {
            "from": [1,15,7],
            "to": [7,16,9],
            "faces": {
                "up": {
                    "uv": [1,1,7,0],
                    "texture": "#bars"
                },
                "down": {
                    "uv": [7,1,1,0],
                    "texture": "#bars"
                },
                "west": {
                    "uv": [2,7,4,9],
                    "texture": "#bars"
                },
                "north": {
                    "uv": [1,1,7,0],
                    "texture": "#bars"
                },
                "south": {
                    "texture": "#bars"
                }
            }
        },
        {
            "from": [1,13,7],
            "to": [7,14,9],
            "faces": {
                "up": {
                    "uv": [1,3,7,2],
                    "texture": "#bars"
                },
                "down": {
                    "uv": [7,3,1,2],
                    "texture": "#bars"
                },
                "north": {
                    "uv": [1,3,7,2],
                    "texture": "#bars"
                },
                "south": {
                    "texture": "#bars"
                }
            }
        },
        {
            "from": [7,15,1],
            "to": [9,16,7],
            "faces": {
                "up": {
                    "uv": [1,0,7,1],
                    "texture": "#bars",
                    "rotation": 90
                },
                "down": {
                    "uv": [7,1,1,0],
                    "texture": "#bars",
                    "rotation": 90
                },
                "west": {
                    "uv": [1,1,7,0],
                    "texture": "#bars"
                },
                "east": {
                    "uv": [7,0,1,1],
                    "texture": "#bars"
                },
                "north": {
                    "uv": [2,7,4,9],
                    "texture": "#bars"
                }
            }
        },
        {
            "from": [7,13,1],
            "to": [9,14,7],
            "faces": {
                "up": {
                    "uv": [1,2,7,3],
                    "texture": "#bars",
                    "rotation": 90
                },
                "down": {
                    "uv": [7,3,1,2],
                    "texture": "#bars",
                    "rotation": 90
                },
                "west": {
                    "uv": [1,3,7,2],
                    "texture": "#bars"
                },
                "east": {
                    "uv": [7,2,1,3],
                    "texture": "#bars"
                }
            }
        },
        {
            "from": [7,0,1],
            "to": [9,1,7],
            "faces": {
                "up": {
                    "uv": [1,0,7,1],
                    "texture": "#bars",
                    "rotation": 90
                },
                "down": {
                    "uv": [7,1,1,0],
                    "texture": "#bars",
                    "rotation": 90
                },
                "west": {
                    "uv": [1,1,7,0],
                    "texture": "#bars"
                },
                "east": {
                    "uv": [7,0,1,1],
                    "texture": "#bars"
                },
                "north": {
                    "uv": [2,7,4,9],
                    "texture": "#bars"
                }
            }
        },
        {
            "from": [7,2,1],
            "to": [9,3,7],
            "faces": {
                "up": {
                    "uv": [1,2,7,3],
                    "texture": "#bars",
                    "rotation": 90
                },
                "down": {
                    "uv": [7,3,1,2],
                    "texture": "#bars",
                    "rotation": 90
                },
                "west": {
                    "uv": [1,3,7,2],
                    "texture": "#bars"
                },
                "east": {
                    "uv": [7,2,1,3],
                    "texture": "#bars"
                }
            }
        },
        {
            "from": [1,0,7],
            "to": [7,1,9],
            "faces": {
                "up": {
                    "uv": [1,1,7,0],
                    "texture": "#bars"
                },
                "down": {
                    "uv": [7,1,1,0],
                    "texture": "#bars"
                },
                "west": {
                    "uv": [2,7,4,9],
                    "texture": "#bars"
                },
                "north": {
                    "uv": [1,1,7,0],
                    "texture": "#bars"
                },
                "south": {
                    "texture": "#bars"
                }
            }
        },
        {
            "from": [1,2,7],
            "to": [7,3,9],
            "faces": {
                "up": {
                    "uv": [1,3,7,2],
                    "texture": "#bars"
                },
                "down": {
                    "uv": [7,3,1,2],
                    "texture": "#bars"
                },
                "north": {
                    "uv": [1,3,7,2],
                    "texture": "#bars"
                },
                "south": {
                    "texture": "#bars"
                }
            }
        }
    ]
}