{
    "__createdwith": "opl's Model Creator",
    "ambientocclusion": false,
    "textures": {
        "particle": "blocks/iron_bars",
        "bars": "blocks/iron_bars"
    },
    "elements": [
        {
            "from": [7,0,7],
            "to": [9,16,9],
            "faces": {
                "up": {
                    "texture": "#bars"
                },
                "down": {
                    "texture": "#bars"
                },
                "west": {
                    "uv": [9,0,7,16],
                    "texture": "#bars"
                },
                "east": {
                    "uv": [9,16,7,0],
                    "texture": "#bars"
                },
                "north": {
                    "uv": [7,16,9,0],
                    "texture": "#bars"
                },
                "south": {
                    "texture": "#bars"
                }
            }
        },
        {
            "from": [7,0,15],
            "to": [9,16,16],
            "faces": {
                "up": {
                    "uv": [7,0,9,1],
                    "texture": "#bars"
                },
                "down": {
                    "uv": [7,15,9,16],
                    "texture": "#bars"
                },
                "west": {
                    "uv": [16,0,15,16],
                    "texture": "#bars"
                },
                "east": {
                    "uv": [1,16,0,0],
                    "texture": "#bars"
                },
                "north": {
                    "uv": [7,16,9,0],
                    "texture": "#bars"
                },
                "south": {
                    "uv": [7,0,9,16],
                    "texture": "#bars"
                }
            }
        },
        {
            "from": [7,2,9],
            "to": [9,3,15],
            "faces": {
                "up": {
                    "uv": [9,13,15,14],
                    "texture": "#bars",
                    "rotation": 90
                },
                "down": {
                    "uv": [15,14,9,13],
                    "texture": "#bars",
                    "rotation": 90
                },
                "west": {
                    "uv": [9,14,15,13],
                    "texture": "#bars"
                },
                "east": {
                    "uv": [15,13,9,14],
                    "texture": "#bars"
                }
            }
        },
        {
            "from": [7,15,9],
            "to": [9,16,15],
            "faces": {
                "up": {
                    "uv": [9,0,15,1],
                    "texture": "#bars",
                    "rotation": 90
                },
                "down": {
                    "uv": [15,1,9,0],
                    "texture": "#bars",
                    "rotation": 90
                },
                "west": {
                    "uv": [9,1,15,0],
                    "texture": "#bars"
                },
                "east": {
                    "uv": [15,0,9,1],
                    "texture": "#bars"
                },
                "south": {
                    "uv": [12,7,14,9],
                    "texture": "#bars"
                }
            }
        },
        {
            "from": [7,0,9],
            "to": [9,1,15],
            "faces": {
                "up": {
                    "uv": [9,0,15,1],
                    "texture": "#bars",
                    "rotation": 90
                },
                "down": {
                    "uv": [15,1,9,0],
                    "texture": "#bars",
                    "rotation": 90
                },
                "west": {
                    "uv": [9,1,15,0],
                    "texture": "#bars"
                },
                "east": {
                    "uv": [15,0,9,1],
                    "texture": "#bars"
                },
                "south": {
                    "uv": [12,7,14,9],
                    "texture": "#bars"
                }
            }
        },
        {
            "from": [7,13,9],
            "to": [9,14,15],
            "faces": {
                "up": {
                    "uv": [9,13,15,14],
                    "texture": "#bars",
                    "rotation": 90
                },
                "down": {
                    "uv": [15,14,9,13],
                    "texture": "#bars",
                    "rotation": 90
                },
                "west": {
                    "uv": [9,14,15,13],
                    "texture": "#bars"
                },
                "east": {
                    "uv": [15,13,9,14],
                    "texture": "#bars"
                }
            }
        }
    ]
}