{
	"credit": "Made with Blockbench",
	"ambientocclusion": false,
	"textures": {
		"0": "blocks/door_birch_upper",
		"particle": "blocks/door_birch_upper"
	},
	"elements": [
		{
			"from": [0, 13, 3],
			"to": [3, 16, 13],
			"faces": {
				"east": {"uv": [3, 0, 13, 3], "texture": "#0"},
				"west": {"uv": [3, 0, 13, 3], "texture": "#0"},
				"up": {"uv": [3, 0, 13, 1], "texture": "#0"},
				"down": {"uv": [8, 15, 10, 16], "texture": "#0"}
			}
		},
		{
			"from": [0, 0, 0],
			"to": [3, 16, 3],
			"faces": {
				"north": {"uv": [15, 0, 16, 16], "texture": "#0"},
				"east": {"uv": [13, 0, 16, 16], "texture": "#0"},
				"south": {"uv": [2, 0, 3, 16], "texture": "#0"},
				"west": {"uv": [16, 0, 13, 16], "texture": "#0"},
				"up": {"uv": [0, 0, 1, 1], "texture": "#0"}
			}
		},
		{
			"from": [0, 0, 13],
			"to": [3, 16, 16],
			"faces": {
				"north": {"uv": [13, 0, 14, 16], "texture": "#0"},
				"east": {"uv": [0, 0, 3, 16], "texture": "#0"},
				"south": {"uv": [0, 0, 1, 16], "texture": "#0"},
				"west": {"uv": [3, 0, 0, 16], "texture": "#0"},
				"up": {"uv": [0, 0, 3, 1], "texture": "#0"}
			}
		},
		{
			"from": [1, 11, 3],
			"to": [2, 12, 13],
			"faces": {
				"east": {"uv": [3, 14, 13, 15], "texture": "#0"},
				"west": {"uv": [3, 14, 13, 15], "texture": "#0"},
				"up": {"uv": [2, 14, 14, 15], "texture": "#0"},
				"down": {"uv": [3, 15, 13, 16], "texture": "#0"}
			}
		},
		{
			"from": [1, 9, 3],
			"to": [2, 10, 13],
			"faces": {
				"east": {"uv": [3, 14, 13, 15], "texture": "#0"},
				"west": {"uv": [3, 14, 13, 15], "texture": "#0"},
				"up": {"uv": [2, 14, 14, 15], "texture": "#0"},
				"down": {"uv": [3, 15, 13, 16], "texture": "#0"}
			}
		},
		{
			"from": [1, 7, 3],
			"to": [2, 8, 13],
			"faces": {
				"east": {"uv": [3, 14, 13, 15], "texture": "#0"},
				"west": {"uv": [3, 14, 13, 15], "texture": "#0"},
				"up": {"uv": [2, 14, 14, 15], "texture": "#0"},
				"down": {"uv": [3, 15, 13, 16], "texture": "#0"}
			}
		},
		{
			"from": [1, 5, 3],
			"to": [2, 6, 13],
			"faces": {
				"east": {"uv": [3, 14, 13, 15], "texture": "#0"},
				"west": {"uv": [3, 14, 13, 15], "texture": "#0"},
				"up": {"uv": [2, 14, 14, 15], "texture": "#0"},
				"down": {"uv": [3, 15, 13, 16], "texture": "#0"}
			}
		},
		{
			"from": [1, 3, 3],
			"to": [2, 4, 13],
			"faces": {
				"east": {"uv": [3, 14, 13, 15], "texture": "#0"},
				"west": {"uv": [3, 14, 13, 15], "texture": "#0"},
				"up": {"uv": [2, 14, 14, 15], "texture": "#0"},
				"down": {"uv": [3, 15, 13, 16], "texture": "#0"}
			}
		},
		{
			"from": [0, 0, 3],
			"to": [3, 3, 13],
			"faces": {
				"east": {"uv": [3, 13, 13, 16], "texture": "#0"},
				"west": {"uv": [3, 13, 13, 16], "texture": "#0"},
				"up": {"uv": [6, 13, 10, 14], "texture": "#0"},
				"down": {"uv": [8, 15, 10, 16], "texture": "#0"}
			}
		}
	]
}