{
    "__createdwith": "opl's Model Creator",
    "ambientocclusion": false,
    "textures": {
        "Glass": "blocks/glass_white",
        "particle": "blocks/brewing_stand",
        "stand": "blocks/brewing_stand"
    },
    "elements": [
        {
            "from": [11,2,6],
            "to": [15,7,10],
            "faces": {
                "up": {
                    "uv": [2,10,3,11],
                    "texture": "#stand"
                },
                "down": {
                    "uv": [2,12,3,13],
                    "texture": "#stand"
                },
                "west": {
                    "uv": [2,10,3,13],
                    "texture": "#stand"
                },
                "east": {
                    "uv": [2,10,3,13],
                    "texture": "#stand"
                },
                "north": {
                    "uv": [2,10,3,13],
                    "texture": "#stand"
                },
                "south": {
                    "uv": [2,10,3,13],
                    "texture": "#stand"
                }
            }
        },
        {
            "from": [12,9,7],
            "to": [14,10,9],
            "faces": {
                "up": {
                    "uv": [5,7,6,8],
                    "texture": "#stand"
                },
                "down": {
                    "uv": [5,7,6,8],
                    "texture": "#stand"
                },
                "west": {
                    "uv": [5,7,6,8],
                    "texture": "#stand"
                },
                "east": {
                    "uv": [5,7,6,8],
                    "texture": "#stand"
                },
                "north": {
                    "uv": [5,7,6,8],
                    "texture": "#stand"
                },
                "south": {
                    "uv": [5,7,6,8],
                    "texture": "#stand"
                }
            }
        },
        {
            "from": [12,7,7],
            "to": [14,9,9],
            "faces": {
                "up": {
                    "uv": [4,13,5,14],
                    "texture": "#stand"
                },
                "down": {
                    "uv": [4,13,5,14],
                    "texture": "#stand"
                },
                "west": {
                    "uv": [2,8,3,10],
                    "texture": "#stand"
                },
                "east": {
                    "uv": [2,8,3,10],
                    "texture": "#stand"
                },
                "north": {
                    "uv": [2,8,3,10],
                    "texture": "#stand"
                },
                "south": {
                    "uv": [2,8,3,10],
                    "texture": "#stand"
                }
            }
        },
        {
            "from": [11,8,6],
            "to": [15,9,10],
            "faces": {
                "up": {
                    "uv": [6,3,7,4],
                    "texture": "#stand"
                },
                "down": {
                    "uv": [9,6,10,7],
                    "texture": "#stand"
                },
                "west": {
                    "uv": [9,4,10,10],
                    "texture": "#stand"
                },
                "east": {
                    "uv": [9,4,10,7],
                    "texture": "#stand"
                },
                "north": {
                    "uv": [9,5,10,11],
                    "texture": "#stand"
                },
                "south": {
                    "uv": [9,4,10,10],
                    "texture": "#stand"
                }
            }
        }
    ]
}