{
    "__createdwith": "opl's Model Creator",
    "ambientocclusion": false,
    "textures": {
        "0": "blocks/log_big_oak",
        "1": "blocks/sapling_roofed_oak",
        "particle": "blocks/sapling_roofed_oak"
    },
    "elements": [
        {
            "from": [6,0,6],
            "to": [10,10,10],
            "faces": {
                "down": {
                    "uv": [7,8,8,9],
                    "texture": "#0"
                },
                "west": {
                    "uv": [0,0,6,16],
                    "texture": "#0"
                },
                "east": {
                    "uv": [3,0,9,16],
                    "texture": "#0"
                },
                "north": {
                    "uv": [8,0,14,16],
                    "texture": "#0"
                },
                "south": {
                    "uv": [5,0,11,16],
                    "texture": "#0"
                }
            }
        },
        {
            "from": [6,5,10],
            "to": [10,10,11],
            "faces": {
                "down": {
                    "uv": [7,8,8,9],
                    "texture": "#0"
                },
                "west": {
                    "uv": [2,6,5,15],
                    "texture": "#0"
                },
                "east": {
                    "uv": [3,5,5,12],
                    "texture": "#0"
                },
                "north": {
                    "uv": [8,0,14,16],
                    "texture": "#0"
                },
                "south": {
                    "uv": [9,0,13,7],
                    "texture": "#0"
                }
            }
        },
        {
            "from": [10,4,6],
            "to": [11,10,10],
            "faces": {
                "down": {
                    "uv": [9,8,10,9],
                    "texture": "#0"
                },
                "west": {
                    "uv": [5,2,7,9],
                    "texture": "#0"
                },
                "east": {
                    "uv": [3,3,7,12],
                    "texture": "#0"
                },
                "north": {
                    "uv": [3,8,5,15],
                    "texture": "#0"
                },
                "south": {
                    "uv": [3,8,5,15],
                    "texture": "#0"
                }
            }
        },
        {
            "from": [5,6,6],
            "to": [6,10,10],
            "faces": {
                "down": {
                    "uv": [6,8,7,9],
                    "texture": "#0"
                },
                "west": {
                    "uv": [3,8,7,15],
                    "texture": "#0"
                },
                "east": {
                    "uv": [10,8,12,15],
                    "texture": "#0"
                },
                "north": {
                    "uv": [2,6,6,14],
                    "texture": "#0"
                },
                "south": {
                    "uv": [8,8,10,15],
                    "texture": "#0"
                }
            }
        },
        {
            "from": [6,5,5],
            "to": [10,10,6],
            "faces": {
                "down": {
                    "uv": [7,6,8,7],
                    "texture": "#0"
                },
                "west": {
                    "uv": [5,2,7,9],
                    "texture": "#0"
                },
                "east": {
                    "uv": [10,8,12,15],
                    "texture": "#0"
                },
                "north": {
                    "uv": [8,0,14,16],
                    "texture": "#0"
                },
                "south": {
                    "uv": [8,8,10,15],
                    "texture": "#0"
                }
            }
        },
        {
            "from": [3,10,4],
            "to": [12,13,13],
            "faces": {
                "up": {
                    "uv": [4,4,8,8],
                    "texture": "#1"
                },
                "down": {
                    "uv": [4,4,6,6],
                    "texture": "#1"
                },
                "west": {
                    "uv": [4,4,8,6],
                    "texture": "#1"
                },
                "east": {
                    "uv": [4,4,8,6],
                    "texture": "#1"
                },
                "north": {
                    "uv": [4,6,8,8],
                    "texture": "#1"
                },
                "south": {
                    "uv": [4,6,8,8],
                    "texture": "#1"
                }
            }
        }
    ]
}