{
    "__createdwith": "opl's Model Creator",
    "ambientocclusion": false,
    "textures": {
        "0": "blocks/double_plant_paeonia_bottom",
        "particle": "blocks/double_plant_paeonia_bottom"
    },
    "elements": [
        {
            "from": [3,0,5],
            "to": [5,16,7],
            "faces": {
                "down": {
                    "uv": [3,15,4,16],
                    "texture": "#0"
                },
                "west": {
                    "uv": [7,6,9,16],
                    "texture": "#0"
                },
                "east": {
                    "uv": [10,6,12,16],
                    "texture": "#0"
                },
                "north": {
                    "uv": [4,5,6,16],
                    "texture": "#0"
                },
                "south": {
                    "uv": [4,5,6,16],
                    "texture": "#0"
                }
            }
        },
        {
            "from": [1,14,1],
            "to": [4,15,4],
            "faces": {
                "up": {
                    "uv": [10,11,11,12],
                    "texture": "#0"
                },
                "down": {
                    "uv": [10,11,11,12],
                    "texture": "#0"
                },
                "west": {
                    "uv": [10,11,11,12],
                    "texture": "#0"
                },
                "east": {
                    "uv": [10,11,11,12],
                    "texture": "#0"
                },
                "north": {
                    "uv": [10,11,11,12],
                    "texture": "#0"
                },
                "south": {
                    "uv": [10,11,11,12],
                    "texture": "#0"
                }
            }
        },
        {
            "from": [-1,10,6],
            "to": [2,11,9],
            "faces": {
                "up": {
                    "uv": [10,11,11,12],
                    "texture": "#0"
                },
                "down": {
                    "uv": [10,11,11,12],
                    "texture": "#0"
                },
                "west": {
                    "uv": [10,11,11,12],
                    "texture": "#0"
                },
                "east": {
                    "uv": [10,11,11,12],
                    "texture": "#0"
                },
                "north": {
                    "uv": [10,11,11,12],
                    "texture": "#0"
                },
                "south": {
                    "uv": [10,11,11,12],
                    "texture": "#0"
                }
            }
        },
        {
            "from": [7,5,-1],
            "to": [10,6,2],
            "faces": {
                "up": {
                    "uv": [10,11,11,12],
                    "texture": "#0"
                },
                "down": {
                    "uv": [10,11,11,12],
                    "texture": "#0"
                },
                "west": {
                    "uv": [10,11,11,12],
                    "texture": "#0"
                },
                "east": {
                    "uv": [10,11,11,12],
                    "texture": "#0"
                },
                "north": {
                    "uv": [10,11,11,12],
                    "texture": "#0"
                },
                "south": {
                    "uv": [10,11,11,12],
                    "texture": "#0"
                }
            }
        },
        {
            "from": [12,9,1],
            "to": [15,10,4],
            "faces": {
                "up": {
                    "uv": [10,11,11,12],
                    "texture": "#0"
                },
                "down": {
                    "uv": [10,11,11,12],
                    "texture": "#0"
                },
                "west": {
                    "uv": [10,11,11,12],
                    "texture": "#0"
                },
                "east": {
                    "uv": [10,11,11,12],
                    "texture": "#0"
                },
                "north": {
                    "uv": [10,11,11,12],
                    "texture": "#0"
                },
                "south": {
                    "uv": [10,11,11,12],
                    "texture": "#0"
                }
            }
        },
        {
            "from": [12,13,5],
            "to": [15,14,8],
            "faces": {
                "up": {
                    "uv": [10,11,11,12],
                    "texture": "#0"
                },
                "down": {
                    "uv": [10,11,11,12],
                    "texture": "#0"
                },
                "west": {
                    "uv": [10,11,11,12],
                    "texture": "#0"
                },
                "east": {
                    "uv": [10,11,11,12],
                    "texture": "#0"
                },
                "north": {
                    "uv": [10,11,11,12],
                    "texture": "#0"
                },
                "south": {
                    "uv": [10,11,11,12],
                    "texture": "#0"
                }
            }
        },
        {
            "from": [9,0,3],
            "to": [11,16,5],
            "faces": {
                "down": {
                    "uv": [3,15,4,16],
                    "texture": "#0"
                },
                "west": {
                    "uv": [4,5,6,16],
                    "texture": "#0"
                },
                "east": {
                    "uv": [4,5,6,16],
                    "texture": "#0"
                },
                "north": {
                    "uv": [10,6,12,16],
                    "texture": "#0"
                },
                "south": {
                    "uv": [10,6,12,16],
                    "texture": "#0"
                }
            }
        },
        {
            "from": [11,0,9],
            "to": [13,16,11],
            "faces": {
                "down": {
                    "uv": [3,15,4,16],
                    "texture": "#0"
                },
                "west": {
                    "uv": [10,6,12,16],
                    "texture": "#0"
                },
                "east": {
                    "uv": [10,6,12,16],
                    "texture": "#0"
                },
                "north": {
                    "uv": [7,6,9,16],
                    "texture": "#0"
                },
                "south": {
                    "uv": [10,6,12,16],
                    "texture": "#0"
                }
            }
        },
        {
            "from": [7,8,7],
            "to": [10,9,10],
            "faces": {
                "up": {
                    "uv": [10,11,11,12],
                    "texture": "#0"
                },
                "down": {
                    "uv": [10,11,11,12],
                    "texture": "#0"
                },
                "west": {
                    "uv": [10,11,11,12],
                    "texture": "#0"
                },
                "east": {
                    "uv": [10,11,11,12],
                    "texture": "#0"
                },
                "north": {
                    "uv": [10,11,11,12],
                    "texture": "#0"
                },
                "south": {
                    "uv": [10,11,11,12],
                    "texture": "#0"
                }
            }
        },
        {
            "from": [9,4,12],
            "to": [12,5,15],
            "faces": {
                "up": {
                    "uv": [10,11,11,12],
                    "texture": "#0"
                },
                "down": {
                    "uv": [10,11,11,12],
                    "texture": "#0"
                },
                "west": {
                    "uv": [10,11,11,12],
                    "texture": "#0"
                },
                "east": {
                    "uv": [10,11,11,12],
                    "texture": "#0"
                },
                "north": {
                    "uv": [10,11,11,12],
                    "texture": "#0"
                },
                "south": {
                    "uv": [10,11,11,12],
                    "texture": "#0"
                }
            }
        },
        {
            "from": [1,5,12],
            "to": [4,6,15],
            "faces": {
                "up": {
                    "uv": [10,11,11,12],
                    "texture": "#0"
                },
                "down": {
                    "uv": [10,11,11,12],
                    "texture": "#0"
                },
                "west": {
                    "uv": [10,11,11,12],
                    "texture": "#0"
                },
                "east": {
                    "uv": [10,11,11,12],
                    "texture": "#0"
                },
                "north": {
                    "uv": [10,11,11,12],
                    "texture": "#0"
                },
                "south": {
                    "uv": [10,11,11,12],
                    "texture": "#0"
                }
            }
        },
        {
            "from": [5,0,11],
            "to": [7,10,13],
            "faces": {
                "down": {
                    "uv": [3,15,4,16],
                    "texture": "#0"
                },
                "west": {
                    "uv": [10,6,12,16],
                    "texture": "#0"
                },
                "east": {
                    "uv": [10,6,12,16],
                    "texture": "#0"
                },
                "north": {
                    "uv": [7,6,9,16],
                    "texture": "#0"
                },
                "south": {
                    "uv": [10,6,12,16],
                    "texture": "#0"
                }
            }
        },
        {
            "from": [4,9,10],
            "to": [8,10,14],
            "faces": {
                "up": {
                    "uv": [6,0,7,1],
                    "texture": "#0"
                },
                "down": {
                    "uv": [8,12,9,13],
                    "texture": "#0"
                },
                "west": {
                    "uv": [11,8,12,9],
                    "texture": "#0"
                },
                "east": {
                    "uv": [11,8,12,9],
                    "texture": "#0"
                },
                "north": {
                    "uv": [11,8,12,9],
                    "texture": "#0"
                },
                "south": {
                    "uv": [11,10,12,11],
                    "texture": "#0"
                }
            }
        },
        {
            "from": [4,10,13],
            "to": [5,12,14],
            "faces": {
                "up": {
                    "uv": [8,3,9,4],
                    "texture": "#0"
                },
                "down": {
                    "uv": [7,2,8,3],
                    "texture": "#0"
                },
                "west": {
                    "uv": [8,3,9,4],
                    "texture": "#0"
                },
                "east": {
                    "uv": [6,3,7,6],
                    "texture": "#0"
                },
                "north": {
                    "uv": [6,3,7,6],
                    "texture": "#0"
                },
                "south": {
                    "uv": [8,3,9,4],
                    "texture": "#0"
                }
            }
        },
        {
            "from": [5,10,14],
            "to": [7,11,15],
            "faces": {
                "up": {
                    "uv": [8,3,9,4],
                    "texture": "#0"
                },
                "down": {
                    "uv": [8,3,9,4],
                    "texture": "#0"
                },
                "west": {
                    "uv": [8,3,9,4],
                    "texture": "#0"
                },
                "east": {
                    "uv": [8,3,9,4],
                    "texture": "#0"
                },
                "north": {
                    "uv": [8,3,9,6],
                    "texture": "#0"
                },
                "south": {
                    "uv": [8,2,9,3],
                    "texture": "#0"
                }
            }
        },
        {
            "from": [3,10,11],
            "to": [4,11,13],
            "faces": {
                "up": {
                    "uv": [8,3,9,4],
                    "texture": "#0"
                },
                "down": {
                    "uv": [8,3,9,4],
                    "texture": "#0"
                },
                "west": {
                    "uv": [8,3,9,4],
                    "texture": "#0"
                },
                "east": {
                    "uv": [8,3,10,5],
                    "texture": "#0"
                },
                "north": {
                    "uv": [8,3,9,4],
                    "texture": "#0"
                },
                "south": {
                    "uv": [8,3,9,4],
                    "texture": "#0"
                }
            }
        },
        {
            "from": [4,10,11],
            "to": [5,13,13],
            "faces": {
                "up": {
                    "uv": [10,4,11,5],
                    "texture": "#0"
                },
                "down": {
                    "uv": [8,3,10,5],
                    "texture": "#0"
                },
                "west": {
                    "uv": [6,4,8,6],
                    "texture": "#0"
                },
                "east": {
                    "uv": [6,4,8,6],
                    "texture": "#0"
                },
                "north": {
                    "uv": [6,4,8,6],
                    "texture": "#0"
                },
                "south": {
                    "uv": [6,4,8,6],
                    "texture": "#0"
                }
            }
        },
        {
            "from": [4,10,10],
            "to": [5,12,11],
            "faces": {
                "up": {
                    "uv": [8,3,9,4],
                    "texture": "#0"
                },
                "down": {
                    "uv": [7,2,8,3],
                    "texture": "#0"
                },
                "west": {
                    "uv": [8,4,9,5],
                    "texture": "#0"
                },
                "east": {
                    "uv": [6,3,7,6],
                    "texture": "#0"
                },
                "north": {
                    "uv": [8,3,9,4],
                    "texture": "#0"
                },
                "south": {
                    "uv": [6,3,7,6],
                    "texture": "#0"
                }
            }
        },
        {
            "from": [5,10,13],
            "to": [7,13,14],
            "faces": {
                "up": {
                    "uv": [7,4,8,5],
                    "texture": "#0"
                },
                "down": {
                    "uv": [8,3,10,5],
                    "texture": "#0"
                },
                "west": {
                    "uv": [6,4,8,6],
                    "texture": "#0"
                },
                "east": {
                    "uv": [6,4,8,6],
                    "texture": "#0"
                },
                "north": {
                    "uv": [9,4,11,6],
                    "texture": "#0"
                },
                "south": {
                    "uv": [6,4,8,6],
                    "texture": "#0"
                }
            }
        },
        {
            "from": [5,10,10],
            "to": [7,13,11],
            "faces": {
                "up": {
                    "uv": [9,4,10,5],
                    "texture": "#0"
                },
                "down": {
                    "uv": [8,3,10,5],
                    "texture": "#0"
                },
                "west": {
                    "uv": [6,4,8,6],
                    "texture": "#0"
                },
                "east": {
                    "uv": [6,4,8,6],
                    "texture": "#0"
                },
                "north": {
                    "uv": [7,4,8,6],
                    "texture": "#0"
                },
                "south": {
                    "uv": [7,4,8,6],
                    "texture": "#0"
                }
            }
        },
        {
            "from": [7,10,11],
            "to": [8,13,13],
            "faces": {
                "up": {
                    "uv": [7,4,8,5],
                    "texture": "#0"
                },
                "down": {
                    "uv": [8,3,10,5],
                    "texture": "#0"
                },
                "west": {
                    "uv": [6,4,8,6],
                    "texture": "#0"
                },
                "east": {
                    "uv": [6,4,8,6],
                    "texture": "#0"
                },
                "north": {
                    "uv": [6,4,8,6],
                    "texture": "#0"
                },
                "south": {
                    "uv": [6,4,8,6],
                    "texture": "#0"
                }
            }
        },
        {
            "from": [5,9,11],
            "to": [7,12,13],
            "faces": {
                "up": {
                    "uv": [6,1,8,3],
                    "texture": "#0"
                },
                "down": {
                    "uv": [8,5,9,6],
                    "texture": "#0"
                },
                "west": {
                    "uv": [5,0,7,2],
                    "texture": "#0"
                },
                "east": {
                    "uv": [6,0,7,1],
                    "texture": "#0"
                },
                "north": {
                    "uv": [5,0,7,2],
                    "texture": "#0"
                },
                "south": {
                    "uv": [5,0,7,2],
                    "texture": "#0"
                }
            }
        },
        {
            "from": [7,10,13],
            "to": [8,12,14],
            "faces": {
                "up": {
                    "uv": [8,3,9,4],
                    "texture": "#0"
                },
                "down": {
                    "uv": [7,2,8,3],
                    "texture": "#0"
                },
                "west": {
                    "uv": [8,3,9,6],
                    "texture": "#0"
                },
                "east": {
                    "uv": [8,3,9,4],
                    "texture": "#0"
                },
                "north": {
                    "uv": [8,3,9,6],
                    "texture": "#0"
                },
                "south": {
                    "uv": [8,2,9,4],
                    "texture": "#0"
                }
            }
        },
        {
            "from": [8,10,11],
            "to": [9,11,13],
            "faces": {
                "up": {
                    "uv": [8,3,9,4],
                    "texture": "#0"
                },
                "down": {
                    "uv": [8,3,9,4],
                    "texture": "#0"
                },
                "west": {
                    "uv": [8,3,10,5],
                    "texture": "#0"
                },
                "east": {
                    "uv": [8,3,9,4],
                    "texture": "#0"
                },
                "north": {
                    "uv": [8,3,9,4],
                    "texture": "#0"
                },
                "south": {
                    "uv": [8,3,9,4],
                    "texture": "#0"
                }
            }
        },
        {
            "from": [7,10,10],
            "to": [8,12,11],
            "faces": {
                "up": {
                    "uv": [8,3,9,4],
                    "texture": "#0"
                },
                "down": {
                    "uv": [7,2,8,3],
                    "texture": "#0"
                },
                "west": {
                    "uv": [8,3,9,6],
                    "texture": "#0"
                },
                "east": {
                    "uv": [8,2,9,3],
                    "texture": "#0"
                },
                "north": {
                    "uv": [8,3,9,4],
                    "texture": "#0"
                },
                "south": {
                    "uv": [8,3,9,6],
                    "texture": "#0"
                }
            }
        },
        {
            "from": [5,10,9],
            "to": [7,11,10],
            "faces": {
                "up": {
                    "uv": [8,3,9,4],
                    "texture": "#0"
                },
                "down": {
                    "uv": [8,3,9,4],
                    "texture": "#0"
                },
                "west": {
                    "uv": [8,3,9,4],
                    "texture": "#0"
                },
                "east": {
                    "uv": [8,3,9,4],
                    "texture": "#0"
                },
                "north": {
                    "uv": [8,3,9,4],
                    "texture": "#0"
                },
                "south": {
                    "uv": [8,3,10,5],
                    "texture": "#0"
                }
            }
        }
    ]
}