{
    "__createdwith": "opl's Model Creator",
    "ambientocclusion": false,
    "textures": {
        "0": "blocks/double_plant_rose_top",
        "particle": "blocks/double_plant_rose_top"
    },
    "elements": [
        {
            "from": [3,0,5],
            "to": [5,10,7],
            "faces": {
                "west": {
                    "uv": [7,12,9,16],
                    "texture": "#0"
                },
                "east": {
                    "uv": [7,12,9,16],
                    "texture": "#0"
                },
                "north": {
                    "uv": [7,12,9,16],
                    "texture": "#0"
                },
                "south": {
                    "uv": [7,12,9,16],
                    "texture": "#0"
                }
            }
        },
        {
            "from": [11,0,9],
            "to": [13,6,11],
            "faces": {
                "west": {
                    "uv": [10,11,12,16],
                    "texture": "#0"
                },
                "east": {
                    "uv": [10,11,12,16],
                    "texture": "#0"
                },
                "north": {
                    "uv": [10,11,12,16],
                    "texture": "#0"
                },
                "south": {
                    "uv": [10,11,12,16],
                    "texture": "#0"
                }
            }
        },
        {
            "from": [11,6,9],
            "to": [13,9,11],
            "faces": {
                "up": {
                    "uv": [6,0,7,1],
                    "texture": "#0"
                },
                "down": {
                    "uv": [8,5,9,6],
                    "texture": "#0"
                },
                "west": {
                    "uv": [5,0,7,2],
                    "texture": "#0"
                },
                "east": {
                    "uv": [6,0,7,1],
                    "texture": "#0"
                },
                "north": {
                    "uv": [5,0,7,2],
                    "texture": "#0"
                },
                "south": {
                    "uv": [5,0,7,2],
                    "texture": "#0"
                }
            }
        },
        {
            "from": [11,7,11],
            "to": [13,10,12],
            "faces": {
                "up": {
                    "uv": [8,3,9,4],
                    "texture": "#0"
                },
                "down": {
                    "uv": [8,3,10,5],
                    "texture": "#0"
                },
                "west": {
                    "uv": [8,3,10,5],
                    "texture": "#0"
                },
                "east": {
                    "uv": [8,3,10,5],
                    "texture": "#0"
                },
                "north": {
                    "uv": [8,3,9,6],
                    "texture": "#0"
                },
                "south": {
                    "uv": [8,3,10,5],
                    "texture": "#0"
                }
            }
        },
        {
            "from": [10,7,11],
            "to": [11,9,12],
            "faces": {
                "up": {
                    "uv": [7,2,8,3],
                    "texture": "#0"
                },
                "down": {
                    "uv": [7,2,8,3],
                    "texture": "#0"
                },
                "west": {
                    "uv": [7,2,8,3],
                    "texture": "#0"
                },
                "east": {
                    "uv": [6,3,7,6],
                    "texture": "#0"
                },
                "north": {
                    "uv": [6,3,7,6],
                    "texture": "#0"
                },
                "south": {
                    "uv": [7,2,8,3],
                    "texture": "#0"
                }
            }
        },
        {
            "from": [10,7,9],
            "to": [11,10,11],
            "faces": {
                "up": {
                    "uv": [8,3,9,4],
                    "texture": "#0"
                },
                "down": {
                    "uv": [8,3,10,5],
                    "texture": "#0"
                },
                "west": {
                    "uv": [8,3,10,5],
                    "texture": "#0"
                },
                "east": {
                    "uv": [8,3,9,6],
                    "texture": "#0"
                },
                "north": {
                    "uv": [8,3,10,5],
                    "texture": "#0"
                },
                "south": {
                    "uv": [8,3,10,5],
                    "texture": "#0"
                }
            }
        },
        {
            "from": [10,7,8],
            "to": [11,9,9],
            "faces": {
                "up": {
                    "uv": [7,2,8,3],
                    "texture": "#0"
                },
                "down": {
                    "uv": [7,2,8,3],
                    "texture": "#0"
                },
                "west": {
                    "uv": [6,2,7,3],
                    "texture": "#0"
                },
                "east": {
                    "uv": [6,3,7,6],
                    "texture": "#0"
                },
                "north": {
                    "uv": [6,2,7,3],
                    "texture": "#0"
                },
                "south": {
                    "uv": [6,3,7,6],
                    "texture": "#0"
                }
            }
        },
        {
            "from": [11,7,8],
            "to": [13,10,9],
            "faces": {
                "up": {
                    "uv": [8,3,9,4],
                    "texture": "#0"
                },
                "down": {
                    "uv": [8,3,10,5],
                    "texture": "#0"
                },
                "west": {
                    "uv": [8,3,10,5],
                    "texture": "#0"
                },
                "east": {
                    "uv": [8,3,10,5],
                    "texture": "#0"
                },
                "north": {
                    "uv": [8,3,9,5],
                    "texture": "#0"
                },
                "south": {
                    "uv": [8,3,9,6],
                    "texture": "#0"
                }
            }
        },
        {
            "from": [13,7,8],
            "to": [14,9,9],
            "faces": {
                "up": {
                    "uv": [7,2,8,3],
                    "texture": "#0"
                },
                "down": {
                    "uv": [7,2,8,3],
                    "texture": "#0"
                },
                "west": {
                    "uv": [8,3,9,6],
                    "texture": "#0"
                },
                "east": {
                    "uv": [8,2,9,3],
                    "texture": "#0"
                },
                "north": {
                    "uv": [6,2,7,3],
                    "texture": "#0"
                },
                "south": {
                    "uv": [8,3,9,6],
                    "texture": "#0"
                }
            }
        },
        {
            "from": [13,7,11],
            "to": [14,9,12],
            "faces": {
                "up": {
                    "uv": [6,2,7,3],
                    "texture": "#0"
                },
                "down": {
                    "uv": [7,2,8,3],
                    "texture": "#0"
                },
                "west": {
                    "uv": [8,3,9,6],
                    "texture": "#0"
                },
                "east": {
                    "uv": [6,2,7,3],
                    "texture": "#0"
                },
                "north": {
                    "uv": [8,3,9,6],
                    "texture": "#0"
                },
                "south": {
                    "uv": [7,2,8,4],
                    "texture": "#0"
                }
            }
        },
        {
            "from": [13,7,9],
            "to": [14,10,11],
            "faces": {
                "up": {
                    "uv": [8,3,9,4],
                    "texture": "#0"
                },
                "down": {
                    "uv": [8,3,10,5],
                    "texture": "#0"
                },
                "west": {
                    "uv": [8,3,9,6],
                    "texture": "#0"
                },
                "east": {
                    "uv": [8,3,10,5],
                    "texture": "#0"
                },
                "north": {
                    "uv": [8,3,10,5],
                    "texture": "#0"
                },
                "south": {
                    "uv": [8,3,10,5],
                    "texture": "#0"
                }
            }
        },
        {
            "from": [10,6,8],
            "to": [14,7,12],
            "faces": {
                "up": {
                    "uv": [6,0,7,1],
                    "texture": "#0"
                },
                "down": {
                    "uv": [8,12,9,13],
                    "texture": "#0"
                },
                "west": {
                    "uv": [7,4,8,5],
                    "texture": "#0"
                },
                "east": {
                    "uv": [7,4,8,5],
                    "texture": "#0"
                },
                "north": {
                    "uv": [7,4,8,5],
                    "texture": "#0"
                },
                "south": {
                    "uv": [11,10,12,11],
                    "texture": "#0"
                }
            }
        },
        {
            "from": [11,7,12],
            "to": [13,8,13],
            "faces": {
                "up": {
                    "uv": [7,2,8,3],
                    "texture": "#0"
                },
                "down": {
                    "uv": [7,2,8,3],
                    "texture": "#0"
                },
                "west": {
                    "uv": [7,2,8,3],
                    "texture": "#0"
                },
                "east": {
                    "uv": [7,2,8,3],
                    "texture": "#0"
                },
                "north": {
                    "uv": [8,3,9,6],
                    "texture": "#0"
                },
                "south": {
                    "uv": [7,2,8,3],
                    "texture": "#0"
                }
            }
        },
        {
            "from": [9,7,9],
            "to": [10,8,11],
            "faces": {
                "up": {
                    "uv": [7,2,8,3],
                    "texture": "#0"
                },
                "down": {
                    "uv": [7,2,8,3],
                    "texture": "#0"
                },
                "west": {
                    "uv": [7,2,8,3],
                    "texture": "#0"
                },
                "east": {
                    "uv": [8,3,10,5],
                    "texture": "#0"
                },
                "north": {
                    "uv": [7,2,8,3],
                    "texture": "#0"
                },
                "south": {
                    "uv": [7,2,8,3],
                    "texture": "#0"
                }
            }
        },
        {
            "from": [11,7,7],
            "to": [13,8,8],
            "faces": {
                "up": {
                    "uv": [7,2,8,3],
                    "texture": "#0"
                },
                "down": {
                    "uv": [7,2,8,3],
                    "texture": "#0"
                },
                "west": {
                    "uv": [7,2,8,3],
                    "texture": "#0"
                },
                "east": {
                    "uv": [7,2,8,3],
                    "texture": "#0"
                },
                "north": {
                    "uv": [7,2,8,3],
                    "texture": "#0"
                },
                "south": {
                    "uv": [8,3,10,5],
                    "texture": "#0"
                }
            }
        },
        {
            "from": [14,7,9],
            "to": [15,8,11],
            "faces": {
                "up": {
                    "uv": [7,2,8,3],
                    "texture": "#0"
                },
                "down": {
                    "uv": [7,2,8,3],
                    "texture": "#0"
                },
                "west": {
                    "uv": [8,3,10,5],
                    "texture": "#0"
                },
                "east": {
                    "uv": [7,2,8,3],
                    "texture": "#0"
                },
                "north": {
                    "uv": [7,2,8,3],
                    "texture": "#0"
                },
                "south": {
                    "uv": [7,2,8,3],
                    "texture": "#0"
                }
            }
        },
        {
            "from": [3,10,5],
            "to": [5,13,7],
            "faces": {
                "up": {
                    "uv": [6,0,7,1],
                    "texture": "#0"
                },
                "down": {
                    "uv": [8,5,9,6],
                    "texture": "#0"
                },
                "west": {
                    "uv": [5,0,7,2],
                    "texture": "#0"
                },
                "east": {
                    "uv": [6,0,7,1],
                    "texture": "#0"
                },
                "north": {
                    "uv": [5,0,7,2],
                    "texture": "#0"
                },
                "south": {
                    "uv": [5,0,7,2],
                    "texture": "#0"
                }
            }
        },
        {
            "from": [5,11,5],
            "to": [6,14,7],
            "faces": {
                "up": {
                    "uv": [8,3,9,4],
                    "texture": "#0"
                },
                "down": {
                    "uv": [8,3,10,5],
                    "texture": "#0"
                },
                "west": {
                    "uv": [8,3,9,6],
                    "texture": "#0"
                },
                "east": {
                    "uv": [8,3,10,5],
                    "texture": "#0"
                },
                "north": {
                    "uv": [8,3,10,5],
                    "texture": "#0"
                },
                "south": {
                    "uv": [8,3,10,5],
                    "texture": "#0"
                }
            }
        },
        {
            "from": [3,11,7],
            "to": [5,14,8],
            "faces": {
                "up": {
                    "uv": [8,3,9,4],
                    "texture": "#0"
                },
                "down": {
                    "uv": [8,3,10,5],
                    "texture": "#0"
                },
                "west": {
                    "uv": [8,3,10,5],
                    "texture": "#0"
                },
                "east": {
                    "uv": [8,3,10,5],
                    "texture": "#0"
                },
                "north": {
                    "uv": [8,3,9,6],
                    "texture": "#0"
                },
                "south": {
                    "uv": [8,3,10,5],
                    "texture": "#0"
                }
            }
        },
        {
            "from": [2,11,5],
            "to": [3,14,7],
            "faces": {
                "up": {
                    "uv": [8,3,9,4],
                    "texture": "#0"
                },
                "down": {
                    "uv": [8,3,10,5],
                    "texture": "#0"
                },
                "west": {
                    "uv": [8,3,10,5],
                    "texture": "#0"
                },
                "east": {
                    "uv": [8,3,9,6],
                    "texture": "#0"
                },
                "north": {
                    "uv": [8,3,10,5],
                    "texture": "#0"
                },
                "south": {
                    "uv": [8,3,10,5],
                    "texture": "#0"
                }
            }
        },
        {
            "from": [3,11,4],
            "to": [5,14,5],
            "faces": {
                "up": {
                    "uv": [8,3,9,4],
                    "texture": "#0"
                },
                "down": {
                    "uv": [8,3,10,5],
                    "texture": "#0"
                },
                "west": {
                    "uv": [8,3,10,5],
                    "texture": "#0"
                },
                "east": {
                    "uv": [8,3,10,5],
                    "texture": "#0"
                },
                "north": {
                    "uv": [8,3,9,5],
                    "texture": "#0"
                },
                "south": {
                    "uv": [8,3,9,6],
                    "texture": "#0"
                }
            }
        },
        {
            "from": [5,11,4],
            "to": [6,13,5],
            "faces": {
                "up": {
                    "uv": [7,2,8,3],
                    "texture": "#0"
                },
                "down": {
                    "uv": [7,2,8,3],
                    "texture": "#0"
                },
                "west": {
                    "uv": [8,3,9,6],
                    "texture": "#0"
                },
                "east": {
                    "uv": [8,2,9,3],
                    "texture": "#0"
                },
                "north": {
                    "uv": [6,2,7,3],
                    "texture": "#0"
                },
                "south": {
                    "uv": [8,3,9,6],
                    "texture": "#0"
                }
            }
        },
        {
            "from": [6,11,5],
            "to": [7,12,7],
            "faces": {
                "up": {
                    "uv": [7,2,8,3],
                    "texture": "#0"
                },
                "down": {
                    "uv": [7,2,8,3],
                    "texture": "#0"
                },
                "west": {
                    "uv": [8,3,10,5],
                    "texture": "#0"
                },
                "east": {
                    "uv": [7,2,8,3],
                    "texture": "#0"
                },
                "north": {
                    "uv": [7,2,8,3],
                    "texture": "#0"
                },
                "south": {
                    "uv": [7,2,8,3],
                    "texture": "#0"
                }
            }
        },
        {
            "from": [5,11,7],
            "to": [6,13,8],
            "faces": {
                "up": {
                    "uv": [6,2,7,3],
                    "texture": "#0"
                },
                "down": {
                    "uv": [7,2,8,3],
                    "texture": "#0"
                },
                "west": {
                    "uv": [8,3,9,6],
                    "texture": "#0"
                },
                "east": {
                    "uv": [6,2,7,3],
                    "texture": "#0"
                },
                "north": {
                    "uv": [8,3,9,6],
                    "texture": "#0"
                },
                "south": {
                    "uv": [7,2,8,4],
                    "texture": "#0"
                }
            }
        },
        {
            "from": [3,11,8],
            "to": [5,12,9],
            "faces": {
                "up": {
                    "uv": [7,2,8,3],
                    "texture": "#0"
                },
                "down": {
                    "uv": [7,2,8,3],
                    "texture": "#0"
                },
                "west": {
                    "uv": [7,2,8,3],
                    "texture": "#0"
                },
                "east": {
                    "uv": [7,2,8,3],
                    "texture": "#0"
                },
                "north": {
                    "uv": [8,3,9,6],
                    "texture": "#0"
                },
                "south": {
                    "uv": [7,2,8,3],
                    "texture": "#0"
                }
            }
        },
        {
            "from": [2,11,7],
            "to": [3,13,8],
            "faces": {
                "up": {
                    "uv": [7,2,8,3],
                    "texture": "#0"
                },
                "down": {
                    "uv": [7,2,8,3],
                    "texture": "#0"
                },
                "west": {
                    "uv": [7,2,8,3],
                    "texture": "#0"
                },
                "east": {
                    "uv": [6,3,7,6],
                    "texture": "#0"
                },
                "north": {
                    "uv": [6,3,7,6],
                    "texture": "#0"
                },
                "south": {
                    "uv": [7,2,8,3],
                    "texture": "#0"
                }
            }
        },
        {
            "from": [1,11,5],
            "to": [2,12,7],
            "faces": {
                "up": {
                    "uv": [7,2,8,3],
                    "texture": "#0"
                },
                "down": {
                    "uv": [7,2,8,3],
                    "texture": "#0"
                },
                "west": {
                    "uv": [7,2,8,3],
                    "texture": "#0"
                },
                "east": {
                    "uv": [8,3,10,5],
                    "texture": "#0"
                },
                "north": {
                    "uv": [7,2,8,3],
                    "texture": "#0"
                },
                "south": {
                    "uv": [7,2,8,3],
                    "texture": "#0"
                }
            }
        },
        {
            "from": [2,11,4],
            "to": [3,13,5],
            "faces": {
                "up": {
                    "uv": [7,2,8,3],
                    "texture": "#0"
                },
                "down": {
                    "uv": [7,2,8,3],
                    "texture": "#0"
                },
                "west": {
                    "uv": [6,2,7,3],
                    "texture": "#0"
                },
                "east": {
                    "uv": [6,3,7,6],
                    "texture": "#0"
                },
                "north": {
                    "uv": [6,2,7,3],
                    "texture": "#0"
                },
                "south": {
                    "uv": [6,3,7,6],
                    "texture": "#0"
                }
            }
        },
        {
            "from": [3,11,3],
            "to": [5,12,4],
            "faces": {
                "up": {
                    "uv": [7,2,8,3],
                    "texture": "#0"
                },
                "down": {
                    "uv": [7,2,8,3],
                    "texture": "#0"
                },
                "west": {
                    "uv": [7,2,8,3],
                    "texture": "#0"
                },
                "east": {
                    "uv": [7,2,8,3],
                    "texture": "#0"
                },
                "north": {
                    "uv": [7,2,8,3],
                    "texture": "#0"
                },
                "south": {
                    "uv": [8,3,10,5],
                    "texture": "#0"
                }
            }
        },
        {
            "from": [2,10,4],
            "to": [6,11,8],
            "faces": {
                "up": {
                    "uv": [6,0,7,1],
                    "texture": "#0"
                },
                "down": {
                    "uv": [8,12,9,13],
                    "texture": "#0"
                },
                "west": {
                    "uv": [7,4,8,5],
                    "texture": "#0"
                },
                "east": {
                    "uv": [7,4,8,5],
                    "texture": "#0"
                },
                "north": {
                    "uv": [7,4,8,5],
                    "texture": "#0"
                },
                "south": {
                    "uv": [11,10,12,11],
                    "texture": "#0"
                }
            }
        },
        {
            "from": [9,0,3],
            "to": [11,3,5],
            "faces": {
                "up": {
                    "uv": [6,0,7,1],
                    "texture": "#0"
                },
                "down": {
                    "uv": [8,5,9,6],
                    "texture": "#0"
                },
                "west": {
                    "uv": [5,0,7,2],
                    "texture": "#0"
                },
                "east": {
                    "uv": [6,0,7,1],
                    "texture": "#0"
                },
                "north": {
                    "uv": [5,0,7,2],
                    "texture": "#0"
                },
                "south": {
                    "uv": [5,0,7,2],
                    "texture": "#0"
                }
            }
        },
        {
            "from": [11,1,3],
            "to": [12,4,5],
            "faces": {
                "up": {
                    "uv": [8,3,9,4],
                    "texture": "#0"
                },
                "down": {
                    "uv": [8,3,10,5],
                    "texture": "#0"
                },
                "west": {
                    "uv": [8,3,9,6],
                    "texture": "#0"
                },
                "east": {
                    "uv": [8,3,10,5],
                    "texture": "#0"
                },
                "north": {
                    "uv": [8,3,10,5],
                    "texture": "#0"
                },
                "south": {
                    "uv": [8,3,10,5],
                    "texture": "#0"
                }
            }
        },
        {
            "from": [9,1,5],
            "to": [11,4,6],
            "faces": {
                "up": {
                    "uv": [8,3,9,4],
                    "texture": "#0"
                },
                "down": {
                    "uv": [8,3,10,5],
                    "texture": "#0"
                },
                "west": {
                    "uv": [8,3,10,5],
                    "texture": "#0"
                },
                "east": {
                    "uv": [8,3,10,5],
                    "texture": "#0"
                },
                "north": {
                    "uv": [8,3,9,6],
                    "texture": "#0"
                },
                "south": {
                    "uv": [8,3,10,5],
                    "texture": "#0"
                }
            }
        },
        {
            "from": [8,1,3],
            "to": [9,4,5],
            "faces": {
                "up": {
                    "uv": [8,3,9,4],
                    "texture": "#0"
                },
                "down": {
                    "uv": [8,3,10,5],
                    "texture": "#0"
                },
                "west": {
                    "uv": [8,3,10,5],
                    "texture": "#0"
                },
                "east": {
                    "uv": [8,3,9,6],
                    "texture": "#0"
                },
                "north": {
                    "uv": [8,3,10,5],
                    "texture": "#0"
                },
                "south": {
                    "uv": [8,3,10,5],
                    "texture": "#0"
                }
            }
        },
        {
            "from": [9,1,2],
            "to": [11,4,3],
            "faces": {
                "up": {
                    "uv": [8,3,9,4],
                    "texture": "#0"
                },
                "down": {
                    "uv": [8,3,10,5],
                    "texture": "#0"
                },
                "west": {
                    "uv": [8,3,10,5],
                    "texture": "#0"
                },
                "east": {
                    "uv": [8,3,10,5],
                    "texture": "#0"
                },
                "north": {
                    "uv": [8,3,9,5],
                    "texture": "#0"
                },
                "south": {
                    "uv": [8,3,9,6],
                    "texture": "#0"
                }
            }
        },
        {
            "from": [11,1,2],
            "to": [12,3,3],
            "faces": {
                "up": {
                    "uv": [7,2,8,3],
                    "texture": "#0"
                },
                "down": {
                    "uv": [7,2,8,3],
                    "texture": "#0"
                },
                "west": {
                    "uv": [8,3,9,6],
                    "texture": "#0"
                },
                "east": {
                    "uv": [8,2,9,3],
                    "texture": "#0"
                },
                "north": {
                    "uv": [6,2,7,3],
                    "texture": "#0"
                },
                "south": {
                    "uv": [8,3,9,6],
                    "texture": "#0"
                }
            }
        },
        {
            "from": [12,1,3],
            "to": [13,2,5],
            "faces": {
                "up": {
                    "uv": [7,2,8,3],
                    "texture": "#0"
                },
                "down": {
                    "uv": [7,2,8,3],
                    "texture": "#0"
                },
                "west": {
                    "uv": [8,3,10,5],
                    "texture": "#0"
                },
                "east": {
                    "uv": [7,2,8,3],
                    "texture": "#0"
                },
                "north": {
                    "uv": [7,2,8,3],
                    "texture": "#0"
                },
                "south": {
                    "uv": [7,2,8,3],
                    "texture": "#0"
                }
            }
        },
        {
            "from": [11,1,5],
            "to": [12,3,6],
            "faces": {
                "up": {
                    "uv": [6,2,7,3],
                    "texture": "#0"
                },
                "down": {
                    "uv": [7,2,8,3],
                    "texture": "#0"
                },
                "west": {
                    "uv": [8,3,9,6],
                    "texture": "#0"
                },
                "east": {
                    "uv": [6,2,7,3],
                    "texture": "#0"
                },
                "north": {
                    "uv": [8,3,9,6],
                    "texture": "#0"
                },
                "south": {
                    "uv": [7,2,8,4],
                    "texture": "#0"
                }
            }
        },
        {
            "from": [9,1,6],
            "to": [11,2,7],
            "faces": {
                "up": {
                    "uv": [7,2,8,3],
                    "texture": "#0"
                },
                "down": {
                    "uv": [7,2,8,3],
                    "texture": "#0"
                },
                "west": {
                    "uv": [7,2,8,3],
                    "texture": "#0"
                },
                "east": {
                    "uv": [7,2,8,3],
                    "texture": "#0"
                },
                "north": {
                    "uv": [8,3,9,6],
                    "texture": "#0"
                },
                "south": {
                    "uv": [7,2,8,3],
                    "texture": "#0"
                }
            }
        },
        {
            "from": [8,1,5],
            "to": [9,3,6],
            "faces": {
                "up": {
                    "uv": [7,2,8,3],
                    "texture": "#0"
                },
                "down": {
                    "uv": [7,2,8,3],
                    "texture": "#0"
                },
                "west": {
                    "uv": [7,2,8,3],
                    "texture": "#0"
                },
                "east": {
                    "uv": [6,3,7,6],
                    "texture": "#0"
                },
                "north": {
                    "uv": [6,3,7,6],
                    "texture": "#0"
                },
                "south": {
                    "uv": [7,2,8,3],
                    "texture": "#0"
                }
            }
        },
        {
            "from": [7,1,3],
            "to": [8,2,5],
            "faces": {
                "up": {
                    "uv": [7,2,8,3],
                    "texture": "#0"
                },
                "down": {
                    "uv": [7,2,8,3],
                    "texture": "#0"
                },
                "west": {
                    "uv": [7,2,8,3],
                    "texture": "#0"
                },
                "east": {
                    "uv": [8,3,10,5],
                    "texture": "#0"
                },
                "north": {
                    "uv": [7,2,8,3],
                    "texture": "#0"
                },
                "south": {
                    "uv": [7,2,8,3],
                    "texture": "#0"
                }
            }
        },
        {
            "from": [8,1,2],
            "to": [9,3,3],
            "faces": {
                "up": {
                    "uv": [7,2,8,3],
                    "texture": "#0"
                },
                "down": {
                    "uv": [7,2,8,3],
                    "texture": "#0"
                },
                "west": {
                    "uv": [6,2,7,3],
                    "texture": "#0"
                },
                "east": {
                    "uv": [6,3,7,6],
                    "texture": "#0"
                },
                "north": {
                    "uv": [6,2,7,3],
                    "texture": "#0"
                },
                "south": {
                    "uv": [6,3,7,6],
                    "texture": "#0"
                }
            }
        },
        {
            "from": [9,1,1],
            "to": [11,2,2],
            "faces": {
                "up": {
                    "uv": [7,2,8,3],
                    "texture": "#0"
                },
                "down": {
                    "uv": [7,2,8,3],
                    "texture": "#0"
                },
                "west": {
                    "uv": [7,2,8,3],
                    "texture": "#0"
                },
                "east": {
                    "uv": [7,2,8,3],
                    "texture": "#0"
                },
                "north": {
                    "uv": [7,2,8,3],
                    "texture": "#0"
                },
                "south": {
                    "uv": [8,3,10,5],
                    "texture": "#0"
                }
            }
        },
        {
            "from": [8,0,2],
            "to": [12,1,6],
            "faces": {
                "up": {
                    "uv": [6,0,7,1],
                    "texture": "#0"
                },
                "down": {
                    "uv": [8,12,9,13],
                    "texture": "#0"
                },
                "west": {
                    "uv": [7,4,8,5],
                    "texture": "#0"
                },
                "east": {
                    "uv": [7,4,8,5],
                    "texture": "#0"
                },
                "north": {
                    "uv": [7,4,8,5],
                    "texture": "#0"
                },
                "south": {
                    "uv": [11,10,12,11],
                    "texture": "#0"
                }
            }
        },
        {
            "from": [4,1,8],
            "to": [7,2,11],
            "faces": {
                "up": {
                    "uv": [10,11,11,12],
                    "texture": "#0"
                },
                "down": {
                    "uv": [10,11,11,12],
                    "texture": "#0"
                },
                "west": {
                    "uv": [10,11,11,12],
                    "texture": "#0"
                },
                "east": {
                    "uv": [10,11,11,12],
                    "texture": "#0"
                },
                "north": {
                    "uv": [10,11,11,12],
                    "texture": "#0"
                },
                "south": {
                    "uv": [10,11,11,12],
                    "texture": "#0"
                }
            }
        },
        {
            "from": [6,7,3],
            "to": [9,8,6],
            "faces": {
                "up": {
                    "uv": [10,11,11,12],
                    "texture": "#0"
                },
                "down": {
                    "uv": [10,11,11,12],
                    "texture": "#0"
                },
                "west": {
                    "uv": [10,11,11,12],
                    "texture": "#0"
                },
                "east": {
                    "uv": [10,11,11,12],
                    "texture": "#0"
                },
                "north": {
                    "uv": [10,11,11,12],
                    "texture": "#0"
                },
                "south": {
                    "uv": [10,11,11,12],
                    "texture": "#0"
                }
            }
        },
        {
            "from": [-1,4,6],
            "to": [2,5,9],
            "faces": {
                "up": {
                    "uv": [10,11,11,12],
                    "texture": "#0"
                },
                "down": {
                    "uv": [10,11,11,12],
                    "texture": "#0"
                },
                "west": {
                    "uv": [10,11,11,12],
                    "texture": "#0"
                },
                "east": {
                    "uv": [10,11,11,12],
                    "texture": "#0"
                },
                "north": {
                    "uv": [10,11,11,12],
                    "texture": "#0"
                },
                "south": {
                    "uv": [10,11,11,12],
                    "texture": "#0"
                }
            }
        },
        {
            "from": [9,3,12],
            "to": [12,4,15],
            "faces": {
                "up": {
                    "uv": [10,11,11,12],
                    "texture": "#0"
                },
                "down": {
                    "uv": [10,11,11,12],
                    "texture": "#0"
                },
                "west": {
                    "uv": [10,11,11,12],
                    "texture": "#0"
                },
                "east": {
                    "uv": [10,11,11,12],
                    "texture": "#0"
                },
                "north": {
                    "uv": [10,11,11,12],
                    "texture": "#0"
                },
                "south": {
                    "uv": [10,11,11,12],
                    "texture": "#0"
                }
            }
        },
        {
            "from": [14,0,10],
            "to": [17,1,13],
            "faces": {
                "up": {
                    "uv": [10,11,11,12],
                    "texture": "#0"
                },
                "down": {
                    "uv": [10,11,11,12],
                    "texture": "#0"
                },
                "west": {
                    "uv": [10,11,11,12],
                    "texture": "#0"
                },
                "east": {
                    "uv": [10,11,11,12],
                    "texture": "#0"
                },
                "north": {
                    "uv": [10,11,11,12],
                    "texture": "#0"
                },
                "south": {
                    "uv": [10,11,11,12],
                    "texture": "#0"
                }
            }
        }
    ]
}