{
    "__createdwith": "opl's Model Creator",
    "ambientocclusion": false,
    "textures": {
        "0": "blocks/double_plant_syringa_top",
        "particle": "blocks/double_plant_syringa_top"
    },
    "elements": [
        {
            "from": [7,0,7],
            "to": [9,13,9],
            "faces": {
                "up": {
                    "uv": [7,3,9,5],
                    "texture": "#0"
                },
                "west": {
                    "texture": "#0"
                },
                "east": {
                    "texture": "#0"
                },
                "north": {
                    "texture": "#0"
                },
                "south": {
                    "texture": "#0"
                }
            }
        },
        {
            "from": [12,7,8],
            "to": [14,8,9],
            "faces": {
                "up": {
                    "uv": [11,12,12,13],
                    "texture": "#0"
                },
                "down": {
                    "uv": [11,12,12,13],
                    "texture": "#0"
                },
                "west": {
                    "uv": [12,11,13,12],
                    "texture": "#0"
                },
                "east": {
                    "uv": [11,12,12,13],
                    "texture": "#0"
                },
                "north": {
                    "uv": [11,12,12,13],
                    "texture": "#0"
                },
                "south": {
                    "uv": [11,12,12,13],
                    "texture": "#0"
                }
            }
        },
        {
            "from": [12,7,9],
            "to": [13,8,10],
            "faces": {
                "up": {
                    "uv": [12,12,13,13],
                    "texture": "#0"
                },
                "down": {
                    "uv": [12,12,13,13],
                    "texture": "#0"
                },
                "west": {
                    "uv": [12,12,13,13],
                    "texture": "#0"
                },
                "east": {
                    "uv": [11,11,12,12],
                    "texture": "#0"
                },
                "north": {
                    "uv": [13,11,14,12],
                    "texture": "#0"
                },
                "south": {
                    "uv": [12,12,13,13],
                    "texture": "#0"
                }
            }
        },
        {
            "from": [12,8,8],
            "to": [13,9,9],
            "faces": {
                "up": {
                    "uv": [12,12,13,13],
                    "texture": "#0"
                },
                "down": {
                    "uv": [13,11,14,12],
                    "texture": "#0"
                },
                "west": {
                    "uv": [12,12,13,13],
                    "texture": "#0"
                },
                "east": {
                    "uv": [11,11,12,12],
                    "texture": "#0"
                },
                "north": {
                    "uv": [12,12,13,13],
                    "texture": "#0"
                },
                "south": {
                    "uv": [12,12,13,13],
                    "texture": "#0"
                }
            }
        },
        {
            "from": [12,6,8],
            "to": [13,7,9],
            "faces": {
                "up": {
                    "uv": [12,10,13,11],
                    "texture": "#0"
                },
                "down": {
                    "uv": [12,12,13,13],
                    "texture": "#0"
                },
                "west": {
                    "uv": [12,12,13,13],
                    "texture": "#0"
                },
                "east": {
                    "uv": [11,11,12,12],
                    "texture": "#0"
                },
                "north": {
                    "uv": [12,12,13,13],
                    "texture": "#0"
                },
                "south": {
                    "uv": [12,12,13,13],
                    "texture": "#0"
                }
            }
        },
        {
            "from": [12,7,7],
            "to": [13,8,8],
            "faces": {
                "up": {
                    "uv": [12,12,13,13],
                    "texture": "#0"
                },
                "down": {
                    "uv": [12,12,13,13],
                    "texture": "#0"
                },
                "west": {
                    "uv": [12,12,13,13],
                    "texture": "#0"
                },
                "east": {
                    "uv": [11,11,12,12],
                    "texture": "#0"
                },
                "north": {
                    "uv": [12,12,13,13],
                    "texture": "#0"
                },
                "south": {
                    "uv": [13,11,14,12],
                    "texture": "#0"
                }
            }
        },
        {
            "from": [9,7,8],
            "to": [12,8,9],
            "faces": {
                "up": {
                    "texture": "#0"
                },
                "down": {
                    "texture": "#0"
                },
                "east": {
                    "texture": "#0"
                },
                "north": {
                    "texture": "#0"
                },
                "south": {
                    "texture": "#0"
                }
            }
        },
        {
            "from": [7,7,9],
            "to": [8,8,12],
            "faces": {
                "up": {
                    "texture": "#0"
                },
                "down": {
                    "texture": "#0"
                },
                "west": {
                    "texture": "#0"
                },
                "east": {
                    "uv": [4,8,7,9],
                    "texture": "#0"
                },
                "south": {
                    "texture": "#0"
                }
            }
        },
        {
            "from": [4,7,7],
            "to": [7,8,8],
            "faces": {
                "up": {
                    "uv": [4,8,7,9],
                    "texture": "#0"
                },
                "down": {
                    "uv": [4,8,7,9],
                    "texture": "#0"
                },
                "west": {
                    "texture": "#0"
                },
                "north": {
                    "uv": [9,8,12,9],
                    "texture": "#0"
                },
                "south": {
                    "uv": [9,8,12,9],
                    "texture": "#0"
                }
            }
        },
        {
            "from": [8,7,4],
            "to": [9,8,7],
            "faces": {
                "up": {
                    "texture": "#0"
                },
                "down": {
                    "texture": "#0"
                },
                "west": {
                    "texture": "#0"
                },
                "east": {
                    "texture": "#0"
                },
                "north": {
                    "texture": "#0"
                }
            }
        },
        {
            "from": [7,12,9],
            "to": [8,13,11],
            "faces": {
                "up": {
                    "texture": "#0"
                },
                "down": {
                    "texture": "#0"
                },
                "west": {
                    "texture": "#0"
                },
                "east": {
                    "texture": "#0"
                },
                "south": {
                    "texture": "#0"
                }
            }
        },
        {
            "from": [5,12,7],
            "to": [7,13,8],
            "faces": {
                "up": {
                    "uv": [5,3,7,4],
                    "texture": "#0"
                },
                "down": {
                    "uv": [5,3,7,4],
                    "texture": "#0"
                },
                "west": {
                    "texture": "#0"
                },
                "north": {
                    "texture": "#0"
                },
                "south": {
                    "texture": "#0"
                }
            }
        },
        {
            "from": [9,12,8],
            "to": [11,13,9],
            "faces": {
                "up": {
                    "texture": "#0"
                },
                "down": {
                    "uv": [9,3,11,4],
                    "texture": "#0"
                },
                "east": {
                    "texture": "#0"
                },
                "north": {
                    "texture": "#0"
                },
                "south": {
                    "texture": "#0"
                }
            }
        },
        {
            "from": [8,12,5],
            "to": [9,13,7],
            "faces": {
                "up": {
                    "texture": "#0"
                },
                "down": {
                    "texture": "#0"
                },
                "west": {
                    "texture": "#0"
                },
                "east": {
                    "texture": "#0"
                },
                "north": {
                    "texture": "#0"
                }
            }
        },
        {
            "from": [8,7,12],
            "to": [9,8,13],
            "faces": {
                "up": {
                    "uv": [11,11,12,12],
                    "texture": "#0"
                },
                "down": {
                    "uv": [12,12,13,13],
                    "texture": "#0"
                },
                "west": {
                    "uv": [12,12,13,13],
                    "texture": "#0"
                },
                "east": {
                    "uv": [11,11,12,12],
                    "texture": "#0"
                },
                "north": {
                    "uv": [12,12,13,13],
                    "texture": "#0"
                },
                "south": {
                    "uv": [11,11,12,12],
                    "texture": "#0"
                }
            }
        },
        {
            "from": [7,7,12],
            "to": [8,8,14],
            "faces": {
                "up": {
                    "uv": [11,12,12,13],
                    "texture": "#0"
                },
                "down": {
                    "uv": [11,12,12,13],
                    "texture": "#0"
                },
                "west": {
                    "uv": [11,12,12,13],
                    "texture": "#0"
                },
                "east": {
                    "uv": [11,12,12,13],
                    "texture": "#0"
                },
                "north": {
                    "uv": [12,11,13,12],
                    "texture": "#0"
                },
                "south": {
                    "uv": [11,12,12,13],
                    "texture": "#0"
                }
            }
        },
        {
            "from": [7,8,12],
            "to": [8,9,13],
            "faces": {
                "up": {
                    "uv": [11,11,12,12],
                    "texture": "#0"
                },
                "down": {
                    "uv": [13,11,14,12],
                    "texture": "#0"
                },
                "west": {
                    "uv": [12,12,13,13],
                    "texture": "#0"
                },
                "east": {
                    "uv": [11,11,12,12],
                    "texture": "#0"
                },
                "north": {
                    "uv": [12,12,13,13],
                    "texture": "#0"
                },
                "south": {
                    "uv": [12,12,13,13],
                    "texture": "#0"
                }
            }
        },
        {
            "from": [6,7,12],
            "to": [7,8,13],
            "faces": {
                "up": {
                    "uv": [11,11,12,12],
                    "texture": "#0"
                },
                "down": {
                    "uv": [12,12,13,13],
                    "texture": "#0"
                },
                "west": {
                    "uv": [12,12,13,13],
                    "texture": "#0"
                },
                "east": {
                    "uv": [11,11,12,12],
                    "texture": "#0"
                },
                "north": {
                    "uv": [12,12,13,13],
                    "texture": "#0"
                },
                "south": {
                    "uv": [12,12,13,13],
                    "texture": "#0"
                }
            }
        },
        {
            "from": [7,6,12],
            "to": [8,7,13],
            "faces": {
                "up": {
                    "uv": [12,10,13,11],
                    "texture": "#0"
                },
                "down": {
                    "uv": [12,12,13,13],
                    "texture": "#0"
                },
                "west": {
                    "uv": [12,12,13,13],
                    "texture": "#0"
                },
                "east": {
                    "uv": [11,11,12,12],
                    "texture": "#0"
                },
                "north": {
                    "uv": [12,12,13,13],
                    "texture": "#0"
                },
                "south": {
                    "uv": [11,13,12,14],
                    "texture": "#0"
                }
            }
        },
        {
            "from": [3,7,8],
            "to": [4,8,9],
            "faces": {
                "up": {
                    "uv": [11,11,12,12],
                    "texture": "#0"
                },
                "down": {
                    "uv": [11,11,12,12],
                    "texture": "#0"
                },
                "west": {
                    "uv": [12,12,13,13],
                    "texture": "#0"
                },
                "east": {
                    "uv": [11,11,12,12],
                    "texture": "#0"
                },
                "north": {
                    "uv": [13,11,14,12],
                    "texture": "#0"
                },
                "south": {
                    "uv": [11,11,12,12],
                    "texture": "#0"
                }
            }
        },
        {
            "from": [2,7,7],
            "to": [4,8,8],
            "faces": {
                "up": {
                    "uv": [11,12,12,13],
                    "texture": "#0"
                },
                "down": {
                    "uv": [11,12,12,13],
                    "texture": "#0"
                },
                "west": {
                    "uv": [11,12,12,13],
                    "texture": "#0"
                },
                "east": {
                    "uv": [12,11,13,12],
                    "texture": "#0"
                },
                "north": {
                    "uv": [11,12,12,13],
                    "texture": "#0"
                },
                "south": {
                    "uv": [11,12,12,13],
                    "texture": "#0"
                }
            }
        },
        {
            "from": [3,7,6],
            "to": [4,8,7],
            "faces": {
                "up": {
                    "uv": [11,11,12,12],
                    "texture": "#0"
                },
                "down": {
                    "uv": [11,11,12,12],
                    "texture": "#0"
                },
                "west": {
                    "uv": [12,12,13,13],
                    "texture": "#0"
                },
                "east": {
                    "uv": [11,11,12,12],
                    "texture": "#0"
                },
                "north": {
                    "uv": [12,12,13,13],
                    "texture": "#0"
                },
                "south": {
                    "uv": [13,11,14,12],
                    "texture": "#0"
                }
            }
        },
        {
            "from": [3,8,7],
            "to": [4,9,8],
            "faces": {
                "up": {
                    "uv": [11,11,12,12],
                    "texture": "#0"
                },
                "down": {
                    "uv": [13,11,14,12],
                    "texture": "#0"
                },
                "west": {
                    "uv": [12,12,13,13],
                    "texture": "#0"
                },
                "east": {
                    "uv": [11,11,12,12],
                    "texture": "#0"
                },
                "north": {
                    "uv": [12,12,13,13],
                    "texture": "#0"
                },
                "south": {
                    "uv": [11,11,12,12],
                    "texture": "#0"
                }
            }
        },
        {
            "from": [3,6,7],
            "to": [4,7,8],
            "faces": {
                "up": {
                    "uv": [12,10,13,11],
                    "texture": "#0"
                },
                "down": {
                    "uv": [11,11,12,12],
                    "texture": "#0"
                },
                "west": {
                    "uv": [12,12,13,13],
                    "texture": "#0"
                },
                "east": {
                    "uv": [11,11,12,12],
                    "texture": "#0"
                },
                "north": {
                    "uv": [12,12,13,13],
                    "texture": "#0"
                },
                "south": {
                    "uv": [11,11,12,12],
                    "texture": "#0"
                }
            }
        },
        {
            "from": [7,7,3],
            "to": [8,8,4],
            "faces": {
                "up": {
                    "uv": [12,12,13,13],
                    "texture": "#0"
                },
                "down": {
                    "uv": [12,12,13,13],
                    "texture": "#0"
                },
                "west": {
                    "uv": [12,12,13,13],
                    "texture": "#0"
                },
                "east": {
                    "uv": [11,11,12,12],
                    "texture": "#0"
                },
                "north": {
                    "uv": [12,12,13,13],
                    "texture": "#0"
                },
                "south": {
                    "uv": [12,12,13,13],
                    "texture": "#0"
                }
            }
        },
        {
            "from": [8,7,2],
            "to": [9,8,4],
            "faces": {
                "up": {
                    "uv": [11,12,12,13],
                    "texture": "#0"
                },
                "down": {
                    "uv": [11,12,12,13],
                    "texture": "#0"
                },
                "west": {
                    "uv": [11,12,12,13],
                    "texture": "#0"
                },
                "east": {
                    "uv": [11,12,12,13],
                    "texture": "#0"
                },
                "north": {
                    "uv": [11,12,12,13],
                    "texture": "#0"
                },
                "south": {
                    "uv": [12,11,13,12],
                    "texture": "#0"
                }
            }
        },
        {
            "from": [8,8,3],
            "to": [9,9,4],
            "faces": {
                "up": {
                    "uv": [11,11,12,12],
                    "texture": "#0"
                },
                "down": {
                    "uv": [13,11,14,12],
                    "texture": "#0"
                },
                "west": {
                    "uv": [12,12,13,13],
                    "texture": "#0"
                },
                "east": {
                    "uv": [11,11,12,12],
                    "texture": "#0"
                },
                "north": {
                    "uv": [12,12,13,13],
                    "texture": "#0"
                },
                "south": {
                    "uv": [12,12,13,13],
                    "texture": "#0"
                }
            }
        },
        {
            "from": [9,7,3],
            "to": [10,8,4],
            "faces": {
                "up": {
                    "uv": [11,11,12,12],
                    "texture": "#0"
                },
                "down": {
                    "uv": [12,12,13,13],
                    "texture": "#0"
                },
                "west": {
                    "uv": [12,12,13,13],
                    "texture": "#0"
                },
                "east": {
                    "uv": [11,11,12,12],
                    "texture": "#0"
                },
                "north": {
                    "uv": [12,12,13,13],
                    "texture": "#0"
                },
                "south": {
                    "uv": [12,12,13,13],
                    "texture": "#0"
                }
            }
        },
        {
            "from": [8,6,3],
            "to": [9,7,4],
            "faces": {
                "up": {
                    "uv": [12,10,13,11],
                    "texture": "#0"
                },
                "down": {
                    "uv": [12,12,13,13],
                    "texture": "#0"
                },
                "west": {
                    "uv": [12,12,13,13],
                    "texture": "#0"
                },
                "east": {
                    "uv": [11,11,12,12],
                    "texture": "#0"
                },
                "north": {
                    "uv": [11,11,12,12],
                    "texture": "#0"
                },
                "south": {
                    "uv": [12,12,13,13],
                    "texture": "#0"
                }
            }
        },
        {
            "from": [8,2,5],
            "to": [9,3,7],
            "faces": {
                "up": {
                    "texture": "#0"
                },
                "down": {
                    "texture": "#0"
                },
                "west": {
                    "uv": [5,3,7,4],
                    "texture": "#0"
                },
                "east": {
                    "uv": [5,3,7,4],
                    "texture": "#0"
                },
                "north": {
                    "uv": [8,3,9,4],
                    "texture": "#0"
                }
            }
        },
        {
            "from": [9,2,8],
            "to": [11,3,9],
            "faces": {
                "up": {
                    "texture": "#0"
                },
                "down": {
                    "uv": [9,3,11,4],
                    "texture": "#0"
                },
                "east": {
                    "uv": [8,3,9,4],
                    "texture": "#0"
                },
                "north": {
                    "uv": [9,3,11,4],
                    "texture": "#0"
                },
                "south": {
                    "uv": [9,3,11,4],
                    "texture": "#0"
                }
            }
        },
        {
            "from": [7,2,9],
            "to": [8,3,11],
            "faces": {
                "up": {
                    "texture": "#0"
                },
                "down": {
                    "texture": "#0"
                },
                "west": {
                    "uv": [9,3,11,4],
                    "texture": "#0"
                },
                "east": {
                    "uv": [9,3,11,4],
                    "texture": "#0"
                },
                "south": {
                    "texture": "#0"
                }
            }
        },
        {
            "from": [5,2,7],
            "to": [7,3,8],
            "faces": {
                "up": {
                    "uv": [5,3,7,4],
                    "texture": "#0"
                },
                "down": {
                    "uv": [5,3,7,4],
                    "texture": "#0"
                },
                "west": {
                    "uv": [7,3,8,4],
                    "texture": "#0"
                },
                "north": {
                    "uv": [5,3,7,4],
                    "texture": "#0"
                },
                "south": {
                    "uv": [5,3,7,4],
                    "texture": "#0"
                }
            }
        },
        {
            "from": [3,12,7],
            "to": [5,13,8],
            "faces": {
                "up": {
                    "uv": [11,12,12,13],
                    "texture": "#0"
                },
                "down": {
                    "uv": [11,12,12,13],
                    "texture": "#0"
                },
                "west": {
                    "uv": [11,12,12,13],
                    "texture": "#0"
                },
                "east": {
                    "uv": [12,11,13,12],
                    "texture": "#0"
                },
                "north": {
                    "uv": [11,12,12,13],
                    "texture": "#0"
                },
                "south": {
                    "uv": [11,12,12,13],
                    "texture": "#0"
                }
            }
        },
        {
            "from": [4,13,7],
            "to": [5,14,8],
            "faces": {
                "up": {
                    "uv": [11,11,12,12],
                    "texture": "#0"
                },
                "down": {
                    "uv": [13,11,14,12],
                    "texture": "#0"
                },
                "west": {
                    "uv": [12,12,13,13],
                    "texture": "#0"
                },
                "east": {
                    "uv": [11,11,12,12],
                    "texture": "#0"
                },
                "north": {
                    "uv": [12,12,13,13],
                    "texture": "#0"
                },
                "south": {
                    "uv": [11,11,12,12],
                    "texture": "#0"
                }
            }
        },
        {
            "from": [4,12,6],
            "to": [5,13,7],
            "faces": {
                "up": {
                    "uv": [11,11,12,12],
                    "texture": "#0"
                },
                "down": {
                    "uv": [11,11,12,12],
                    "texture": "#0"
                },
                "west": {
                    "uv": [12,12,13,13],
                    "texture": "#0"
                },
                "east": {
                    "uv": [11,11,12,12],
                    "texture": "#0"
                },
                "north": {
                    "uv": [12,12,13,13],
                    "texture": "#0"
                },
                "south": {
                    "uv": [13,11,14,12],
                    "texture": "#0"
                }
            }
        },
        {
            "from": [4,12,8],
            "to": [5,13,9],
            "faces": {
                "up": {
                    "uv": [11,11,12,12],
                    "texture": "#0"
                },
                "down": {
                    "uv": [11,11,12,12],
                    "texture": "#0"
                },
                "west": {
                    "uv": [12,12,13,13],
                    "texture": "#0"
                },
                "east": {
                    "uv": [11,11,12,12],
                    "texture": "#0"
                },
                "north": {
                    "uv": [13,11,14,12],
                    "texture": "#0"
                },
                "south": {
                    "uv": [11,11,12,12],
                    "texture": "#0"
                }
            }
        },
        {
            "from": [4,11,7],
            "to": [5,12,8],
            "faces": {
                "up": {
                    "uv": [12,10,13,11],
                    "texture": "#0"
                },
                "down": {
                    "uv": [11,11,12,12],
                    "texture": "#0"
                },
                "west": {
                    "uv": [12,12,13,13],
                    "texture": "#0"
                },
                "east": {
                    "uv": [11,11,12,12],
                    "texture": "#0"
                },
                "north": {
                    "uv": [12,12,13,13],
                    "texture": "#0"
                },
                "south": {
                    "uv": [11,11,12,12],
                    "texture": "#0"
                }
            }
        },
        {
            "from": [3,2,7],
            "to": [5,3,8],
            "faces": {
                "up": {
                    "uv": [11,12,12,13],
                    "texture": "#0"
                },
                "down": {
                    "uv": [11,12,12,13],
                    "texture": "#0"
                },
                "west": {
                    "uv": [11,12,12,13],
                    "texture": "#0"
                },
                "east": {
                    "uv": [12,11,13,12],
                    "texture": "#0"
                },
                "north": {
                    "uv": [11,12,12,13],
                    "texture": "#0"
                },
                "south": {
                    "uv": [11,12,12,13],
                    "texture": "#0"
                }
            }
        },
        {
            "from": [4,3,7],
            "to": [5,4,8],
            "faces": {
                "up": {
                    "uv": [11,11,12,12],
                    "texture": "#0"
                },
                "down": {
                    "uv": [13,11,14,12],
                    "texture": "#0"
                },
                "west": {
                    "uv": [12,12,13,13],
                    "texture": "#0"
                },
                "east": {
                    "uv": [11,11,12,12],
                    "texture": "#0"
                },
                "north": {
                    "uv": [12,12,13,13],
                    "texture": "#0"
                },
                "south": {
                    "uv": [11,11,12,12],
                    "texture": "#0"
                }
            }
        },
        {
            "from": [4,2,6],
            "to": [5,3,7],
            "faces": {
                "up": {
                    "uv": [11,11,12,12],
                    "texture": "#0"
                },
                "down": {
                    "uv": [11,11,12,12],
                    "texture": "#0"
                },
                "west": {
                    "uv": [12,12,13,13],
                    "texture": "#0"
                },
                "east": {
                    "uv": [11,11,12,12],
                    "texture": "#0"
                },
                "north": {
                    "uv": [12,12,13,13],
                    "texture": "#0"
                },
                "south": {
                    "uv": [13,11,14,12],
                    "texture": "#0"
                }
            }
        },
        {
            "from": [4,2,8],
            "to": [5,3,9],
            "faces": {
                "up": {
                    "uv": [11,11,12,12],
                    "texture": "#0"
                },
                "down": {
                    "uv": [11,11,12,12],
                    "texture": "#0"
                },
                "west": {
                    "uv": [12,12,13,13],
                    "texture": "#0"
                },
                "east": {
                    "uv": [11,11,12,12],
                    "texture": "#0"
                },
                "north": {
                    "uv": [13,11,14,12],
                    "texture": "#0"
                },
                "south": {
                    "uv": [11,11,12,12],
                    "texture": "#0"
                }
            }
        },
        {
            "from": [4,1,7],
            "to": [5,2,8],
            "faces": {
                "up": {
                    "uv": [12,10,13,11],
                    "texture": "#0"
                },
                "down": {
                    "uv": [11,11,12,12],
                    "texture": "#0"
                },
                "west": {
                    "uv": [12,12,13,13],
                    "texture": "#0"
                },
                "east": {
                    "uv": [11,11,12,12],
                    "texture": "#0"
                },
                "north": {
                    "uv": [12,12,13,13],
                    "texture": "#0"
                },
                "south": {
                    "uv": [11,11,12,12],
                    "texture": "#0"
                }
            }
        },
        {
            "from": [11,2,8],
            "to": [13,3,9],
            "faces": {
                "up": {
                    "uv": [11,12,12,13],
                    "texture": "#0"
                },
                "down": {
                    "uv": [11,12,12,13],
                    "texture": "#0"
                },
                "west": {
                    "uv": [12,11,13,12],
                    "texture": "#0"
                },
                "east": {
                    "uv": [11,12,12,13],
                    "texture": "#0"
                },
                "north": {
                    "uv": [11,12,12,13],
                    "texture": "#0"
                },
                "south": {
                    "uv": [11,12,12,13],
                    "texture": "#0"
                }
            }
        },
        {
            "from": [11,2,9],
            "to": [12,3,10],
            "faces": {
                "up": {
                    "uv": [12,12,13,13],
                    "texture": "#0"
                },
                "down": {
                    "uv": [12,12,13,13],
                    "texture": "#0"
                },
                "west": {
                    "uv": [12,12,13,13],
                    "texture": "#0"
                },
                "east": {
                    "uv": [11,11,12,12],
                    "texture": "#0"
                },
                "north": {
                    "uv": [13,11,14,12],
                    "texture": "#0"
                },
                "south": {
                    "uv": [12,12,13,13],
                    "texture": "#0"
                }
            }
        },
        {
            "from": [11,3,8],
            "to": [12,4,9],
            "faces": {
                "up": {
                    "uv": [12,12,13,13],
                    "texture": "#0"
                },
                "down": {
                    "uv": [13,11,14,12],
                    "texture": "#0"
                },
                "west": {
                    "uv": [12,12,13,13],
                    "texture": "#0"
                },
                "east": {
                    "uv": [11,11,12,12],
                    "texture": "#0"
                },
                "north": {
                    "uv": [12,12,13,13],
                    "texture": "#0"
                },
                "south": {
                    "uv": [12,12,13,13],
                    "texture": "#0"
                }
            }
        },
        {
            "from": [11,2,7],
            "to": [12,3,8],
            "faces": {
                "up": {
                    "uv": [12,12,13,13],
                    "texture": "#0"
                },
                "down": {
                    "uv": [12,12,13,13],
                    "texture": "#0"
                },
                "west": {
                    "uv": [12,12,13,13],
                    "texture": "#0"
                },
                "east": {
                    "uv": [11,11,12,12],
                    "texture": "#0"
                },
                "north": {
                    "uv": [12,12,13,13],
                    "texture": "#0"
                },
                "south": {
                    "uv": [13,11,14,12],
                    "texture": "#0"
                }
            }
        },
        {
            "from": [11,1,8],
            "to": [12,2,9],
            "faces": {
                "up": {
                    "uv": [12,10,13,11],
                    "texture": "#0"
                },
                "down": {
                    "uv": [12,12,13,13],
                    "texture": "#0"
                },
                "west": {
                    "uv": [12,12,13,13],
                    "texture": "#0"
                },
                "east": {
                    "uv": [11,11,12,12],
                    "texture": "#0"
                },
                "north": {
                    "uv": [12,12,13,13],
                    "texture": "#0"
                },
                "south": {
                    "uv": [12,12,13,13],
                    "texture": "#0"
                }
            }
        },
        {
            "from": [11,12,8],
            "to": [13,13,9],
            "faces": {
                "up": {
                    "uv": [11,12,12,13],
                    "texture": "#0"
                },
                "down": {
                    "uv": [11,12,12,13],
                    "texture": "#0"
                },
                "west": {
                    "uv": [12,11,13,12],
                    "texture": "#0"
                },
                "east": {
                    "uv": [11,12,12,13],
                    "texture": "#0"
                },
                "north": {
                    "uv": [11,12,12,13],
                    "texture": "#0"
                },
                "south": {
                    "uv": [11,12,12,13],
                    "texture": "#0"
                }
            }
        },
        {
            "from": [11,12,9],
            "to": [12,13,10],
            "faces": {
                "up": {
                    "uv": [12,12,13,13],
                    "texture": "#0"
                },
                "down": {
                    "uv": [12,12,13,13],
                    "texture": "#0"
                },
                "west": {
                    "uv": [12,12,13,13],
                    "texture": "#0"
                },
                "east": {
                    "uv": [11,11,12,12],
                    "texture": "#0"
                },
                "north": {
                    "uv": [13,11,14,12],
                    "texture": "#0"
                },
                "south": {
                    "uv": [12,12,13,13],
                    "texture": "#0"
                }
            }
        },
        {
            "from": [11,13,8],
            "to": [12,14,9],
            "faces": {
                "up": {
                    "uv": [12,12,13,13],
                    "texture": "#0"
                },
                "down": {
                    "uv": [13,11,14,12],
                    "texture": "#0"
                },
                "west": {
                    "uv": [12,12,13,13],
                    "texture": "#0"
                },
                "east": {
                    "uv": [11,11,12,12],
                    "texture": "#0"
                },
                "north": {
                    "uv": [12,12,13,13],
                    "texture": "#0"
                },
                "south": {
                    "uv": [12,12,13,13],
                    "texture": "#0"
                }
            }
        },
        {
            "from": [11,12,7],
            "to": [12,13,8],
            "faces": {
                "up": {
                    "uv": [12,12,13,13],
                    "texture": "#0"
                },
                "down": {
                    "uv": [12,12,13,13],
                    "texture": "#0"
                },
                "west": {
                    "uv": [12,12,13,13],
                    "texture": "#0"
                },
                "east": {
                    "uv": [11,11,12,12],
                    "texture": "#0"
                },
                "north": {
                    "uv": [12,12,13,13],
                    "texture": "#0"
                },
                "south": {
                    "uv": [13,11,14,12],
                    "texture": "#0"
                }
            }
        },
        {
            "from": [11,11,8],
            "to": [12,12,9],
            "faces": {
                "up": {
                    "uv": [12,10,13,11],
                    "texture": "#0"
                },
                "down": {
                    "uv": [12,12,13,13],
                    "texture": "#0"
                },
                "west": {
                    "uv": [12,12,13,13],
                    "texture": "#0"
                },
                "east": {
                    "uv": [11,11,12,12],
                    "texture": "#0"
                },
                "north": {
                    "uv": [12,12,13,13],
                    "texture": "#0"
                },
                "south": {
                    "uv": [12,12,13,13],
                    "texture": "#0"
                }
            }
        },
        {
            "from": [8,12,3],
            "to": [9,13,5],
            "faces": {
                "up": {
                    "uv": [11,12,12,13],
                    "texture": "#0"
                },
                "down": {
                    "uv": [11,12,12,13],
                    "texture": "#0"
                },
                "west": {
                    "uv": [11,12,12,13],
                    "texture": "#0"
                },
                "east": {
                    "uv": [11,12,12,13],
                    "texture": "#0"
                },
                "north": {
                    "uv": [11,12,12,13],
                    "texture": "#0"
                },
                "south": {
                    "uv": [12,11,13,12],
                    "texture": "#0"
                }
            }
        },
        {
            "from": [8,13,4],
            "to": [9,14,5],
            "faces": {
                "up": {
                    "uv": [11,11,12,12],
                    "texture": "#0"
                },
                "down": {
                    "uv": [13,11,14,12],
                    "texture": "#0"
                },
                "west": {
                    "uv": [12,12,13,13],
                    "texture": "#0"
                },
                "east": {
                    "uv": [11,11,12,12],
                    "texture": "#0"
                },
                "north": {
                    "uv": [12,12,13,13],
                    "texture": "#0"
                },
                "south": {
                    "uv": [12,12,13,13],
                    "texture": "#0"
                }
            }
        },
        {
            "from": [9,12,4],
            "to": [10,13,5],
            "faces": {
                "up": {
                    "uv": [11,11,12,12],
                    "texture": "#0"
                },
                "down": {
                    "uv": [12,12,13,13],
                    "texture": "#0"
                },
                "west": {
                    "uv": [12,12,13,13],
                    "texture": "#0"
                },
                "east": {
                    "uv": [11,11,12,12],
                    "texture": "#0"
                },
                "north": {
                    "uv": [12,12,13,13],
                    "texture": "#0"
                },
                "south": {
                    "uv": [12,12,13,13],
                    "texture": "#0"
                }
            }
        },
        {
            "from": [8,11,4],
            "to": [9,12,5],
            "faces": {
                "up": {
                    "uv": [12,10,13,11],
                    "texture": "#0"
                },
                "down": {
                    "uv": [12,12,13,13],
                    "texture": "#0"
                },
                "west": {
                    "uv": [12,12,13,13],
                    "texture": "#0"
                },
                "east": {
                    "uv": [11,11,12,12],
                    "texture": "#0"
                },
                "north": {
                    "uv": [11,11,12,12],
                    "texture": "#0"
                },
                "south": {
                    "uv": [12,12,13,13],
                    "texture": "#0"
                }
            }
        },
        {
            "from": [7,12,4],
            "to": [8,13,5],
            "faces": {
                "up": {
                    "uv": [12,12,13,13],
                    "texture": "#0"
                },
                "down": {
                    "uv": [12,12,13,13],
                    "texture": "#0"
                },
                "west": {
                    "uv": [12,12,13,13],
                    "texture": "#0"
                },
                "east": {
                    "uv": [11,11,12,12],
                    "texture": "#0"
                },
                "north": {
                    "uv": [12,12,13,13],
                    "texture": "#0"
                },
                "south": {
                    "uv": [12,12,13,13],
                    "texture": "#0"
                }
            }
        },
        {
            "from": [8,2,3],
            "to": [9,3,5],
            "faces": {
                "up": {
                    "uv": [11,12,12,13],
                    "texture": "#0"
                },
                "down": {
                    "uv": [11,12,12,13],
                    "texture": "#0"
                },
                "west": {
                    "uv": [11,12,12,13],
                    "texture": "#0"
                },
                "east": {
                    "uv": [11,12,12,13],
                    "texture": "#0"
                },
                "north": {
                    "uv": [11,12,12,13],
                    "texture": "#0"
                },
                "south": {
                    "uv": [12,11,13,12],
                    "texture": "#0"
                }
            }
        },
        {
            "from": [8,3,4],
            "to": [9,4,5],
            "faces": {
                "up": {
                    "uv": [11,11,12,12],
                    "texture": "#0"
                },
                "down": {
                    "uv": [13,11,14,12],
                    "texture": "#0"
                },
                "west": {
                    "uv": [12,12,13,13],
                    "texture": "#0"
                },
                "east": {
                    "uv": [11,11,12,12],
                    "texture": "#0"
                },
                "north": {
                    "uv": [12,12,13,13],
                    "texture": "#0"
                },
                "south": {
                    "uv": [12,12,13,13],
                    "texture": "#0"
                }
            }
        },
        {
            "from": [9,2,4],
            "to": [10,3,5],
            "faces": {
                "up": {
                    "uv": [11,11,12,12],
                    "texture": "#0"
                },
                "down": {
                    "uv": [12,12,13,13],
                    "texture": "#0"
                },
                "west": {
                    "uv": [12,12,13,13],
                    "texture": "#0"
                },
                "east": {
                    "uv": [11,11,12,12],
                    "texture": "#0"
                },
                "north": {
                    "uv": [12,12,13,13],
                    "texture": "#0"
                },
                "south": {
                    "uv": [12,12,13,13],
                    "texture": "#0"
                }
            }
        },
        {
            "from": [8,1,4],
            "to": [9,2,5],
            "faces": {
                "up": {
                    "uv": [12,10,13,11],
                    "texture": "#0"
                },
                "down": {
                    "uv": [12,12,13,13],
                    "texture": "#0"
                },
                "west": {
                    "uv": [12,12,13,13],
                    "texture": "#0"
                },
                "east": {
                    "uv": [11,11,12,12],
                    "texture": "#0"
                },
                "north": {
                    "uv": [11,11,12,12],
                    "texture": "#0"
                },
                "south": {
                    "uv": [12,12,13,13],
                    "texture": "#0"
                }
            }
        },
        {
            "from": [7,2,4],
            "to": [8,3,5],
            "faces": {
                "up": {
                    "uv": [12,12,13,13],
                    "texture": "#0"
                },
                "down": {
                    "uv": [12,12,13,13],
                    "texture": "#0"
                },
                "west": {
                    "uv": [12,12,13,13],
                    "texture": "#0"
                },
                "east": {
                    "uv": [11,11,12,12],
                    "texture": "#0"
                },
                "north": {
                    "uv": [12,12,13,13],
                    "texture": "#0"
                },
                "south": {
                    "uv": [12,12,13,13],
                    "texture": "#0"
                }
            }
        },
        {
            "from": [7,12,11],
            "to": [8,13,13],
            "faces": {
                "up": {
                    "uv": [11,12,12,13],
                    "texture": "#0"
                },
                "down": {
                    "uv": [11,12,12,13],
                    "texture": "#0"
                },
                "west": {
                    "uv": [11,12,12,13],
                    "texture": "#0"
                },
                "east": {
                    "uv": [11,12,12,13],
                    "texture": "#0"
                },
                "north": {
                    "uv": [12,11,13,12],
                    "texture": "#0"
                },
                "south": {
                    "uv": [11,12,12,13],
                    "texture": "#0"
                }
            }
        },
        {
            "from": [6,12,11],
            "to": [7,13,12],
            "faces": {
                "up": {
                    "uv": [11,11,12,12],
                    "texture": "#0"
                },
                "down": {
                    "uv": [12,12,13,13],
                    "texture": "#0"
                },
                "west": {
                    "uv": [12,12,13,13],
                    "texture": "#0"
                },
                "east": {
                    "uv": [11,11,12,12],
                    "texture": "#0"
                },
                "north": {
                    "uv": [12,12,13,13],
                    "texture": "#0"
                },
                "south": {
                    "uv": [12,12,13,13],
                    "texture": "#0"
                }
            }
        },
        {
            "from": [7,13,11],
            "to": [8,14,12],
            "faces": {
                "up": {
                    "uv": [11,11,12,12],
                    "texture": "#0"
                },
                "down": {
                    "uv": [13,11,14,12],
                    "texture": "#0"
                },
                "west": {
                    "uv": [12,12,13,13],
                    "texture": "#0"
                },
                "east": {
                    "uv": [11,11,12,12],
                    "texture": "#0"
                },
                "north": {
                    "uv": [12,12,13,13],
                    "texture": "#0"
                },
                "south": {
                    "uv": [12,12,13,13],
                    "texture": "#0"
                }
            }
        },
        {
            "from": [8,12,11],
            "to": [9,13,12],
            "faces": {
                "up": {
                    "uv": [11,11,12,12],
                    "texture": "#0"
                },
                "down": {
                    "uv": [12,12,13,13],
                    "texture": "#0"
                },
                "west": {
                    "uv": [12,12,13,13],
                    "texture": "#0"
                },
                "east": {
                    "uv": [11,11,12,12],
                    "texture": "#0"
                },
                "north": {
                    "uv": [12,12,13,13],
                    "texture": "#0"
                },
                "south": {
                    "uv": [11,11,12,12],
                    "texture": "#0"
                }
            }
        },
        {
            "from": [7,11,11],
            "to": [8,12,12],
            "faces": {
                "up": {
                    "uv": [12,10,13,11],
                    "texture": "#0"
                },
                "down": {
                    "uv": [12,12,13,13],
                    "texture": "#0"
                },
                "west": {
                    "uv": [12,12,13,13],
                    "texture": "#0"
                },
                "east": {
                    "uv": [11,11,12,12],
                    "texture": "#0"
                },
                "north": {
                    "uv": [12,12,13,13],
                    "texture": "#0"
                },
                "south": {
                    "uv": [11,13,12,14],
                    "texture": "#0"
                }
            }
        },
        {
            "from": [7,2,11],
            "to": [8,3,13],
            "faces": {
                "up": {
                    "uv": [11,12,12,13],
                    "texture": "#0"
                },
                "down": {
                    "uv": [11,12,12,13],
                    "texture": "#0"
                },
                "west": {
                    "uv": [11,12,12,13],
                    "texture": "#0"
                },
                "east": {
                    "uv": [11,12,12,13],
                    "texture": "#0"
                },
                "north": {
                    "uv": [12,11,13,12],
                    "texture": "#0"
                },
                "south": {
                    "uv": [11,12,12,13],
                    "texture": "#0"
                }
            }
        },
        {
            "from": [6,2,11],
            "to": [7,3,12],
            "faces": {
                "up": {
                    "uv": [11,11,12,12],
                    "texture": "#0"
                },
                "down": {
                    "uv": [12,12,13,13],
                    "texture": "#0"
                },
                "west": {
                    "uv": [12,12,13,13],
                    "texture": "#0"
                },
                "east": {
                    "uv": [11,11,12,12],
                    "texture": "#0"
                },
                "north": {
                    "uv": [12,12,13,13],
                    "texture": "#0"
                },
                "south": {
                    "uv": [12,12,13,13],
                    "texture": "#0"
                }
            }
        },
        {
            "from": [7,3,11],
            "to": [8,4,12],
            "faces": {
                "up": {
                    "uv": [11,11,12,12],
                    "texture": "#0"
                },
                "down": {
                    "uv": [13,11,14,12],
                    "texture": "#0"
                },
                "west": {
                    "uv": [12,12,13,13],
                    "texture": "#0"
                },
                "east": {
                    "uv": [11,11,12,12],
                    "texture": "#0"
                },
                "north": {
                    "uv": [12,12,13,13],
                    "texture": "#0"
                },
                "south": {
                    "uv": [12,12,13,13],
                    "texture": "#0"
                }
            }
        },
        {
            "from": [8,2,11],
            "to": [9,3,12],
            "faces": {
                "up": {
                    "uv": [11,11,12,12],
                    "texture": "#0"
                },
                "down": {
                    "uv": [12,12,13,13],
                    "texture": "#0"
                },
                "west": {
                    "uv": [12,12,13,13],
                    "texture": "#0"
                },
                "east": {
                    "uv": [11,11,12,12],
                    "texture": "#0"
                },
                "north": {
                    "uv": [12,12,13,13],
                    "texture": "#0"
                },
                "south": {
                    "uv": [11,11,12,12],
                    "texture": "#0"
                }
            }
        },
        {
            "from": [7,1,11],
            "to": [8,2,12],
            "faces": {
                "up": {
                    "uv": [12,10,13,11],
                    "texture": "#0"
                },
                "down": {
                    "uv": [12,12,13,13],
                    "texture": "#0"
                },
                "west": {
                    "uv": [12,12,13,13],
                    "texture": "#0"
                },
                "east": {
                    "uv": [11,11,12,12],
                    "texture": "#0"
                },
                "north": {
                    "uv": [12,12,13,13],
                    "texture": "#0"
                },
                "south": {
                    "uv": [11,13,12,14],
                    "texture": "#0"
                }
            }
        }
    ]
}