{
    "__createdwith": "opl's Model Creator",
    "ambientocclusion": false,
    "textures": {
        "0": "blocks/flower_pot",
        "1": "blocks/dirt",
        "particle": "blocks/flower_pot"
    },
    "elements": [
        {
            "from": [5,0,5],
            "to": [11,6,6],
            "faces": {
                "up": {
                    "texture": "#0"
                },
                "down": {
                    "texture": "#0"
                },
                "west": {
                    "texture": "#0"
                },
                "east": {
                    "texture": "#0"
                },
                "north": {
                    "texture": "#0"
                },
                "south": {
                    "texture": "#0"
                }
            }
        },
        {
            "from": [5,0,10],
            "to": [11,6,11],
            "faces": {
                "up": {
                    "texture": "#0"
                },
                "down": {
                    "texture": "#0"
                },
                "west": {
                    "texture": "#0"
                },
                "east": {
                    "texture": "#0"
                },
                "north": {
                    "texture": "#0"
                },
                "south": {
                    "texture": "#0"
                }
            }
        },
        {
            "from": [5,0,6],
            "to": [6,6,10],
            "faces": {
                "up": {
                    "texture": "#0"
                },
                "down": {
                    "texture": "#0"
                },
                "west": {
                    "texture": "#0"
                },
                "east": {
                    "texture": "#0"
                },
                "north": {
                    "texture": "#0"
                },
                "south": {
                    "texture": "#0"
                }
            }
        },
        {
            "from": [10,0,6],
            "to": [11,6,10],
            "faces": {
                "up": {
                    "texture": "#0"
                },
                "down": {
                    "texture": "#0"
                },
                "west": {
                    "texture": "#0"
                },
                "east": {
                    "texture": "#0"
                },
                "north": {
                    "texture": "#0"
                },
                "south": {
                    "texture": "#0"
                }
            }
        },
        {
            "from": [6,0,6],
            "to": [10,4,10],
            "faces": {
                "up": {
                    "texture": "#1"
                }
            }
        }
    ]
}