{
    "__createdwith": "opl's Model Creator",
    "ambientocclusion": false,
    "textures": {
        "0": "blocks/flower_pot",
        "1": "blocks/dirt",
        "2": "blocks/mushroom_brown",
        "particle": "blocks/flower_pot"
    },
    "elements": [
        {
            "from": [6,10,6],
            "to": [10,11,10],
            "faces": {
                "up": {
                    "uv": [5,10,8,13],
                    "texture": "#2"
                },
                "west": {
                    "uv": [5,11,9,12],
                    "texture": "#2"
                },
                "east": {
                    "uv": [4,11,8,12],
                    "texture": "#2"
                },
                "north": {
                    "uv": [4,11,8,12],
                    "texture": "#2"
                },
                "south": {
                    "uv": [5,11,9,12],
                    "texture": "#2"
                }
            }
        },
        {
            "from": [5,7,5],
            "to": [11,10,11],
            "faces": {
                "up": {
                    "uv": [7,10,9,12],
                    "texture": "#2"
                },
                "down": {
                    "uv": [10,11,11,12],
                    "texture": "#2"
                },
                "west": {
                    "uv": [5,10,10,13],
                    "texture": "#2"
                },
                "east": {
                    "uv": [6,10,10,13],
                    "texture": "#2"
                },
                "north": {
                    "uv": [6,10,11,13],
                    "texture": "#2"
                },
                "south": {
                    "uv": [5,9,11,12],
                    "texture": "#2"
                }
            }
        },
        {
            "from": [7,4,7],
            "to": [9,7,9],
            "faces": {
                "down": {
                    "uv": [6,13,8,15],
                    "texture": "#2"
                },
                "west": {
                    "uv": [7,13,9,16],
                    "texture": "#2"
                },
                "east": {
                    "uv": [7,13,9,16],
                    "texture": "#2"
                },
                "north": {
                    "uv": [7,13,9,16],
                    "texture": "#2"
                },
                "south": {
                    "uv": [7,13,9,16],
                    "texture": "#2"
                }
            }
        },
        {
            "from": [5,0,5],
            "to": [11,6,6],
            "faces": {
                "up": {
                    "texture": "#0"
                },
                "down": {
                    "texture": "#0"
                },
                "west": {
                    "texture": "#0"
                },
                "east": {
                    "texture": "#0"
                },
                "north": {
                    "texture": "#0"
                },
                "south": {
                    "texture": "#0"
                }
            }
        },
        {
            "from": [6,0,6],
            "to": [10,4,10],
            "faces": {
                "up": {
                    "texture": "#1"
                }
            }
        },
        {
            "from": [5,0,6],
            "to": [6,6,10],
            "faces": {
                "up": {
                    "texture": "#0"
                },
                "down": {
                    "texture": "#0"
                },
                "west": {
                    "texture": "#0"
                },
                "east": {
                    "texture": "#0"
                },
                "north": {
                    "texture": "#0"
                },
                "south": {
                    "texture": "#0"
                }
            }
        },
        {
            "from": [5,0,10],
            "to": [11,6,11],
            "faces": {
                "up": {
                    "texture": "#0"
                },
                "down": {
                    "texture": "#0"
                },
                "west": {
                    "texture": "#0"
                },
                "east": {
                    "texture": "#0"
                },
                "north": {
                    "texture": "#0"
                },
                "south": {
                    "texture": "#0"
                }
            }
        },
        {
            "from": [10,0,6],
            "to": [11,6,10],
            "faces": {
                "up": {
                    "texture": "#0"
                },
                "down": {
                    "texture": "#0"
                },
                "west": {
                    "texture": "#0"
                },
                "east": {
                    "texture": "#0"
                },
                "north": {
                    "texture": "#0"
                },
                "south": {
                    "texture": "#0"
                }
            }
        }
    ]
}