{
    "__createdwith": "opl's Model Creator",
    "ambientocclusion": false,
    "textures": {
        "0": "blocks/flower_allium",
        "1": "blocks/dirt",
        "2": "blocks/flower_pot",
        "particle": "blocks/flower_pot"
    },
    "elements": [
        {
            "from": [7,14,7],
            "to": [9,16,9],
            "faces": {
                "up": {
                    "uv": [8,4,9,5],
                    "texture": "#0"
                },
                "down": {
                    "uv": [8,5,9,6],
                    "texture": "#0"
                },
                "west": {
                    "uv": [8,5,10,6],
                    "texture": "#0"
                },
                "east": {
                    "uv": [8,5,10,6],
                    "texture": "#0"
                },
                "north": {
                    "uv": [8,5,10,6],
                    "texture": "#0"
                },
                "south": {
                    "uv": [8,5,9,6],
                    "texture": "#0"
                }
            }
        },
        {
            "from": [9,14,7],
            "to": [11,15,9],
            "faces": {
                "up": {
                    "uv": [9,3,11,5],
                    "texture": "#0"
                },
                "down": {
                    "uv": [9,3,11,5],
                    "texture": "#0"
                },
                "west": {
                    "uv": [8,3,9,6],
                    "texture": "#0"
                },
                "east": {
                    "uv": [9,3,11,5],
                    "texture": "#0"
                },
                "north": {
                    "uv": [9,3,11,5],
                    "texture": "#0"
                },
                "south": {
                    "uv": [9,3,11,5],
                    "texture": "#0"
                }
            }
        },
        {
            "from": [9,14,9],
            "to": [10,15,10],
            "faces": {
                "up": {
                    "uv": [7,6,8,7],
                    "texture": "#0"
                },
                "down": {
                    "uv": [8,5,9,6],
                    "texture": "#0"
                },
                "west": {
                    "uv": [8,3,9,6],
                    "texture": "#0"
                },
                "east": {
                    "uv": [7,6,8,7],
                    "texture": "#0"
                },
                "north": {
                    "uv": [8,3,9,6],
                    "texture": "#0"
                },
                "south": {
                    "uv": [7,6,8,7],
                    "texture": "#0"
                }
            }
        },
        {
            "from": [7,14,9],
            "to": [9,15,11],
            "faces": {
                "up": {
                    "uv": [9,3,11,5],
                    "texture": "#0"
                },
                "down": {
                    "uv": [9,3,11,5],
                    "texture": "#0"
                },
                "west": {
                    "uv": [9,3,11,5],
                    "texture": "#0"
                },
                "east": {
                    "uv": [9,3,11,5],
                    "texture": "#0"
                },
                "north": {
                    "uv": [8,3,9,6],
                    "texture": "#0"
                },
                "south": {
                    "uv": [9,3,11,5],
                    "texture": "#0"
                }
            }
        },
        {
            "from": [9,14,6],
            "to": [10,15,7],
            "faces": {
                "up": {
                    "uv": [7,6,8,7],
                    "texture": "#0"
                },
                "down": {
                    "uv": [8,5,9,6],
                    "texture": "#0"
                },
                "west": {
                    "uv": [8,3,9,6],
                    "texture": "#0"
                },
                "east": {
                    "uv": [7,6,8,7],
                    "texture": "#0"
                },
                "north": {
                    "uv": [7,6,8,7],
                    "texture": "#0"
                },
                "south": {
                    "uv": [8,5,9,6],
                    "texture": "#0"
                }
            }
        },
        {
            "from": [7,14,5],
            "to": [9,15,7],
            "faces": {
                "up": {
                    "uv": [9,3,11,5],
                    "texture": "#0"
                },
                "down": {
                    "uv": [9,3,11,5],
                    "texture": "#0"
                },
                "west": {
                    "uv": [9,3,11,5],
                    "texture": "#0"
                },
                "east": {
                    "uv": [9,3,11,5],
                    "texture": "#0"
                },
                "north": {
                    "uv": [9,3,11,5],
                    "texture": "#0"
                },
                "south": {
                    "uv": [8,3,9,6],
                    "texture": "#0"
                }
            }
        },
        {
            "from": [6,14,6],
            "to": [7,15,7],
            "faces": {
                "up": {
                    "uv": [7,6,8,7],
                    "texture": "#0"
                },
                "down": {
                    "uv": [8,5,9,6],
                    "texture": "#0"
                },
                "west": {
                    "uv": [7,6,8,7],
                    "texture": "#0"
                },
                "east": {
                    "uv": [7,5,9,6],
                    "texture": "#0"
                },
                "north": {
                    "uv": [7,6,8,7],
                    "texture": "#0"
                },
                "south": {
                    "uv": [8,5,9,6],
                    "texture": "#0"
                }
            }
        },
        {
            "from": [5,14,7],
            "to": [7,15,9],
            "faces": {
                "up": {
                    "uv": [9,3,11,5],
                    "texture": "#0"
                },
                "down": {
                    "uv": [9,3,11,5],
                    "texture": "#0"
                },
                "west": {
                    "uv": [6,3,8,5],
                    "texture": "#0"
                },
                "east": {
                    "uv": [8,3,9,6],
                    "texture": "#0"
                },
                "north": {
                    "uv": [9,3,11,5],
                    "texture": "#0"
                },
                "south": {
                    "uv": [9,3,11,5],
                    "texture": "#0"
                }
            }
        },
        {
            "from": [6,14,9],
            "to": [7,15,10],
            "faces": {
                "up": {
                    "uv": [7,6,8,7],
                    "texture": "#0"
                },
                "down": {
                    "uv": [8,5,9,6],
                    "texture": "#0"
                },
                "west": {
                    "uv": [7,6,8,7],
                    "texture": "#0"
                },
                "east": {
                    "uv": [7,5,9,6],
                    "texture": "#0"
                },
                "north": {
                    "uv": [8,5,9,6],
                    "texture": "#0"
                },
                "south": {
                    "uv": [7,6,8,7],
                    "texture": "#0"
                }
            }
        },
        {
            "from": [6,13,6],
            "to": [10,14,10],
            "faces": {
                "up": {
                    "uv": [8,6,9,7],
                    "texture": "#0"
                },
                "down": {
                    "uv": [8,13,9,14],
                    "texture": "#0"
                },
                "west": {
                    "uv": [8,7,9,8],
                    "texture": "#0"
                },
                "east": {
                    "uv": [8,7,9,8],
                    "texture": "#0"
                },
                "north": {
                    "uv": [8,7,9,8],
                    "texture": "#0"
                },
                "south": {
                    "uv": [8,7,9,8],
                    "texture": "#0"
                }
            }
        },
        {
            "from": [7,4,7],
            "to": [9,13,9],
            "faces": {
                "up": {
                    "uv": [7,15,8,16],
                    "texture": "#0"
                },
                "down": {
                    "uv": [8,15,9,16],
                    "texture": "#0"
                },
                "west": {
                    "uv": [8,7,9,16],
                    "texture": "#0"
                },
                "east": {
                    "uv": [8,7,9,16],
                    "texture": "#0"
                },
                "north": {
                    "uv": [8,7,9,16],
                    "texture": "#0"
                },
                "south": {
                    "uv": [8,7,9,16],
                    "texture": "#0"
                }
            }
        },
        {
            "from": [8,10,10],
            "to": [10,11,12],
            "faces": {
                "up": {
                    "uv": [8,10,9,11],
                    "texture": "#0"
                },
                "down": {
                    "uv": [8,10,9,11],
                    "texture": "#0"
                },
                "west": {
                    "uv": [8,10,9,11],
                    "texture": "#0"
                },
                "east": {
                    "uv": [8,10,9,11],
                    "texture": "#0"
                },
                "north": {
                    "uv": [8,11,9,12],
                    "texture": "#0"
                },
                "south": {
                    "uv": [8,10,9,11],
                    "texture": "#0"
                }
            }
        },
        {
            "from": [8,10,9],
            "to": [9,11,10],
            "faces": {
                "up": {
                    "uv": [8,11,9,12],
                    "texture": "#0"
                },
                "down": {
                    "uv": [8,11,9,12],
                    "texture": "#0"
                },
                "west": {
                    "uv": [8,11,9,12],
                    "texture": "#0"
                },
                "east": {
                    "uv": [8,11,9,12],
                    "texture": "#0"
                },
                "north": {
                    "uv": [8,11,9,12],
                    "texture": "#0"
                },
                "south": {
                    "uv": [8,11,9,12],
                    "texture": "#0"
                }
            }
        },
        {
            "from": [6,9,4],
            "to": [8,10,6],
            "faces": {
                "up": {
                    "uv": [8,10,9,11],
                    "texture": "#0"
                },
                "down": {
                    "uv": [8,10,9,11],
                    "texture": "#0"
                },
                "west": {
                    "uv": [8,10,9,11],
                    "texture": "#0"
                },
                "east": {
                    "uv": [8,10,9,11],
                    "texture": "#0"
                },
                "north": {
                    "uv": [8,10,9,11],
                    "texture": "#0"
                },
                "south": {
                    "uv": [8,10,9,11],
                    "texture": "#0"
                }
            }
        },
        {
            "from": [7,9,6],
            "to": [8,10,7],
            "faces": {
                "up": {
                    "uv": [8,11,9,12],
                    "texture": "#0"
                },
                "down": {
                    "uv": [8,11,9,12],
                    "texture": "#0"
                },
                "west": {
                    "uv": [8,11,9,12],
                    "texture": "#0"
                },
                "east": {
                    "uv": [8,10,9,11],
                    "texture": "#0"
                },
                "north": {
                    "uv": [8,11,9,12],
                    "texture": "#0"
                },
                "south": {
                    "uv": [8,11,9,12],
                    "texture": "#0"
                }
            }
        },
        {
            "from": [10,8,6],
            "to": [12,9,8],
            "faces": {
                "up": {
                    "uv": [8,10,9,11],
                    "texture": "#0"
                },
                "down": {
                    "uv": [8,10,9,11],
                    "texture": "#0"
                },
                "west": {
                    "uv": [8,10,9,11],
                    "texture": "#0"
                },
                "east": {
                    "uv": [8,10,9,11],
                    "texture": "#0"
                },
                "north": {
                    "uv": [8,11,9,12],
                    "texture": "#0"
                },
                "south": {
                    "uv": [8,10,9,11],
                    "texture": "#0"
                }
            }
        },
        {
            "from": [9,8,7],
            "to": [10,9,8],
            "faces": {
                "up": {
                    "uv": [8,11,9,12],
                    "texture": "#0"
                },
                "down": {
                    "uv": [8,11,9,12],
                    "texture": "#0"
                },
                "west": {
                    "uv": [8,11,9,12],
                    "texture": "#0"
                },
                "east": {
                    "uv": [8,9,9,10],
                    "texture": "#0"
                },
                "north": {
                    "uv": [8,11,9,12],
                    "texture": "#0"
                },
                "south": {
                    "uv": [8,11,9,12],
                    "texture": "#0"
                }
            }
        },
        {
            "from": [4,7,8],
            "to": [6,8,10],
            "faces": {
                "up": {
                    "uv": [8,10,9,11],
                    "texture": "#0"
                },
                "down": {
                    "uv": [8,10,9,11],
                    "texture": "#0"
                },
                "west": {
                    "uv": [8,10,9,11],
                    "texture": "#0"
                },
                "east": {
                    "uv": [8,10,9,11],
                    "texture": "#0"
                },
                "north": {
                    "uv": [8,11,9,12],
                    "texture": "#0"
                },
                "south": {
                    "uv": [8,10,9,11],
                    "texture": "#0"
                }
            }
        },
        {
            "from": [6,7,8],
            "to": [7,8,9],
            "faces": {
                "up": {
                    "uv": [8,11,9,12],
                    "texture": "#0"
                },
                "down": {
                    "uv": [8,11,9,12],
                    "texture": "#0"
                },
                "west": {
                    "uv": [8,11,9,12],
                    "texture": "#0"
                },
                "east": {
                    "uv": [8,9,9,10],
                    "texture": "#0"
                },
                "north": {
                    "uv": [8,11,9,12],
                    "texture": "#0"
                },
                "south": {
                    "uv": [8,11,9,12],
                    "texture": "#0"
                }
            }
        },
        {
            "from": [5,0,5],
            "to": [11,6,6],
            "faces": {
                "up": {
                    "texture": "#2"
                },
                "down": {
                    "texture": "#2"
                },
                "west": {
                    "texture": "#2"
                },
                "east": {
                    "texture": "#2"
                },
                "north": {
                    "texture": "#2"
                },
                "south": {
                    "texture": "#2"
                }
            }
        },
        {
            "from": [6,0,6],
            "to": [10,4,10],
            "faces": {
                "up": {
                    "texture": "#2"
                }
            }
        },
        {
            "from": [5,0,6],
            "to": [6,6,10],
            "faces": {
                "up": {
                    "texture": "#2"
                },
                "down": {
                    "texture": "#2"
                },
                "west": {
                    "texture": "#2"
                },
                "east": {
                    "texture": "#2"
                },
                "north": {
                    "texture": "#2"
                },
                "south": {
                    "texture": "#2"
                }
            }
        },
        {
            "from": [5,0,10],
            "to": [11,6,11],
            "faces": {
                "up": {
                    "texture": "#2"
                },
                "down": {
                    "texture": "#2"
                },
                "west": {
                    "texture": "#2"
                },
                "east": {
                    "texture": "#2"
                },
                "north": {
                    "texture": "#2"
                },
                "south": {
                    "texture": "#2"
                }
            }
        },
        {
            "from": [10,0,6],
            "to": [11,6,10],
            "faces": {
                "up": {
                    "texture": "#2"
                },
                "down": {
                    "texture": "#2"
                },
                "west": {
                    "texture": "#2"
                },
                "east": {
                    "texture": "#2"
                },
                "north": {
                    "texture": "#2"
                },
                "south": {
                    "texture": "#2"
                }
            }
        }
    ]
}