{
    "__createdwith": "opl's Model Creator",
    "ambientocclusion": false,
    "textures": {
        "0": "blocks/flower_pot",
        "1": "blocks/dirt",
        "2": "blocks/flower_tulip_red",
        "3": "blocks/sponge",
        "particle": "blocks/flower_pot"
    },
    "elements": [
        {
            "from": [7,11,7],
            "to": [9,13.5,9],
            "faces": {
                "up": {
                    "uv": [0,0,1,1],
                    "texture": "#3"
                },
                "down": {
                    "uv": [8,5,9,6],
                    "texture": "#2"
                },
                "west": {
                    "uv": [7,5,9,7],
                    "texture": "#2"
                },
                "east": {
                    "uv": [7,5,9,7],
                    "texture": "#2"
                },
                "north": {
                    "uv": [7,5,9,7],
                    "texture": "#2"
                },
                "south": {
                    "uv": [7,5,9,7],
                    "texture": "#2"
                }
            }
        },
        {
            "from": [7,12,9],
            "to": [9,14.5,10],
            "faces": {
                "up": {
                    "uv": [8,3,9,4],
                    "texture": "#2"
                },
                "down": {
                    "uv": [8,5,9,6],
                    "texture": "#2"
                },
                "west": {
                    "uv": [8,3,9,6],
                    "texture": "#2"
                },
                "east": {
                    "uv": [8,3,9,6],
                    "texture": "#2"
                },
                "north": {
                    "uv": [8,3,9,6],
                    "texture": "#2"
                },
                "south": {
                    "uv": [7,3,9,6],
                    "texture": "#2"
                }
            }
        },
        {
            "from": [6,12,7],
            "to": [7,14.5,9],
            "faces": {
                "up": {
                    "uv": [8,3,9,4],
                    "texture": "#2"
                },
                "down": {
                    "uv": [8,5,9,6],
                    "texture": "#2"
                },
                "west": {
                    "uv": [7,3,9,6],
                    "texture": "#2"
                },
                "east": {
                    "uv": [8,3,9,6],
                    "texture": "#2"
                },
                "north": {
                    "uv": [8,3,9,6],
                    "texture": "#2"
                },
                "south": {
                    "uv": [8,3,9,6],
                    "texture": "#2"
                }
            }
        },
        {
            "from": [7,12,6],
            "to": [9,14.5,7],
            "faces": {
                "up": {
                    "uv": [8,3,9,4],
                    "texture": "#2"
                },
                "down": {
                    "uv": [8,5,9,6],
                    "texture": "#2"
                },
                "west": {
                    "uv": [8,3,9,6],
                    "texture": "#2"
                },
                "east": {
                    "uv": [8,3,9,6],
                    "texture": "#2"
                },
                "north": {
                    "uv": [7,3,9,6],
                    "texture": "#2"
                },
                "south": {
                    "uv": [8,3,9,6],
                    "texture": "#2"
                }
            }
        },
        {
            "from": [6,12,6],
            "to": [7,16,7],
            "faces": {
                "up": {
                    "uv": [6,2,7,3],
                    "texture": "#2"
                },
                "down": {
                    "uv": [6,5,7,6],
                    "texture": "#2"
                },
                "west": {
                    "uv": [6,2,7,6],
                    "texture": "#2"
                },
                "east": {
                    "uv": [6,3,7,6],
                    "texture": "#2"
                },
                "north": {
                    "uv": [6,2,7,6],
                    "texture": "#2"
                },
                "south": {
                    "uv": [6,3,7,6],
                    "texture": "#2"
                }
            }
        },
        {
            "from": [6,12,9],
            "to": [7,16,10],
            "faces": {
                "up": {
                    "uv": [6,2,7,3],
                    "texture": "#2"
                },
                "down": {
                    "uv": [6,5,7,6],
                    "texture": "#2"
                },
                "west": {
                    "uv": [6,2,7,6],
                    "texture": "#2"
                },
                "east": {
                    "uv": [6,3,7,6],
                    "texture": "#2"
                },
                "north": {
                    "uv": [6,3,7,6],
                    "texture": "#2"
                },
                "south": {
                    "uv": [6,2,7,6],
                    "texture": "#2"
                }
            }
        },
        {
            "from": [9,12,9],
            "to": [10,16,10],
            "faces": {
                "up": {
                    "uv": [6,2,7,3],
                    "texture": "#2"
                },
                "down": {
                    "uv": [9,5,10,6],
                    "texture": "#2"
                },
                "west": {
                    "uv": [8,3,9,6],
                    "texture": "#2"
                },
                "east": {
                    "uv": [9,2,10,6],
                    "texture": "#2"
                },
                "north": {
                    "uv": [8,3,9,6],
                    "texture": "#2"
                },
                "south": {
                    "uv": [9,2,10,6],
                    "texture": "#2"
                }
            }
        },
        {
            "from": [9,12,6],
            "to": [10,16,7],
            "faces": {
                "up": {
                    "uv": [9,2,10,3],
                    "texture": "#2"
                },
                "down": {
                    "uv": [9,5,10,6],
                    "texture": "#2"
                },
                "west": {
                    "uv": [8,3,9,6],
                    "texture": "#2"
                },
                "east": {
                    "uv": [9,2,10,6],
                    "texture": "#2"
                },
                "north": {
                    "uv": [9,2,10,6],
                    "texture": "#2"
                },
                "south": {
                    "uv": [8,3,9,6],
                    "texture": "#2"
                }
            }
        },
        {
            "from": [9,12,7],
            "to": [10,14.5,9],
            "faces": {
                "up": {
                    "uv": [8,3,9,4],
                    "texture": "#2"
                },
                "down": {
                    "uv": [8,5,9,6],
                    "texture": "#2"
                },
                "west": {
                    "uv": [8,3,9,6],
                    "texture": "#2"
                },
                "east": {
                    "uv": [7,3,9,6],
                    "texture": "#2"
                },
                "north": {
                    "uv": [8,3,9,6],
                    "texture": "#2"
                },
                "south": {
                    "uv": [8,3,9,6],
                    "texture": "#2"
                }
            }
        },
        {
            "from": [7,2,7],
            "to": [9,11,9],
            "faces": {
                "up": {
                    "uv": [7,15,8,16],
                    "texture": "#2"
                },
                "down": {
                    "uv": [7,7,8,8],
                    "texture": "#2"
                },
                "west": {
                    "uv": [7,7,9,16],
                    "texture": "#2"
                },
                "east": {
                    "uv": [7,7,9,16],
                    "texture": "#2"
                },
                "north": {
                    "uv": [7,7,9,16],
                    "texture": "#2"
                },
                "south": {
                    "uv": [7,7,9,16],
                    "texture": "#2"
                }
            }
        },
        {
            "from": [9,9,8],
            "to": [10,10,9],
            "faces": {
                "up": {
                    "uv": [9,10,10,11],
                    "texture": "#2"
                },
                "down": {
                    "uv": [9,10,10,11],
                    "texture": "#2"
                },
                "west": {
                    "uv": [6,9,7,15],
                    "texture": "#2"
                },
                "east": {
                    "uv": [6,11,7,12],
                    "texture": "#2"
                },
                "north": {
                    "uv": [9,10,10,11],
                    "texture": "#2"
                },
                "south": {
                    "uv": [9,10,10,11],
                    "texture": "#2"
                }
            }
        },
        {
            "from": [10,9,7],
            "to": [12,11,9],
            "faces": {
                "up": {
                    "uv": [10,9,12,11],
                    "texture": "#2"
                },
                "down": {
                    "uv": [10,9,12,11],
                    "texture": "#2"
                },
                "west": {
                    "uv": [10,9,12,11],
                    "texture": "#2"
                },
                "east": {
                    "uv": [10,9,12,11],
                    "texture": "#2"
                },
                "north": {
                    "uv": [10,9,12,11],
                    "texture": "#2"
                },
                "south": {
                    "uv": [10,9,12,11],
                    "texture": "#2"
                }
            }
        },
        {
            "from": [6,8,7],
            "to": [7,9,8],
            "faces": {
                "up": {
                    "uv": [9,10,10,11],
                    "texture": "#2"
                },
                "down": {
                    "uv": [9,10,10,11],
                    "texture": "#2"
                },
                "west": {
                    "uv": [6,11,7,12],
                    "texture": "#2"
                },
                "east": {
                    "uv": [6,9,7,15],
                    "texture": "#2"
                },
                "north": {
                    "uv": [9,10,10,11],
                    "texture": "#2"
                },
                "south": {
                    "uv": [9,10,10,11],
                    "texture": "#2"
                }
            }
        },
        {
            "from": [4,8,7],
            "to": [6,10,9],
            "faces": {
                "up": {
                    "uv": [10,9,12,11],
                    "texture": "#2"
                },
                "down": {
                    "uv": [10,9,12,11],
                    "texture": "#2"
                },
                "west": {
                    "uv": [10,9,12,11],
                    "texture": "#2"
                },
                "east": {
                    "uv": [10,9,12,11],
                    "texture": "#2"
                },
                "north": {
                    "uv": [10,9,12,11],
                    "texture": "#2"
                },
                "south": {
                    "uv": [10,9,12,11],
                    "texture": "#2"
                }
            }
        },
        {
            "from": [8,7,6],
            "to": [9,8,7],
            "faces": {
                "up": {
                    "uv": [9,10,10,11],
                    "texture": "#2"
                },
                "down": {
                    "uv": [9,10,10,11],
                    "texture": "#2"
                },
                "west": {
                    "uv": [6,11,7,12],
                    "texture": "#2"
                },
                "east": {
                    "uv": [6,11,7,12],
                    "texture": "#2"
                },
                "north": {
                    "uv": [9,10,10,11],
                    "texture": "#2"
                },
                "south": {
                    "uv": [9,10,10,11],
                    "texture": "#2"
                }
            }
        },
        {
            "from": [7,7,4],
            "to": [9,9,6],
            "faces": {
                "up": {
                    "uv": [10,9,12,11],
                    "texture": "#2"
                },
                "down": {
                    "uv": [10,9,12,11],
                    "texture": "#2"
                },
                "west": {
                    "uv": [10,9,12,11],
                    "texture": "#2"
                },
                "east": {
                    "uv": [10,9,12,11],
                    "texture": "#2"
                },
                "north": {
                    "uv": [10,9,12,11],
                    "texture": "#2"
                },
                "south": {
                    "uv": [10,9,12,11],
                    "texture": "#2"
                }
            }
        },
        {
            "from": [7,6,9],
            "to": [8,7,10],
            "faces": {
                "up": {
                    "uv": [9,10,10,11],
                    "texture": "#2"
                },
                "down": {
                    "uv": [9,10,10,11],
                    "texture": "#2"
                },
                "west": {
                    "uv": [6,11,7,12],
                    "texture": "#2"
                },
                "east": {
                    "uv": [6,11,7,12],
                    "texture": "#2"
                },
                "north": {
                    "uv": [9,10,10,11],
                    "texture": "#2"
                },
                "south": {
                    "uv": [9,10,10,11],
                    "texture": "#2"
                }
            }
        },
        {
            "from": [7,6,10],
            "to": [9,8,12],
            "faces": {
                "up": {
                    "uv": [10,9,12,11],
                    "texture": "#2"
                },
                "down": {
                    "uv": [10,9,12,11],
                    "texture": "#2"
                },
                "west": {
                    "uv": [10,9,12,11],
                    "texture": "#2"
                },
                "east": {
                    "uv": [10,9,12,11],
                    "texture": "#2"
                },
                "north": {
                    "uv": [10,9,12,11],
                    "texture": "#2"
                },
                "south": {
                    "uv": [10,9,12,11],
                    "texture": "#2"
                }
            }
        },
        {
            "from": [5,0,5],
            "to": [11,6,6],
            "faces": {
                "up": {
                    "texture": "#0"
                },
                "down": {
                    "texture": "#0"
                },
                "west": {
                    "texture": "#0"
                },
                "east": {
                    "texture": "#0"
                },
                "north": {
                    "texture": "#0"
                },
                "south": {
                    "texture": "#0"
                }
            }
        },
        {
            "from": [6,0,6],
            "to": [10,4,10],
            "faces": {
                "up": {
                    "texture": "#1"
                }
            }
        },
        {
            "from": [5,0,6],
            "to": [6,6,10],
            "faces": {
                "up": {
                    "texture": "#0"
                },
                "down": {
                    "texture": "#0"
                },
                "west": {
                    "texture": "#0"
                },
                "east": {
                    "texture": "#0"
                },
                "north": {
                    "texture": "#0"
                },
                "south": {
                    "texture": "#0"
                }
            }
        },
        {
            "from": [5,0,10],
            "to": [11,6,11],
            "faces": {
                "up": {
                    "texture": "#0"
                },
                "down": {
                    "texture": "#0"
                },
                "west": {
                    "texture": "#0"
                },
                "east": {
                    "texture": "#0"
                },
                "north": {
                    "texture": "#0"
                },
                "south": {
                    "texture": "#0"
                }
            }
        },
        {
            "from": [10,0,6],
            "to": [11,6,10],
            "faces": {
                "up": {
                    "texture": "#0"
                },
                "down": {
                    "texture": "#0"
                },
                "west": {
                    "texture": "#0"
                },
                "east": {
                    "texture": "#0"
                },
                "north": {
                    "texture": "#0"
                },
                "south": {
                    "texture": "#0"
                }
            }
        }
    ]
}