{
    "__createdwith": "opl's Model Creator",
    "ambientocclusion": false,
    "textures": {
        "0": "blocks/cactus_side",
        "1": "blocks/flower_pot",
        "2": "blocks/dirt",
        "particle": "blocks/flower_pot"
    },
    "elements": [
        {
            "from": [6,4,6],
            "to": [10,8,10],
            "faces": {
                "west": {
                    "uv": [6,1,10,5],
                    "texture": "#0"
                },
                "east": {
                    "uv": [6,1,10,5],
                    "texture": "#0"
                },
                "north": {
                    "uv": [6,1,10,5],
                    "texture": "#0"
                },
                "south": {
                    "uv": [6,1,10,5],
                    "texture": "#0"
                }
            }
        },
        {
            "from": [6,8,6],
            "to": [10,12,10],
            "faces": {
                "west": {
                    "uv": [6,1,10,5],
                    "texture": "#0"
                },
                "east": {
                    "uv": [6,1,10,5],
                    "texture": "#0"
                },
                "north": {
                    "uv": [6,1,10,5],
                    "texture": "#0"
                },
                "south": {
                    "uv": [6,1,10,5],
                    "texture": "#0"
                }
            }
        },
        {
            "from": [6,12,6],
            "to": [10,16,10],
            "faces": {
                "up": {
                    "uv": [6,1,10,5],
                    "texture": "#0"
                },
                "west": {
                    "uv": [6,1,10,5],
                    "texture": "#0"
                },
                "east": {
                    "uv": [6,1,10,5],
                    "texture": "#0"
                },
                "north": {
                    "uv": [6,1,9,4],
                    "texture": "#0"
                },
                "south": {
                    "uv": [6,1,10,5],
                    "texture": "#0"
                }
            }
        },
        {
            "from": [5,0,5],
            "to": [11,6,6],
            "faces": {
                "up": {
                    "uv": [5,10,11,11],
                    "texture": "#1"
                },
                "down": {
                    "uv": [7,14,8,15],
                    "texture": "#1"
                },
                "west": {
                    "texture": "#1"
                },
                "east": {
                    "uv": [6,10,7,16],
                    "texture": "#1"
                },
                "north": {
                    "texture": "#1"
                },
                "south": {
                    "texture": "#1"
                }
            }
        },
        {
            "from": [6,0,6],
            "to": [10,4,10],
            "faces": {
                "up": {
                    "uv": [0,0,4,4],
                    "texture": "#2"
                },
                "down": {
                    "uv": [7,14,8,15],
                    "texture": "#1"
                }
            }
        },
        {
            "from": [5,0,6],
            "to": [6,6,10],
            "faces": {
                "up": {
                    "uv": [5,7,6,11],
                    "texture": "#1"
                },
                "down": {
                    "uv": [7,14,8,15],
                    "texture": "#1"
                },
                "west": {
                    "texture": "#1"
                },
                "east": {
                    "texture": "#1"
                },
                "north": {
                    "texture": "#1"
                },
                "south": {
                    "texture": "#1"
                }
            }
        },
        {
            "from": [5,0,10],
            "to": [11,6,11],
            "faces": {
                "up": {
                    "uv": [5,10,10,11],
                    "texture": "#1"
                },
                "down": {
                    "uv": [7,14,8,15],
                    "texture": "#1"
                },
                "west": {
                    "uv": [6,10,7,16],
                    "texture": "#1"
                },
                "east": {
                    "uv": [9,10,10,16],
                    "texture": "#1"
                },
                "north": {
                    "texture": "#1"
                },
                "south": {
                    "texture": "#1"
                }
            }
        },
        {
            "from": [10,0,6],
            "to": [11,6,10],
            "faces": {
                "up": {
                    "uv": [5,7,6,11],
                    "texture": "#1"
                },
                "down": {
                    "uv": [7,14,8,15],
                    "texture": "#1"
                },
                "west": {
                    "texture": "#1"
                },
                "east": {
                    "texture": "#1"
                },
                "north": {
                    "uv": [5,10,6,16],
                    "texture": "#1"
                },
                "south": {
                    "uv": [5,10,6,16],
                    "texture": "#1"
                }
            }
        },
        {
            "from": [7,15,10],
            "to": [7.5,15.5,10.5],
            "faces": {
                "up": {
                    "uv": [5,2,6,3],
                    "texture": "#0"
                },
                "down": {
                    "uv": [5,2,6,3],
                    "texture": "#0"
                },
                "west": {
                    "uv": [5,2,6,3],
                    "texture": "#0"
                },
                "east": {
                    "uv": [5,2,6,3],
                    "texture": "#0"
                },
                "north": {
                    "uv": [5,2,6,3],
                    "texture": "#0"
                },
                "south": {
                    "uv": [5,6,6,7],
                    "texture": "#0"
                }
            }
        },
        {
            "from": [8.5,15,10],
            "to": [9,15.5,10.5],
            "faces": {
                "up": {
                    "uv": [5,2,6,3],
                    "texture": "#0"
                },
                "down": {
                    "uv": [5,2,6,3],
                    "texture": "#0"
                },
                "west": {
                    "uv": [5,2,6,3],
                    "texture": "#0"
                },
                "east": {
                    "uv": [5,2,6,3],
                    "texture": "#0"
                },
                "north": {
                    "uv": [5,2,6,3],
                    "texture": "#0"
                },
                "south": {
                    "uv": [5,6,6,7],
                    "texture": "#0"
                }
            }
        },
        {
            "from": [8.5,13,10],
            "to": [9,13.5,10.5],
            "faces": {
                "up": {
                    "uv": [5,2,6,3],
                    "texture": "#0"
                },
                "down": {
                    "uv": [5,2,6,3],
                    "texture": "#0"
                },
                "west": {
                    "uv": [5,2,6,3],
                    "texture": "#0"
                },
                "east": {
                    "uv": [5,2,6,3],
                    "texture": "#0"
                },
                "north": {
                    "uv": [5,2,6,3],
                    "texture": "#0"
                },
                "south": {
                    "uv": [5,6,6,7],
                    "texture": "#0"
                }
            }
        },
        {
            "from": [7,13,10],
            "to": [7.5,13.5,10.5],
            "faces": {
                "up": {
                    "uv": [5,2,6,3],
                    "texture": "#0"
                },
                "down": {
                    "uv": [5,2,6,3],
                    "texture": "#0"
                },
                "west": {
                    "uv": [5,2,6,3],
                    "texture": "#0"
                },
                "east": {
                    "uv": [5,2,6,3],
                    "texture": "#0"
                },
                "north": {
                    "uv": [5,2,6,3],
                    "texture": "#0"
                },
                "south": {
                    "uv": [5,6,6,7],
                    "texture": "#0"
                }
            }
        },
        {
            "from": [7,7,10],
            "to": [7.5,7.5,10.5],
            "faces": {
                "up": {
                    "uv": [5,2,6,3],
                    "texture": "#0"
                },
                "down": {
                    "uv": [5,2,6,3],
                    "texture": "#0"
                },
                "west": {
                    "uv": [5,2,6,3],
                    "texture": "#0"
                },
                "east": {
                    "uv": [5,2,6,3],
                    "texture": "#0"
                },
                "north": {
                    "uv": [5,2,6,3],
                    "texture": "#0"
                },
                "south": {
                    "uv": [5,6,6,7],
                    "texture": "#0"
                }
            }
        },
        {
            "from": [8.5,7,10],
            "to": [9,7.5,10.5],
            "faces": {
                "up": {
                    "uv": [5,2,6,3],
                    "texture": "#0"
                },
                "down": {
                    "uv": [5,2,6,3],
                    "texture": "#0"
                },
                "west": {
                    "uv": [5,2,6,3],
                    "texture": "#0"
                },
                "east": {
                    "uv": [5,2,6,3],
                    "texture": "#0"
                },
                "north": {
                    "uv": [5,2,6,3],
                    "texture": "#0"
                },
                "south": {
                    "uv": [5,6,6,7],
                    "texture": "#0"
                }
            }
        },
        {
            "from": [7,11,10],
            "to": [7.5,11.5,10.5],
            "faces": {
                "up": {
                    "uv": [5,2,6,3],
                    "texture": "#0"
                },
                "down": {
                    "uv": [5,2,6,3],
                    "texture": "#0"
                },
                "west": {
                    "uv": [5,2,6,3],
                    "texture": "#0"
                },
                "east": {
                    "uv": [5,2,6,3],
                    "texture": "#0"
                },
                "north": {
                    "uv": [5,2,6,3],
                    "texture": "#0"
                },
                "south": {
                    "uv": [5,6,6,7],
                    "texture": "#0"
                }
            }
        },
        {
            "from": [8.5,11,10],
            "to": [9,11.5,10.5],
            "faces": {
                "up": {
                    "uv": [5,2,6,3],
                    "texture": "#0"
                },
                "down": {
                    "uv": [5,2,6,3],
                    "texture": "#0"
                },
                "west": {
                    "uv": [5,2,6,3],
                    "texture": "#0"
                },
                "east": {
                    "uv": [5,2,6,3],
                    "texture": "#0"
                },
                "north": {
                    "uv": [5,2,6,3],
                    "texture": "#0"
                },
                "south": {
                    "uv": [5,6,6,7],
                    "texture": "#0"
                }
            }
        },
        {
            "from": [7,16,8.5],
            "to": [7.5,16.5,9],
            "faces": {
                "up": {
                    "uv": [5,2,6,3],
                    "texture": "#0"
                },
                "down": {
                    "uv": [5,2,6,3],
                    "texture": "#0"
                },
                "west": {
                    "uv": [5,2,6,3],
                    "texture": "#0"
                },
                "east": {
                    "uv": [5,2,6,3],
                    "texture": "#0"
                },
                "north": {
                    "uv": [5,2,6,3],
                    "texture": "#0"
                },
                "south": {
                    "uv": [5,6,6,7],
                    "texture": "#0"
                }
            }
        },
        {
            "from": [8.5,16,8.5],
            "to": [9,16.5,9],
            "faces": {
                "up": {
                    "uv": [5,2,6,3],
                    "texture": "#0"
                },
                "down": {
                    "uv": [5,2,6,3],
                    "texture": "#0"
                },
                "west": {
                    "uv": [5,2,6,3],
                    "texture": "#0"
                },
                "east": {
                    "uv": [5,2,6,3],
                    "texture": "#0"
                },
                "north": {
                    "uv": [5,2,6,3],
                    "texture": "#0"
                },
                "south": {
                    "uv": [5,6,6,7],
                    "texture": "#0"
                }
            }
        },
        {
            "from": [8.5,16,7],
            "to": [9,16.5,7.5],
            "faces": {
                "up": {
                    "uv": [5,2,6,3],
                    "texture": "#0"
                },
                "down": {
                    "uv": [5,2,6,3],
                    "texture": "#0"
                },
                "west": {
                    "uv": [5,2,6,3],
                    "texture": "#0"
                },
                "east": {
                    "uv": [5,2,6,3],
                    "texture": "#0"
                },
                "north": {
                    "uv": [5,2,6,3],
                    "texture": "#0"
                },
                "south": {
                    "uv": [5,6,6,7],
                    "texture": "#0"
                }
            }
        },
        {
            "from": [7,16,7],
            "to": [7.5,16.5,7.5],
            "faces": {
                "up": {
                    "uv": [5,2,6,3],
                    "texture": "#0"
                },
                "down": {
                    "uv": [5,2,6,3],
                    "texture": "#0"
                },
                "west": {
                    "uv": [5,2,6,3],
                    "texture": "#0"
                },
                "east": {
                    "uv": [5,2,6,3],
                    "texture": "#0"
                },
                "north": {
                    "uv": [5,2,6,3],
                    "texture": "#0"
                },
                "south": {
                    "uv": [5,6,6,7],
                    "texture": "#0"
                }
            }
        },
        {
            "from": [10,7,8.5],
            "to": [10.5,7.5,9],
            "faces": {
                "up": {
                    "uv": [5,2,6,3],
                    "texture": "#0"
                },
                "down": {
                    "uv": [5,2,6,3],
                    "texture": "#0"
                },
                "west": {
                    "uv": [5,2,6,3],
                    "texture": "#0"
                },
                "east": {
                    "uv": [5,2,6,3],
                    "texture": "#0"
                },
                "north": {
                    "uv": [5,2,6,3],
                    "texture": "#0"
                },
                "south": {
                    "uv": [5,6,6,7],
                    "texture": "#0"
                }
            }
        },
        {
            "from": [10,7,7],
            "to": [10.5,7.5,7.5],
            "faces": {
                "up": {
                    "uv": [5,2,6,3],
                    "texture": "#0"
                },
                "down": {
                    "uv": [5,2,6,3],
                    "texture": "#0"
                },
                "west": {
                    "uv": [5,2,6,3],
                    "texture": "#0"
                },
                "east": {
                    "uv": [5,2,6,3],
                    "texture": "#0"
                },
                "north": {
                    "uv": [5,2,6,3],
                    "texture": "#0"
                },
                "south": {
                    "uv": [5,6,6,7],
                    "texture": "#0"
                }
            }
        },
        {
            "from": [8.5,7,5.5],
            "to": [9,7.5,6],
            "faces": {
                "up": {
                    "uv": [5,2,6,3],
                    "texture": "#0"
                },
                "down": {
                    "uv": [5,2,6,3],
                    "texture": "#0"
                },
                "west": {
                    "uv": [5,2,6,3],
                    "texture": "#0"
                },
                "east": {
                    "uv": [5,2,6,3],
                    "texture": "#0"
                },
                "north": {
                    "uv": [5,2,6,3],
                    "texture": "#0"
                },
                "south": {
                    "uv": [5,6,6,7],
                    "texture": "#0"
                }
            }
        },
        {
            "from": [7,7,5.5],
            "to": [7.5,7.5,6],
            "faces": {
                "up": {
                    "uv": [5,2,6,3],
                    "texture": "#0"
                },
                "down": {
                    "uv": [5,2,6,3],
                    "texture": "#0"
                },
                "west": {
                    "uv": [5,2,6,3],
                    "texture": "#0"
                },
                "east": {
                    "uv": [5,2,6,3],
                    "texture": "#0"
                },
                "north": {
                    "uv": [5,2,6,3],
                    "texture": "#0"
                },
                "south": {
                    "uv": [5,6,6,7],
                    "texture": "#0"
                }
            }
        },
        {
            "from": [5.5,7,7],
            "to": [6,7.5,7.5],
            "faces": {
                "up": {
                    "uv": [5,2,6,3],
                    "texture": "#0"
                },
                "down": {
                    "uv": [5,2,6,3],
                    "texture": "#0"
                },
                "west": {
                    "uv": [5,2,6,3],
                    "texture": "#0"
                },
                "east": {
                    "uv": [5,2,6,3],
                    "texture": "#0"
                },
                "north": {
                    "uv": [5,2,6,3],
                    "texture": "#0"
                },
                "south": {
                    "uv": [5,6,6,7],
                    "texture": "#0"
                }
            }
        },
        {
            "from": [5.5,7,8.5],
            "to": [6,7.5,9],
            "faces": {
                "up": {
                    "uv": [5,2,6,3],
                    "texture": "#0"
                },
                "down": {
                    "uv": [5,2,6,3],
                    "texture": "#0"
                },
                "west": {
                    "uv": [5,2,6,3],
                    "texture": "#0"
                },
                "east": {
                    "uv": [5,2,6,3],
                    "texture": "#0"
                },
                "north": {
                    "uv": [5,2,6,3],
                    "texture": "#0"
                },
                "south": {
                    "uv": [5,6,6,7],
                    "texture": "#0"
                }
            }
        },
        {
            "from": [10,11,8.5],
            "to": [10.5,11.5,9],
            "faces": {
                "up": {
                    "uv": [5,2,6,3],
                    "texture": "#0"
                },
                "down": {
                    "uv": [5,2,6,3],
                    "texture": "#0"
                },
                "west": {
                    "uv": [5,2,6,3],
                    "texture": "#0"
                },
                "east": {
                    "uv": [5,2,6,3],
                    "texture": "#0"
                },
                "north": {
                    "uv": [5,2,6,3],
                    "texture": "#0"
                },
                "south": {
                    "uv": [5,6,6,7],
                    "texture": "#0"
                }
            }
        },
        {
            "from": [10,11,7],
            "to": [10.5,11.5,7.5],
            "faces": {
                "up": {
                    "uv": [5,2,6,3],
                    "texture": "#0"
                },
                "down": {
                    "uv": [5,2,6,3],
                    "texture": "#0"
                },
                "west": {
                    "uv": [5,2,6,3],
                    "texture": "#0"
                },
                "east": {
                    "uv": [5,2,6,3],
                    "texture": "#0"
                },
                "north": {
                    "uv": [5,2,6,3],
                    "texture": "#0"
                },
                "south": {
                    "uv": [5,6,6,7],
                    "texture": "#0"
                }
            }
        },
        {
            "from": [8.5,11,5.5],
            "to": [9,11.5,6],
            "faces": {
                "up": {
                    "uv": [5,2,6,3],
                    "texture": "#0"
                },
                "down": {
                    "uv": [5,2,6,3],
                    "texture": "#0"
                },
                "west": {
                    "uv": [5,2,6,3],
                    "texture": "#0"
                },
                "east": {
                    "uv": [5,2,6,3],
                    "texture": "#0"
                },
                "north": {
                    "uv": [5,2,6,3],
                    "texture": "#0"
                },
                "south": {
                    "uv": [5,6,6,7],
                    "texture": "#0"
                }
            }
        },
        {
            "from": [7,11,5.5],
            "to": [7.5,11.5,6],
            "faces": {
                "up": {
                    "uv": [5,2,6,3],
                    "texture": "#0"
                },
                "down": {
                    "uv": [5,2,6,3],
                    "texture": "#0"
                },
                "west": {
                    "uv": [5,2,6,3],
                    "texture": "#0"
                },
                "east": {
                    "uv": [5,2,6,3],
                    "texture": "#0"
                },
                "north": {
                    "uv": [5,2,6,3],
                    "texture": "#0"
                },
                "south": {
                    "uv": [5,6,6,7],
                    "texture": "#0"
                }
            }
        },
        {
            "from": [5.5,11,7],
            "to": [6,11.5,7.5],
            "faces": {
                "up": {
                    "uv": [5,2,6,3],
                    "texture": "#0"
                },
                "down": {
                    "uv": [5,2,6,3],
                    "texture": "#0"
                },
                "west": {
                    "uv": [5,2,6,3],
                    "texture": "#0"
                },
                "east": {
                    "uv": [5,2,6,3],
                    "texture": "#0"
                },
                "north": {
                    "uv": [5,2,6,3],
                    "texture": "#0"
                },
                "south": {
                    "uv": [5,6,6,7],
                    "texture": "#0"
                }
            }
        },
        {
            "from": [5.5,11,8.5],
            "to": [6,11.5,9],
            "faces": {
                "up": {
                    "uv": [5,2,6,3],
                    "texture": "#0"
                },
                "down": {
                    "uv": [5,2,6,3],
                    "texture": "#0"
                },
                "west": {
                    "uv": [5,2,6,3],
                    "texture": "#0"
                },
                "east": {
                    "uv": [5,2,6,3],
                    "texture": "#0"
                },
                "north": {
                    "uv": [5,2,6,3],
                    "texture": "#0"
                },
                "south": {
                    "uv": [5,6,6,7],
                    "texture": "#0"
                }
            }
        },
        {
            "from": [10,13,8.5],
            "to": [10.5,13.5,9],
            "faces": {
                "up": {
                    "uv": [5,2,6,3],
                    "texture": "#0"
                },
                "down": {
                    "uv": [5,2,6,3],
                    "texture": "#0"
                },
                "west": {
                    "uv": [5,2,6,3],
                    "texture": "#0"
                },
                "east": {
                    "uv": [5,2,6,3],
                    "texture": "#0"
                },
                "north": {
                    "uv": [5,2,6,3],
                    "texture": "#0"
                },
                "south": {
                    "uv": [5,6,6,7],
                    "texture": "#0"
                }
            }
        },
        {
            "from": [10,13,7],
            "to": [10.5,13.5,7.5],
            "faces": {
                "up": {
                    "uv": [5,2,6,3],
                    "texture": "#0"
                },
                "down": {
                    "uv": [5,2,6,3],
                    "texture": "#0"
                },
                "west": {
                    "uv": [5,2,6,3],
                    "texture": "#0"
                },
                "east": {
                    "uv": [5,2,6,3],
                    "texture": "#0"
                },
                "north": {
                    "uv": [5,2,6,3],
                    "texture": "#0"
                },
                "south": {
                    "uv": [5,6,6,7],
                    "texture": "#0"
                }
            }
        },
        {
            "from": [8.5,13,5.5],
            "to": [9,13.5,6],
            "faces": {
                "up": {
                    "uv": [5,2,6,3],
                    "texture": "#0"
                },
                "down": {
                    "uv": [5,2,6,3],
                    "texture": "#0"
                },
                "west": {
                    "uv": [5,2,6,3],
                    "texture": "#0"
                },
                "east": {
                    "uv": [5,2,6,3],
                    "texture": "#0"
                },
                "north": {
                    "uv": [5,2,6,3],
                    "texture": "#0"
                },
                "south": {
                    "uv": [5,6,6,7],
                    "texture": "#0"
                }
            }
        },
        {
            "from": [7,13,5.5],
            "to": [7.5,13.5,6],
            "faces": {
                "up": {
                    "uv": [5,2,6,3],
                    "texture": "#0"
                },
                "down": {
                    "uv": [5,2,6,3],
                    "texture": "#0"
                },
                "west": {
                    "uv": [5,2,6,3],
                    "texture": "#0"
                },
                "east": {
                    "uv": [5,2,6,3],
                    "texture": "#0"
                },
                "north": {
                    "uv": [5,2,6,3],
                    "texture": "#0"
                },
                "south": {
                    "uv": [5,6,6,7],
                    "texture": "#0"
                }
            }
        },
        {
            "from": [5.5,13,7],
            "to": [6,13.5,7.5],
            "faces": {
                "up": {
                    "uv": [5,2,6,3],
                    "texture": "#0"
                },
                "down": {
                    "uv": [5,2,6,3],
                    "texture": "#0"
                },
                "west": {
                    "uv": [5,2,6,3],
                    "texture": "#0"
                },
                "east": {
                    "uv": [5,2,6,3],
                    "texture": "#0"
                },
                "north": {
                    "uv": [5,2,6,3],
                    "texture": "#0"
                },
                "south": {
                    "uv": [5,6,6,7],
                    "texture": "#0"
                }
            }
        },
        {
            "from": [5.5,13,8.5],
            "to": [6,13.5,9],
            "faces": {
                "up": {
                    "uv": [5,2,6,3],
                    "texture": "#0"
                },
                "down": {
                    "uv": [5,2,6,3],
                    "texture": "#0"
                },
                "west": {
                    "uv": [5,2,6,3],
                    "texture": "#0"
                },
                "east": {
                    "uv": [5,2,6,3],
                    "texture": "#0"
                },
                "north": {
                    "uv": [5,2,6,3],
                    "texture": "#0"
                },
                "south": {
                    "uv": [5,6,6,7],
                    "texture": "#0"
                }
            }
        },
        {
            "from": [10,15,8.5],
            "to": [10.5,15.5,9],
            "faces": {
                "up": {
                    "uv": [5,2,6,3],
                    "texture": "#0"
                },
                "down": {
                    "uv": [5,2,6,3],
                    "texture": "#0"
                },
                "west": {
                    "uv": [5,2,6,3],
                    "texture": "#0"
                },
                "east": {
                    "uv": [5,2,6,3],
                    "texture": "#0"
                },
                "north": {
                    "uv": [5,2,6,3],
                    "texture": "#0"
                },
                "south": {
                    "uv": [5,6,6,7],
                    "texture": "#0"
                }
            }
        },
        {
            "from": [10,15,7],
            "to": [10.5,15.5,7.5],
            "faces": {
                "up": {
                    "uv": [5,2,6,3],
                    "texture": "#0"
                },
                "down": {
                    "uv": [5,2,6,3],
                    "texture": "#0"
                },
                "west": {
                    "uv": [5,2,6,3],
                    "texture": "#0"
                },
                "east": {
                    "uv": [5,2,6,3],
                    "texture": "#0"
                },
                "north": {
                    "uv": [5,2,6,3],
                    "texture": "#0"
                },
                "south": {
                    "uv": [5,6,6,7],
                    "texture": "#0"
                }
            }
        },
        {
            "from": [8.5,15,5.5],
            "to": [9,15.5,6],
            "faces": {
                "up": {
                    "uv": [5,2,6,3],
                    "texture": "#0"
                },
                "down": {
                    "uv": [5,2,6,3],
                    "texture": "#0"
                },
                "west": {
                    "uv": [5,2,6,3],
                    "texture": "#0"
                },
                "east": {
                    "uv": [5,2,6,3],
                    "texture": "#0"
                },
                "north": {
                    "uv": [5,2,6,3],
                    "texture": "#0"
                },
                "south": {
                    "uv": [5,6,6,7],
                    "texture": "#0"
                }
            }
        },
        {
            "from": [7,15,5.5],
            "to": [7.5,15.5,6],
            "faces": {
                "up": {
                    "uv": [5,2,6,3],
                    "texture": "#0"
                },
                "down": {
                    "uv": [5,2,6,3],
                    "texture": "#0"
                },
                "west": {
                    "uv": [5,2,6,3],
                    "texture": "#0"
                },
                "east": {
                    "uv": [5,2,6,3],
                    "texture": "#0"
                },
                "north": {
                    "uv": [5,2,6,3],
                    "texture": "#0"
                },
                "south": {
                    "uv": [5,6,6,7],
                    "texture": "#0"
                }
            }
        },
        {
            "from": [5.5,15,7],
            "to": [6,15.5,7.5],
            "faces": {
                "up": {
                    "uv": [5,2,6,3],
                    "texture": "#0"
                },
                "down": {
                    "uv": [5,2,6,3],
                    "texture": "#0"
                },
                "west": {
                    "uv": [5,2,6,3],
                    "texture": "#0"
                },
                "east": {
                    "uv": [5,2,6,3],
                    "texture": "#0"
                },
                "north": {
                    "uv": [5,2,6,3],
                    "texture": "#0"
                },
                "south": {
                    "uv": [5,6,6,7],
                    "texture": "#0"
                }
            }
        },
        {
            "from": [5.5,15,8.5],
            "to": [6,15.5,9],
            "faces": {
                "up": {
                    "uv": [5,2,6,3],
                    "texture": "#0"
                },
                "down": {
                    "uv": [5,2,6,3],
                    "texture": "#0"
                },
                "west": {
                    "uv": [5,2,6,3],
                    "texture": "#0"
                },
                "east": {
                    "uv": [5,2,6,3],
                    "texture": "#0"
                },
                "north": {
                    "uv": [5,2,6,3],
                    "texture": "#0"
                },
                "south": {
                    "uv": [5,6,6,7],
                    "texture": "#0"
                }
            }
        },
        {
            "from": [10,9,8.5],
            "to": [10.5,9.5,9],
            "faces": {
                "up": {
                    "uv": [5,2,6,3],
                    "texture": "#0"
                },
                "down": {
                    "uv": [5,2,6,3],
                    "texture": "#0"
                },
                "west": {
                    "uv": [5,2,6,3],
                    "texture": "#0"
                },
                "east": {
                    "uv": [5,2,6,3],
                    "texture": "#0"
                },
                "north": {
                    "uv": [5,2,6,3],
                    "texture": "#0"
                },
                "south": {
                    "uv": [5,6,6,7],
                    "texture": "#0"
                }
            }
        },
        {
            "from": [10,9,7],
            "to": [10.5,9.5,7.5],
            "faces": {
                "up": {
                    "uv": [5,2,6,3],
                    "texture": "#0"
                },
                "down": {
                    "uv": [5,2,6,3],
                    "texture": "#0"
                },
                "west": {
                    "uv": [5,2,6,3],
                    "texture": "#0"
                },
                "east": {
                    "uv": [5,2,6,3],
                    "texture": "#0"
                },
                "north": {
                    "uv": [5,2,6,3],
                    "texture": "#0"
                },
                "south": {
                    "uv": [5,6,6,7],
                    "texture": "#0"
                }
            }
        },
        {
            "from": [8.5,9,10],
            "to": [9,9.5,10.5],
            "faces": {
                "up": {
                    "uv": [5,2,6,3],
                    "texture": "#0"
                },
                "down": {
                    "uv": [5,2,6,3],
                    "texture": "#0"
                },
                "west": {
                    "uv": [5,2,6,3],
                    "texture": "#0"
                },
                "east": {
                    "uv": [5,2,6,3],
                    "texture": "#0"
                },
                "north": {
                    "uv": [5,2,6,3],
                    "texture": "#0"
                },
                "south": {
                    "uv": [5,6,6,7],
                    "texture": "#0"
                }
            }
        },
        {
            "from": [7,9,10],
            "to": [7.5,9.5,10.5],
            "faces": {
                "up": {
                    "uv": [5,2,6,3],
                    "texture": "#0"
                },
                "down": {
                    "uv": [5,2,6,3],
                    "texture": "#0"
                },
                "west": {
                    "uv": [5,2,6,3],
                    "texture": "#0"
                },
                "east": {
                    "uv": [5,2,6,3],
                    "texture": "#0"
                },
                "north": {
                    "uv": [5,2,6,3],
                    "texture": "#0"
                },
                "south": {
                    "uv": [5,6,6,7],
                    "texture": "#0"
                }
            }
        },
        {
            "from": [5.5,9,8.5],
            "to": [6,9.5,9],
            "faces": {
                "up": {
                    "uv": [5,2,6,3],
                    "texture": "#0"
                },
                "down": {
                    "uv": [5,2,6,3],
                    "texture": "#0"
                },
                "west": {
                    "uv": [5,2,6,3],
                    "texture": "#0"
                },
                "east": {
                    "uv": [5,2,6,3],
                    "texture": "#0"
                },
                "north": {
                    "uv": [5,2,6,3],
                    "texture": "#0"
                },
                "south": {
                    "uv": [5,6,6,7],
                    "texture": "#0"
                }
            }
        },
        {
            "from": [5.5,9,7],
            "to": [6,9.5,7.5],
            "faces": {
                "up": {
                    "uv": [5,2,6,3],
                    "texture": "#0"
                },
                "down": {
                    "uv": [5,2,6,3],
                    "texture": "#0"
                },
                "west": {
                    "uv": [5,2,6,3],
                    "texture": "#0"
                },
                "east": {
                    "uv": [5,2,6,3],
                    "texture": "#0"
                },
                "north": {
                    "uv": [5,2,6,3],
                    "texture": "#0"
                },
                "south": {
                    "uv": [5,6,6,7],
                    "texture": "#0"
                }
            }
        },
        {
            "from": [7,9,5.5],
            "to": [7.5,9.5,6],
            "faces": {
                "up": {
                    "uv": [5,2,6,3],
                    "texture": "#0"
                },
                "down": {
                    "uv": [5,2,6,3],
                    "texture": "#0"
                },
                "west": {
                    "uv": [5,2,6,3],
                    "texture": "#0"
                },
                "east": {
                    "uv": [5,2,6,3],
                    "texture": "#0"
                },
                "north": {
                    "uv": [5,2,6,3],
                    "texture": "#0"
                },
                "south": {
                    "uv": [5,6,6,7],
                    "texture": "#0"
                }
            }
        },
        {
            "from": [8.5,9,5.5],
            "to": [9,9.5,6],
            "faces": {
                "up": {
                    "uv": [5,2,6,3],
                    "texture": "#0"
                },
                "down": {
                    "uv": [5,2,6,3],
                    "texture": "#0"
                },
                "west": {
                    "uv": [5,2,6,3],
                    "texture": "#0"
                },
                "east": {
                    "uv": [5,2,6,3],
                    "texture": "#0"
                },
                "north": {
                    "uv": [5,2,6,3],
                    "texture": "#0"
                },
                "south": {
                    "uv": [5,6,6,7],
                    "texture": "#0"
                }
            }
        }
    ]
}