{
    "__createdwith": "opl's Model Creator",
    "ambientocclusion": false,
    "textures": {
        "0": "blocks/flower_pot",
        "1": "blocks/dirt",
        "2": "blocks/fern",
        "particle": "blocks/flower_pot"
    },
    "elements": [
        {
            "from": [0,4,8],
            "to": [16,16,8],
            "faces": {
                "north": {
                    "uv": [0,0,16,16],
                    "texture": "#2"
                },
                "south": {
                    "uv": [0,0,16,16],
                    "texture": "#2"
                }
            }
        },
        {
            "from": [8,4,0],
            "to": [8,16,16],
            "faces": {
                "west": {
                    "uv": [0,0,16,16],
                    "texture": "#2"
                },
                "east": {
                    "uv": [0,0,16,16],
                    "texture": "#2"
                }
            }
        },
        {
            "from": [7,4,7],
            "to": [9,14,9],
            "faces": {
                "up": {
                    "uv": [7,2,9,4],
                    "texture": "#2"
                },
                "west": {
                    "uv": [7,2,9,16],
                    "texture": "#2"
                },
                "east": {
                    "uv": [7,2,9,16],
                    "texture": "#2"
                },
                "north": {
                    "uv": [7,2,9,16],
                    "texture": "#2"
                },
                "south": {
                    "uv": [7,2,9,16],
                    "texture": "#2"
                }
            }
        },
        {
            "from": [5,0,5],
            "to": [11,6,6],
            "faces": {
                "up": {
                    "texture": "#0"
                },
                "down": {
                    "texture": "#0"
                },
                "west": {
                    "texture": "#0"
                },
                "east": {
                    "texture": "#0"
                },
                "north": {
                    "texture": "#0"
                },
                "south": {
                    "texture": "#0"
                }
            }
        },
        {
            "from": [6,0,6],
            "to": [10,4,10],
            "faces": {
                "up": {
                    "texture": "#1"
                }
            }
        },
        {
            "from": [5,0,6],
            "to": [6,6,10],
            "faces": {
                "up": {
                    "texture": "#0"
                },
                "down": {
                    "texture": "#0"
                },
                "west": {
                    "texture": "#0"
                },
                "east": {
                    "texture": "#0"
                },
                "north": {
                    "texture": "#0"
                },
                "south": {
                    "texture": "#0"
                }
            }
        },
        {
            "from": [5,0,10],
            "to": [11,6,11],
            "faces": {
                "up": {
                    "texture": "#0"
                },
                "down": {
                    "texture": "#0"
                },
                "west": {
                    "texture": "#0"
                },
                "east": {
                    "texture": "#0"
                },
                "north": {
                    "texture": "#0"
                },
                "south": {
                    "texture": "#0"
                }
            }
        },
        {
            "from": [10,0,6],
            "to": [11,6,10],
            "faces": {
                "up": {
                    "texture": "#0"
                },
                "down": {
                    "texture": "#0"
                },
                "west": {
                    "texture": "#0"
                },
                "east": {
                    "texture": "#0"
                },
                "north": {
                    "texture": "#0"
                },
                "south": {
                    "texture": "#0"
                }
            }
        }
    ]
}