{
    "__createdwith": "opl's Model Creator",
    "ambientocclusion": false,
    "textures": {
        "0": "blocks/flower_pot",
        "1": "blocks/dirt",
        "2": "blocks/sapling_roofed_oak",
        "3": "blocks/log_big_oak",
        "particle": "blocks/flower_pot"
    },
    "elements": [
        {
            "from": [3,12,4],
            "to": [12,15,13],
            "faces": {
                "up": {
                    "uv": [4,4,8,8],
                    "texture": "#2"
                },
                "down": {
                    "uv": [4,4,6,6],
                    "texture": "#2"
                },
                "west": {
                    "uv": [4,4,8,6],
                    "texture": "#2"
                },
                "east": {
                    "uv": [4,4,8,6],
                    "texture": "#2"
                },
                "north": {
                    "uv": [4,6,8,8],
                    "texture": "#2"
                },
                "south": {
                    "uv": [4,6,8,8],
                    "texture": "#2"
                }
            }
        },
        {
            "from": [10,7,6],
            "to": [11,12,10],
            "faces": {
                "down": {
                    "uv": [9,8,10,9],
                    "texture": "#3"
                },
                "west": {
                    "uv": [5,2,7,9],
                    "texture": "#0"
                },
                "east": {
                    "uv": [3,3,7,12],
                    "texture": "#3"
                },
                "north": {
                    "uv": [3,8,5,15],
                    "texture": "#3"
                },
                "south": {
                    "uv": [3,8,5,15],
                    "texture": "#3"
                }
            }
        },
        {
            "from": [6,8,5],
            "to": [10,12,6],
            "faces": {
                "down": {
                    "uv": [7,6,8,7],
                    "texture": "#3"
                },
                "west": {
                    "uv": [5,2,7,9],
                    "texture": "#3"
                },
                "east": {
                    "uv": [10,8,12,15],
                    "texture": "#3"
                },
                "north": {
                    "uv": [8,0,14,16],
                    "texture": "#3"
                },
                "south": {
                    "uv": [8,8,10,15],
                    "texture": "#0"
                }
            }
        },
        {
            "from": [5,9,6],
            "to": [6,12,10],
            "faces": {
                "down": {
                    "uv": [6,8,7,9],
                    "texture": "#3"
                },
                "west": {
                    "uv": [3,8,7,15],
                    "texture": "#3"
                },
                "east": {
                    "uv": [10,8,12,15],
                    "texture": "#0"
                },
                "north": {
                    "uv": [2,6,6,14],
                    "texture": "#3"
                },
                "south": {
                    "uv": [8,8,10,15],
                    "texture": "#3"
                }
            }
        },
        {
            "from": [6,8,10],
            "to": [10,12,11],
            "faces": {
                "down": {
                    "uv": [7,8,8,9],
                    "texture": "#3"
                },
                "west": {
                    "uv": [2,6,5,15],
                    "texture": "#3"
                },
                "east": {
                    "uv": [3,5,5,12],
                    "texture": "#3"
                },
                "north": {
                    "uv": [8,0,14,16],
                    "texture": "#0"
                },
                "south": {
                    "uv": [9,0,13,7],
                    "texture": "#3"
                }
            }
        },
        {
            "from": [6,2,6],
            "to": [10,12,10],
            "faces": {
                "down": {
                    "uv": [7,8,8,9],
                    "texture": "#0"
                },
                "west": {
                    "uv": [0,0,6,16],
                    "texture": "#3"
                },
                "east": {
                    "uv": [3,0,9,16],
                    "texture": "#3"
                },
                "north": {
                    "uv": [8,0,14,16],
                    "texture": "#3"
                },
                "south": {
                    "uv": [5,0,11,16],
                    "texture": "#3"
                }
            }
        },
        {
            "from": [5,0,5],
            "to": [11,6,6],
            "faces": {
                "up": {
                    "texture": "#0"
                },
                "down": {
                    "texture": "#0"
                },
                "west": {
                    "texture": "#0"
                },
                "east": {
                    "texture": "#0"
                },
                "north": {
                    "texture": "#0"
                },
                "south": {
                    "texture": "#0"
                }
            }
        },
        {
            "from": [6,0,6],
            "to": [10,4,10],
            "faces": {
                "up": {
                    "texture": "#1"
                }
            }
        },
        {
            "from": [5,0,6],
            "to": [6,6,10],
            "faces": {
                "up": {
                    "texture": "#0"
                },
                "down": {
                    "texture": "#0"
                },
                "west": {
                    "texture": "#0"
                },
                "east": {
                    "texture": "#0"
                },
                "north": {
                    "texture": "#0"
                },
                "south": {
                    "texture": "#0"
                }
            }
        },
        {
            "from": [5,0,10],
            "to": [11,6,11],
            "faces": {
                "up": {
                    "texture": "#0"
                },
                "down": {
                    "texture": "#0"
                },
                "west": {
                    "texture": "#0"
                },
                "east": {
                    "texture": "#0"
                },
                "north": {
                    "texture": "#0"
                },
                "south": {
                    "texture": "#0"
                }
            }
        },
        {
            "from": [10,0,6],
            "to": [11,6,10],
            "faces": {
                "up": {
                    "texture": "#0"
                },
                "down": {
                    "texture": "#0"
                },
                "west": {
                    "texture": "#0"
                },
                "east": {
                    "texture": "#0"
                },
                "north": {
                    "texture": "#0"
                },
                "south": {
                    "texture": "#0"
                }
            }
        }
    ]
}