{
    "__createdwith": "opl's Model Creator",
    "ambientocclusion": false,
    "textures": {
        "0": "blocks/flower_pot",
        "1": "blocks/dirt",
        "2": "blocks/sapling_birch",
        "particle": "blocks/flower_pot"
    },
    "elements": [
        {
            "from": [6,10,6],
            "to": [10,13,10],
            "faces": {
                "up": {
                    "uv": [6,3,8,5],
                    "texture": "#2",
                    "rotation": 90
                },
                "down": {
                    "uv": [6,3,8,5],
                    "texture": "#2",
                    "rotation": 270
                },
                "west": {
                    "uv": [6,3,8,5],
                    "texture": "#2"
                },
                "east": {
                    "uv": [6,3,8,5],
                    "texture": "#2",
                    "rotation": 180
                },
                "north": {
                    "uv": [6,3,8,5],
                    "texture": "#2"
                },
                "south": {
                    "uv": [6,3,8,5],
                    "texture": "#2"
                }
            }
        },
        {
            "from": [7,3,7],
            "to": [9,10,9],
            "faces": {
                "up": {
                    "uv": [6,3,8,5],
                    "texture": "#2",
                    "rotation": 90
                },
                "down": {
                    "uv": [6,3,8,5],
                    "texture": "#2",
                    "rotation": 270
                },
                "west": {
                    "uv": [7,7,9,14],
                    "texture": "#2"
                },
                "east": {
                    "uv": [7,9,9,16],
                    "texture": "#2",
                    "rotation": 180
                },
                "north": {
                    "uv": [7,7,9,14],
                    "texture": "#2"
                },
                "south": {
                    "uv": [7,7,9,14],
                    "texture": "#2"
                }
            }
        },
        {
            "from": [5,0,5],
            "to": [11,6,6],
            "faces": {
                "up": {
                    "texture": "#0"
                },
                "down": {
                    "texture": "#0"
                },
                "west": {
                    "texture": "#0"
                },
                "east": {
                    "texture": "#0"
                },
                "north": {
                    "texture": "#0"
                },
                "south": {
                    "texture": "#0"
                }
            }
        },
        {
            "from": [6,0,6],
            "to": [10,4,10],
            "faces": {
                "up": {
                    "texture": "#1"
                }
            }
        },
        {
            "from": [5,0,6],
            "to": [6,6,10],
            "faces": {
                "up": {
                    "texture": "#0"
                },
                "down": {
                    "texture": "#0"
                },
                "west": {
                    "texture": "#0"
                },
                "east": {
                    "texture": "#0"
                },
                "north": {
                    "texture": "#0"
                },
                "south": {
                    "texture": "#0"
                }
            }
        },
        {
            "from": [5,0,10],
            "to": [11,6,11],
            "faces": {
                "up": {
                    "texture": "#0"
                },
                "down": {
                    "texture": "#0"
                },
                "west": {
                    "texture": "#0"
                },
                "east": {
                    "texture": "#0"
                },
                "north": {
                    "texture": "#0"
                },
                "south": {
                    "texture": "#0"
                }
            }
        },
        {
            "from": [10,0,6],
            "to": [11,6,10],
            "faces": {
                "up": {
                    "texture": "#0"
                },
                "down": {
                    "texture": "#0"
                },
                "west": {
                    "texture": "#0"
                },
                "east": {
                    "texture": "#0"
                },
                "north": {
                    "texture": "#0"
                },
                "south": {
                    "texture": "#0"
                }
            }
        }
    ]
}