{
    "__createdwith": "opl's Model Creator",
    "ambientocclusion": false,
    "textures": {
        "0": "blocks/flower_pot",
        "1": "blocks/dirt",
        "2": "blocks/sapling_acacia",
        "3": "blocks/log_acacia",
        "particle": "blocks/flower_pot"
    },
    "elements": [
        {
            "from": [5,13,7],
            "to": [9,14,11],
            "faces": {
                "up": {
                    "uv": [6,3,8,5],
                    "texture": "#2",
                    "rotation": 90
                },
                "down": {
                    "uv": [8,3,10,5],
                    "texture": "#2",
                    "rotation": 270
                },
                "west": {
                    "uv": [6,4,10,5],
                    "texture": "#2"
                },
                "east": {
                    "uv": [6,4,10,5],
                    "texture": "#2",
                    "rotation": 180
                },
                "north": {
                    "uv": [6,4,10,5],
                    "texture": "#2"
                },
                "south": {
                    "uv": [6,4,10,5],
                    "texture": "#2"
                }
            }
        },
        {
            "from": [7,11,8],
            "to": [8,13,9],
            "faces": {
                "up": {
                    "uv": [3,8,5,10],
                    "texture": "#0",
                    "rotation": 180
                },
                "down": {
                    "uv": [5,3,7,5],
                    "texture": "#0"
                },
                "west": {
                    "uv": [8,1,10,3],
                    "texture": "#3",
                    "rotation": 90
                },
                "east": {
                    "uv": [9,9,11,11],
                    "texture": "#3",
                    "rotation": 270
                },
                "north": {
                    "uv": [9,0,10,2],
                    "texture": "#3"
                },
                "south": {
                    "uv": [9,1,10,3],
                    "texture": "#3"
                }
            }
        },
        {
            "from": [7,2,7],
            "to": [9,11,9],
            "faces": {
                "up": {
                    "uv": [10,5,11,6],
                    "texture": "#3"
                },
                "down": {
                    "uv": [1,5,2,6],
                    "texture": "#0"
                },
                "west": {
                    "uv": [4,3,14,5],
                    "texture": "#3",
                    "rotation": 270
                },
                "east": {
                    "uv": [3,11,14,13],
                    "texture": "#3",
                    "rotation": 270
                },
                "north": {
                    "uv": [2,3,14,5],
                    "texture": "#3",
                    "rotation": 270
                },
                "south": {
                    "uv": [2,3,12,5],
                    "texture": "#3",
                    "rotation": 270
                }
            }
        },
        {
            "from": [8,11,5],
            "to": [11,12,8],
            "faces": {
                "up": {
                    "uv": [6,3,8,5],
                    "texture": "#2",
                    "rotation": 90
                },
                "down": {
                    "uv": [8,3,10,5],
                    "texture": "#2",
                    "rotation": 270
                },
                "west": {
                    "uv": [6,4,10,5],
                    "texture": "#2"
                },
                "east": {
                    "uv": [6,4,10,5],
                    "texture": "#2",
                    "rotation": 180
                },
                "north": {
                    "uv": [6,4,10,5],
                    "texture": "#2"
                },
                "south": {
                    "uv": [6,4,10,5],
                    "texture": "#2"
                }
            }
        },
        {
            "from": [5,0,5],
            "to": [11,6,6],
            "faces": {
                "up": {
                    "texture": "#0"
                },
                "down": {
                    "texture": "#0"
                },
                "west": {
                    "texture": "#0"
                },
                "east": {
                    "texture": "#0"
                },
                "north": {
                    "texture": "#0"
                },
                "south": {
                    "texture": "#0"
                }
            }
        },
        {
            "from": [6,0,6],
            "to": [10,4,10],
            "faces": {
                "up": {
                    "texture": "#1"
                }
            }
        },
        {
            "from": [5,0,6],
            "to": [6,6,10],
            "faces": {
                "up": {
                    "texture": "#0"
                },
                "down": {
                    "texture": "#0"
                },
                "west": {
                    "texture": "#0"
                },
                "east": {
                    "texture": "#0"
                },
                "north": {
                    "texture": "#0"
                },
                "south": {
                    "texture": "#0"
                }
            }
        },
        {
            "from": [5,0,10],
            "to": [11,6,11],
            "faces": {
                "up": {
                    "texture": "#0"
                },
                "down": {
                    "texture": "#0"
                },
                "west": {
                    "texture": "#0"
                },
                "east": {
                    "texture": "#0"
                },
                "north": {
                    "texture": "#0"
                },
                "south": {
                    "texture": "#0"
                }
            }
        },
        {
            "from": [10,0,6],
            "to": [11,6,10],
            "faces": {
                "up": {
                    "texture": "#0"
                },
                "down": {
                    "texture": "#0"
                },
                "west": {
                    "texture": "#0"
                },
                "east": {
                    "texture": "#0"
                },
                "north": {
                    "texture": "#0"
                },
                "south": {
                    "texture": "#0"
                }
            }
        }
    ]
}