{
    "__createdwith": "opl's Model Creator",
    "ambientocclusion": false,
    "textures": {
        "texture": "blocks/rail_golden_powered",
        "particle": "blocks/rail_golden_powered"
    },
    "elements": [
        {
            "from": [2,0,0],
            "to": [4,2,16],
            "faces": {
                "up": {
                    "texture": "#texture"
                },
                "down": {
                    "uv": [2,16,4,0],
                    "texture": "#texture"
                },
                "west": {
                    "uv": [2,16,3,0],
                    "texture": "#texture"
                },
                "east": {
                    "uv": [3,16,4,0],
                    "texture": "#texture"
                },
                "north": {
                    "uv": [12,14,14,16],
                    "texture": "#texture"
                },
                "south": {
                    "texture": "#texture"
                }
            }
        },
        {
            "from": [12,0,0],
            "to": [14,2,16],
            "faces": {
                "up": {
                    "texture": "#texture"
                },
                "down": {
                    "uv": [12,16,14,0],
                    "texture": "#texture"
                },
                "west": {
                    "uv": [12,16,13,0],
                    "texture": "#texture"
                },
                "east": {
                    "uv": [2,0,3,16],
                    "texture": "#texture"
                },
                "north": {
                    "uv": [2,14,4,16],
                    "texture": "#texture"
                },
                "south": {
                    "texture": "#texture"
                }
            }
        },
        {
            "from": [1,0,1],
            "to": [15,1,3],
            "faces": {
                "up": {
                    "texture": "#texture"
                },
                "down": {
                    "uv": [1,15,2,14],
                    "texture": "#particle"
                },
                "west": {
                    "uv": [1,14,2,15],
                    "texture": "#particle"
                },
                "east": {
                    "uv": [1,14,2,15],
                    "texture": "#particle"
                },
                "north": {
                    "uv": [1,14,2,15],
                    "texture": "#particle"
                },
                "south": {
                    "uv": [1,14,2,15],
                    "texture": "#particle"
                }
            }
        },
        {
            "from": [1,0,5],
            "to": [15,1,7],
            "faces": {
                "up": {
                    "texture": "#texture"
                },
                "down": {
                    "uv": [1,15,2,14],
                    "texture": "#particle"
                },
                "west": {
                    "uv": [1,14,2,15],
                    "texture": "#particle"
                },
                "east": {
                    "uv": [1,14,2,15],
                    "texture": "#particle"
                },
                "north": {
                    "uv": [1,14,2,15],
                    "texture": "#particle"
                },
                "south": {
                    "uv": [1,14,2,15],
                    "texture": "#particle"
                }
            }
        },
        {
            "from": [1,0,9],
            "to": [15,1,11],
            "faces": {
                "up": {
                    "texture": "#texture"
                },
                "down": {
                    "uv": [1,15,2,14],
                    "texture": "#particle"
                },
                "west": {
                    "uv": [1,14,2,15],
                    "texture": "#particle"
                },
                "east": {
                    "uv": [1,14,2,15],
                    "texture": "#particle"
                },
                "north": {
                    "uv": [1,14,2,15],
                    "texture": "#particle"
                },
                "south": {
                    "uv": [1,14,2,15],
                    "texture": "#particle"
                }
            }
        },
        {
            "from": [1,0,13],
            "to": [15,1,15],
            "faces": {
                "up": {
                    "texture": "#texture"
                },
                "down": {
                    "uv": [1,15,2,14],
                    "texture": "#particle"
                },
                "west": {
                    "uv": [1,14,2,15],
                    "texture": "#particle"
                },
                "east": {
                    "uv": [1,14,2,15],
                    "texture": "#particle"
                },
                "north": {
                    "uv": [1,14,2,15],
                    "texture": "#particle"
                },
                "south": {
                    "uv": [1,14,2,15],
                    "texture": "#particle"
                }
            }
        },
        {
            "from": [4,1,0],
            "to": [5,2,16],
            "faces": {
                "up": {
                    "texture": "#texture"
                },
                "down": {
                    "uv": [4,16,5,0],
                    "texture": "#texture"
                },
                "west": {
                    "uv": [4,0,5,16],
                    "texture": "#texture"
                },
                "east": {
                    "uv": [4,0,5,16],
                    "texture": "#texture"
                },
                "north": {
                    "texture": "#texture"
                },
                "south": {
                    "texture": "#texture"
                }
            }
        },
        {
            "from": [11,1,0],
            "to": [12,2,16],
            "faces": {
                "up": {
                    "texture": "#texture"
                },
                "down": {
                    "uv": [4,16,5,0],
                    "texture": "#texture"
                },
                "west": {
                    "uv": [4,0,5,16],
                    "texture": "#texture"
                },
                "east": {
                    "uv": [4,0,5,16],
                    "texture": "#texture"
                },
                "north": {
                    "texture": "#texture"
                },
                "south": {
                    "texture": "#texture"
                }
            }
        },
        {
            "from": [5,1,13],
            "to": [11,2,15],
            "faces": {
                "up": {
                    "uv": [5,14,11,15],
                    "texture": "#texture"
                },
                "down": {
                    "uv": [4,16,5,0],
                    "texture": "#texture"
                },
                "west": {
                    "uv": [4,0,5,16],
                    "texture": "#texture"
                },
                "east": {
                    "uv": [4,0,5,16],
                    "texture": "#texture"
                },
                "north": {
                    "texture": "#texture"
                },
                "south": {
                    "texture": "#texture"
                }
            }
        },
        {
            "from": [5,1,9],
            "to": [11,2,11],
            "faces": {
                "up": {
                    "uv": [5,10,11,11],
                    "texture": "#texture"
                },
                "down": {
                    "uv": [4,16,5,0],
                    "texture": "#texture"
                },
                "west": {
                    "uv": [4,0,5,16],
                    "texture": "#texture"
                },
                "east": {
                    "uv": [4,0,5,16],
                    "texture": "#texture"
                },
                "north": {
                    "texture": "#texture"
                },
                "south": {
                    "texture": "#texture"
                }
            }
        },
        {
            "from": [5,1,5],
            "to": [11,2,7],
            "faces": {
                "up": {
                    "uv": [5,6,11,7],
                    "texture": "#texture"
                },
                "down": {
                    "uv": [4,16,5,0],
                    "texture": "#texture"
                },
                "west": {
                    "uv": [4,0,5,16],
                    "texture": "#texture"
                },
                "east": {
                    "uv": [4,0,5,16],
                    "texture": "#texture"
                },
                "north": {
                    "texture": "#texture"
                },
                "south": {
                    "texture": "#texture"
                }
            }
        },
        {
            "from": [5,1,1],
            "to": [11,2,3],
            "faces": {
                "up": {
                    "uv": [5,2,11,3],
                    "texture": "#texture"
                },
                "down": {
                    "uv": [4,16,5,0],
                    "texture": "#texture"
                },
                "west": {
                    "uv": [4,0,5,16],
                    "texture": "#texture"
                },
                "east": {
                    "uv": [4,0,5,16],
                    "texture": "#texture"
                },
                "north": {
                    "texture": "#texture"
                },
                "south": {
                    "texture": "#texture"
                }
            }
        }
    ]
}