{
    "__comment": "Model generated using MrCrayfish's Model Creator (http://mrcrayfish.com/modelcreator/)",
"ambientocclusion": false,
    "textures": {
        "particle": "blocks/rail_golden",
        "0": "blocks/rail_golden",
        "1": "blocks/rail_normal"
    },
    "elements": [
        {
            "name": "T1",
            "from": [ 2.0, 7.4, -4.7 ], 
            "to": [ 4.0, 9.4, 19.3 ], 
            "rotation": { "origin": [ 8.0, 8.0, 8.0 ], "axis": "x", "angle": 45.0 },
            "faces": {
                "north": { "texture": "#0", "uv": [ 12.0, 1.0, 14.0, 3.0 ] },
                "east": { "texture": "#0", "uv": [ 3.0, 1.0, 4.0, 3.0 ] },
                "south": { "texture": "#0", "uv": [ 2.0, 1.0, 4.0, 3.0 ] },
                "west": { "texture": "#0", "uv": [ 2.0, 1.0, 3.0, 3.0 ] },
                "up": { "texture": "#0", "uv": [ 2.0, 1.0, 4.0, 12.0 ] },
                "down": { "texture": "#0", "uv": [ 2.0, 2.0, 4.0, 14.0 ] }
            }
        },
        {
            "name": "T2",
            "from": [ 12.0, 7.4, -4.7 ], 
            "to": [ 14.0, 9.4, 19.3 ], 
            "rotation": { "origin": [ 8.0, 8.0, 8.0 ], "axis": "x", "angle": 45.0 },
            "faces": {
                "north": { "texture": "#0", "uv": [ 2.0, 1.0, 4.0, 3.0 ] },
                "east": { "texture": "#0", "uv": [ 2.0, 1.0, 3.0, 3.0 ] },
                "south": { "texture": "#0", "uv": [ 12.0, 1.0, 14.0, 3.0 ] },
                "west": { "texture": "#0", "uv": [ 3.0, 1.0, 4.0, 3.0 ] },
                "up": { "texture": "#0", "uv": [ 12.0, 1.0, 14.0, 12.0 ] },
                "down": { "texture": "#0", "uv": [ 12.0, 2.0, 14.0, 14.0 ] }
            }
        },
        {
            "name": "Cube",
            "from": [ 1.0, 7.4, -1.0 ], 
            "to": [ 15.0, 8.4, 1.0 ], 
            "rotation": { "origin": [ 8.0, 8.0, 8.0 ], "axis": "x", "angle": 45.0 },
            "faces": {
                "north": { "texture": "#0", "uv": [ 4.0, 2.0, 6.0, 3.0 ] },
                "east": { "texture": "#0", "uv": [ 4.0, 2.0, 6.0, 3.0 ] },
                "south": { "texture": "#0", "uv": [ 4.0, 2.0, 6.0, 3.0 ] },
                "west": { "texture": "#0", "uv": [ 4.0, 2.0, 6.0, 3.0 ] },
                "up": { "texture": "#0", "uv": [ 4.0, 1.0, 6.0, 3.0 ] },
                "down": { "texture": "#1", "uv": [ 1.0, 1.0, 15.0, 3.0 ] }
            }
        },
        {
            "name": "Cube",
            "from": [ 1.0, 7.4, 4.0 ], 
            "to": [ 15.0, 8.4, 6.0 ], 
            "rotation": { "origin": [ 8.0, 8.0, 8.0 ], "axis": "x", "angle": 45.0 },
            "faces": {
                "north": { "texture": "#0", "uv": [ 4.0, 2.0, 6.0, 3.0 ] },
                "east": { "texture": "#0", "uv": [ 4.0, 2.0, 6.0, 3.0 ] },
                "south": { "texture": "#0", "uv": [ 4.0, 2.0, 6.0, 3.0 ] },
                "west": { "texture": "#0", "uv": [ 4.0, 2.0, 6.0, 3.0 ] },
                "up": { "texture": "#0", "uv": [ 4.0, 1.0, 6.0, 3.0 ] },
                "down": { "texture": "#1", "uv": [ 1.0, 1.0, 15.0, 3.0 ] }
            }
        },
        {
            "name": "Cube",
            "from": [ 1.0, 7.4, 9.0 ], 
            "to": [ 15.0, 8.4, 11.0 ], 
            "rotation": { "origin": [ 8.0, 8.0, 8.0 ], "axis": "x", "angle": 45.0 },
            "faces": {
                "north": { "texture": "#0", "uv": [ 4.0, 2.0, 6.0, 3.0 ] },
                "east": { "texture": "#0", "uv": [ 4.0, 2.0, 6.0, 3.0 ] },
                "south": { "texture": "#0", "uv": [ 4.0, 2.0, 6.0, 3.0 ] },
                "west": { "texture": "#0", "uv": [ 4.0, 2.0, 6.0, 3.0 ] },
                "up": { "texture": "#0", "uv": [ 4.0, 1.0, 6.0, 3.0 ] },
                "down": { "texture": "#1", "uv": [ 1.0, 1.0, 15.0, 3.0 ] }
            }
        },
        {
            "name": "Cube",
            "from": [ 1.0, 7.4, 14.0 ], 
            "to": [ 15.0, 8.4, 16.0 ], 
            "rotation": { "origin": [ 8.0, 8.0, 8.0 ], "axis": "x", "angle": 45.0 },
            "faces": {
                "north": { "texture": "#0", "uv": [ 4.0, 2.0, 6.0, 3.0 ] },
                "east": { "texture": "#0", "uv": [ 4.0, 2.0, 6.0, 3.0 ] },
                "south": { "texture": "#0", "uv": [ 4.0, 2.0, 6.0, 3.0 ] },
                "west": { "texture": "#0", "uv": [ 4.0, 2.0, 6.0, 3.0 ] },
                "up": { "texture": "#0", "uv": [ 4.0, 1.0, 6.0, 3.0 ] },
                "down": { "texture": "#1", "uv": [ 1.0, 1.0, 15.0, 3.0 ] }
            }
        },
        {
            "name": "G1",
            "from": [ 6.0, 8.4, -4.7 ], 
            "to": [ 7.0, 9.4, 19.3 ], 
            "rotation": { "origin": [ 8.0, 8.0, 8.0 ], "axis": "x", "angle": 45.0 },
            "faces": {
                "north": { "texture": "#0", "uv": [ 6.0, 1.0, 7.0, 2.0 ] },
                "east": { "texture": "#0", "uv": [ 6.0, 1.0, 7.0, 3.0 ] },
                "south": { "texture": "#0", "uv": [ 6.0, 2.0, 7.0, 3.0 ] },
                "west": { "texture": "#0", "uv": [ 6.0, 1.0, 7.0, 2.0 ] },
                "up": { "texture": "#0", "uv": [ 6.0, 1.0, 7.0, 3.0 ] },
                "down": { "texture": "#0", "uv": [ 6.0, 1.0, 7.0, 3.0 ] }
            }
        },
        {
            "name": "G2",
            "from": [ 9.0, 8.4, -4.7 ], 
            "to": [ 10.0, 9.4, 19.3 ], 
            "rotation": { "origin": [ 8.0, 8.0, 8.0 ], "axis": "x", "angle": 45.0 },
            "faces": {
                "north": { "texture": "#0", "uv": [ 6.0, 1.0, 7.0, 2.0 ] },
                "east": { "texture": "#0", "uv": [ 6.0, 1.0, 7.0, 3.0 ] },
                "south": { "texture": "#0", "uv": [ 6.0, 2.0, 7.0, 3.0 ] },
                "west": { "texture": "#0", "uv": [ 6.0, 1.0, 7.0, 2.0 ] },
                "up": { "texture": "#0", "uv": [ 6.0, 1.0, 7.0, 3.0 ] },
                "down": { "texture": "#0", "uv": [ 6.0, 1.0, 7.0, 3.0 ] }
            }
        },
        {
            "name": "R1",
            "from": [ 7.0, 8.4, -1.0 ], 
            "to": [ 9.0, 9.4, 1.0 ], 
            "rotation": { "origin": [ 8.0, 8.0, 8.0 ], "axis": "x", "angle": 45.0 },
            "faces": {
                "north": { "texture": "#0", "uv": [ 7.0, 2.0, 9.0, 3.0 ] },
                "east": { "texture": "#0", "uv": [ 7.0, 2.0, 9.0, 3.0 ] },
                "south": { "texture": "#0", "uv": [ 7.0, 2.0, 9.0, 3.0 ] },
                "west": { "texture": "#0", "uv": [ 7.0, 2.0, 9.0, 3.0 ] },
                "up": { "texture": "#0", "uv": [ 7.0, 2.0, 9.0, 3.0 ] },
                "down": { "texture": "#0", "uv": [ 7.0, 1.0, 9.0, 3.0 ] }
            }
        },
        {
            "name": "R2",
            "from": [ 7.0, 8.4, 4.0 ], 
            "to": [ 9.0, 9.4, 6.0 ], 
            "rotation": { "origin": [ 8.0, 8.0, 8.0 ], "axis": "x", "angle": 45.0 },
            "faces": {
                "north": { "texture": "#0", "uv": [ 7.0, 2.0, 9.0, 3.0 ] },
                "east": { "texture": "#0", "uv": [ 7.0, 2.0, 9.0, 3.0 ] },
                "south": { "texture": "#0", "uv": [ 7.0, 2.0, 9.0, 3.0 ] },
                "west": { "texture": "#0", "uv": [ 7.0, 2.0, 9.0, 3.0 ] },
                "up": { "texture": "#0", "uv": [ 7.0, 2.0, 9.0, 3.0 ] },
                "down": { "texture": "#0", "uv": [ 7.0, 1.0, 9.0, 3.0 ] }
            }
        },
        {
            "name": "R3",
            "from": [ 7.0, 8.4, 9.0 ], 
            "to": [ 9.0, 9.4, 11.0 ], 
            "rotation": { "origin": [ 8.0, 8.0, 8.0 ], "axis": "x", "angle": 45.0 },
            "faces": {
                "north": { "texture": "#0", "uv": [ 7.0, 2.0, 9.0, 3.0 ] },
                "east": { "texture": "#0", "uv": [ 7.0, 2.0, 9.0, 3.0 ] },
                "south": { "texture": "#0", "uv": [ 7.0, 2.0, 9.0, 3.0 ] },
                "west": { "texture": "#0", "uv": [ 7.0, 2.0, 9.0, 3.0 ] },
                "up": { "texture": "#0", "uv": [ 7.0, 2.0, 9.0, 3.0 ] },
                "down": { "texture": "#0", "uv": [ 7.0, 1.0, 9.0, 3.0 ] }
            }
        },
        {
            "name": "R4",
            "from": [ 7.0, 8.4, 14.0 ], 
            "to": [ 9.0, 9.4, 16.0 ], 
            "rotation": { "origin": [ 8.0, 8.0, 8.0 ], "axis": "x", "angle": 45.0 },
            "faces": {
                "north": { "texture": "#0", "uv": [ 7.0, 2.0, 9.0, 3.0 ] },
                "east": { "texture": "#0", "uv": [ 7.0, 2.0, 9.0, 3.0 ] },
                "south": { "texture": "#0", "uv": [ 7.0, 2.0, 9.0, 3.0 ] },
                "west": { "texture": "#0", "uv": [ 7.0, 2.0, 9.0, 3.0 ] },
                "up": { "texture": "#0", "uv": [ 7.0, 2.0, 9.0, 3.0 ] },
                "down": { "texture": "#0", "uv": [ 7.0, 1.0, 9.0, 3.0 ] }
            }
        }
    ]
}