{
    "__createdwith": "opl's Model Creator",
    "ambientocclusion": false,
    "textures": {
        "texture": "blocks/rail_golden",
        "particle": "blocks/rail_golden"
    },
    "elements": [
        {
            "from": [2,0,0],
            "to": [4,2,16],
            "faces": {
                "up": {
                    "texture": "#texture"
                },
                "down": {
                    "uv": [2,16,4,0],
                    "texture": "#texture"
                },
                "west": {
                    "uv": [2,16,3,0],
                    "texture": "#texture"
                },
                "east": {
                    "uv": [3,16,4,0],
                    "texture": "#texture"
                },
                "north": {
                    "uv": [12,0,14,2],
                    "texture": "#texture"
                },
                "south": {
                    "texture": "#texture"
                }
            }
        },
        {
            "from": [12,0,0],
            "to": [14,2,16],
            "faces": {
                "up": {
                    "texture": "#texture"
                },
                "down": {
                    "uv": [12,16,14,0],
                    "texture": "#texture"
                },
                "west": {
                    "uv": [12,16,13,0],
                    "texture": "#texture"
                },
                "east": {
                    "uv": [2,0,3,16],
                    "texture": "#texture"
                },
                "north": {
                    "uv": [2,0,4,2],
                    "texture": "#texture"
                },
                "south": {
                    "texture": "#texture"
                }
            }
        },
        {
            "from": [1,0,1],
            "to": [15,1,3],
            "faces": {
                "up": {
                    "uv": [1,13,15,15],
                    "texture": "#particle"
                },
                "down": {
                    "uv": [4,15,6,14],
                    "texture": "#particle"
                },
                "west": {
                    "uv": [4,14,5,15],
                    "texture": "#particle"
                },
                "east": {
                    "uv": [4,14,5,15],
                    "texture": "#particle"
                },
                "north": {
                    "uv": [4,14,6,15],
                    "texture": "#particle"
                },
                "south": {
                    "uv": [4,14,6,15],
                    "texture": "#particle"
                }
            }
        },
        {
            "from": [1,0,5],
            "to": [15,1,7],
            "faces": {
                "up": {
                    "uv": [1,13,15,15],
                    "texture": "#particle"
                },
                "down": {
                    "uv": [4,15,6,14],
                    "texture": "#particle"
                },
                "west": {
                    "uv": [4,14,5,15],
                    "texture": "#particle"
                },
                "east": {
                    "uv": [4,14,5,15],
                    "texture": "#particle"
                },
                "north": {
                    "uv": [4,14,6,15],
                    "texture": "#particle"
                },
                "south": {
                    "uv": [4,14,6,15],
                    "texture": "#particle"
                }
            }
        },
        {
            "from": [1,0,9],
            "to": [15,1,11],
            "faces": {
                "up": {
                    "uv": [1,13,15,15],
                    "texture": "#particle"
                },
                "down": {
                    "uv": [4,15,6,14],
                    "texture": "#particle"
                },
                "west": {
                    "uv": [4,14,5,15],
                    "texture": "#particle"
                },
                "east": {
                    "uv": [4,14,5,15],
                    "texture": "#particle"
                },
                "north": {
                    "uv": [4,14,6,15],
                    "texture": "#particle"
                },
                "south": {
                    "uv": [4,14,6,15],
                    "texture": "#particle"
                }
            }
        },
        {
            "from": [1,0,13],
            "to": [15,1,15],
            "faces": {
                "up": {
                    "texture": "#particle"
                },
                "down": {
                    "uv": [4,15,6,14],
                    "texture": "#particle"
                },
                "west": {
                    "uv": [4,14,5,15],
                    "texture": "#particle"
                },
                "east": {
                    "uv": [4,14,5,15],
                    "texture": "#particle"
                },
                "north": {
                    "uv": [4,14,6,15],
                    "texture": "#particle"
                },
                "south": {
                    "uv": [4,14,6,15],
                    "texture": "#particle"
                }
            }
        },
        {
            "from": [6,1,0],
            "to": [7,2,16],
            "faces": {
                "up": {
                    "texture": "#texture"
                },
                "down": {
                    "uv": [6,16,7,0],
                    "texture": "#texture"
                },
                "west": {
                    "uv": [6,0,7,16],
                    "texture": "#texture"
                },
                "east": {
                    "uv": [6,0,7,16],
                    "texture": "#texture"
                },
                "north": {
                    "texture": "#texture"
                },
                "south": {
                    "texture": "#texture"
                }
            }
        },
        {
            "from": [9,1,0],
            "to": [10,2,16],
            "faces": {
                "up": {
                    "texture": "#texture"
                },
                "down": {
                    "uv": [6,16,7,0],
                    "texture": "#texture"
                },
                "west": {
                    "uv": [6,0,7,16],
                    "texture": "#texture"
                },
                "east": {
                    "uv": [6,0,7,16],
                    "texture": "#texture"
                },
                "north": {
                    "texture": "#texture"
                },
                "south": {
                    "uv": [6,14,7,15],
                    "texture": "#texture"
                }
            }
        },
        {
            "from": [7,1,13],
            "to": [9,2,15],
            "faces": {
                "up": {
                    "uv": [7,14,9,15],
                    "texture": "#texture"
                },
                "down": {
                    "uv": [6,16,7,0],
                    "texture": "#texture"
                },
                "west": {
                    "uv": [6,0,7,16],
                    "texture": "#texture"
                },
                "east": {
                    "uv": [6,0,7,16],
                    "texture": "#texture"
                },
                "north": {
                    "texture": "#texture"
                },
                "south": {
                    "texture": "#texture"
                }
            }
        },
        {
            "from": [7,1,9],
            "to": [9,2,11],
            "faces": {
                "up": {
                    "uv": [7,10,9,11],
                    "texture": "#texture"
                },
                "down": {
                    "uv": [6,16,7,0],
                    "texture": "#texture"
                },
                "west": {
                    "uv": [6,0,7,16],
                    "texture": "#texture"
                },
                "east": {
                    "uv": [6,0,7,16],
                    "texture": "#texture"
                },
                "north": {
                    "texture": "#texture"
                },
                "south": {
                    "texture": "#texture"
                }
            }
        },
        {
            "from": [7,1,5],
            "to": [9,2,7],
            "faces": {
                "up": {
                    "uv": [7,6,9,7],
                    "texture": "#texture"
                },
                "down": {
                    "uv": [6,16,7,0],
                    "texture": "#texture"
                },
                "west": {
                    "uv": [6,0,7,16],
                    "texture": "#texture"
                },
                "east": {
                    "uv": [6,0,7,16],
                    "texture": "#texture"
                },
                "north": {
                    "texture": "#texture"
                },
                "south": {
                    "texture": "#texture"
                }
            }
        },
        {
            "from": [7,1,1],
            "to": [9,2,3],
            "faces": {
                "up": {
                    "uv": [7,2,9,3],
                    "texture": "#texture"
                },
                "down": {
                    "uv": [6,16,7,0],
                    "texture": "#texture"
                },
                "west": {
                    "uv": [6,0,7,16],
                    "texture": "#texture"
                },
                "east": {
                    "uv": [6,0,7,16],
                    "texture": "#texture"
                },
                "north": {
                    "texture": "#texture"
                },
                "south": {
                    "texture": "#texture"
                }
            }
        }
    ]
}