{
    "__createdwith": "opl's Model Creator",
    "ambientocclusion": false,
    "textures": {
        "0": "blocks/flower_houstonia",
        "particle": "blocks/flower_houstonia"
    },
    "elements": [
        {
            "from": [7,6,7],
            "to": [9,8,9],
            "faces": {
                "up": {
                    "uv": [6,7,7,8],
                    "texture": "#0"
                },
                "west": {
                    "uv": [6,7,7,8],
                    "texture": "#0"
                },
                "east": {
                    "uv": [6,7,7,8],
                    "texture": "#0"
                },
                "north": {
                    "uv": [6,7,7,8],
                    "texture": "#0"
                },
                "south": {
                    "uv": [6,7,7,8],
                    "texture": "#0"
                }
            }
        },
        {
            "from": [5,6,7],
            "to": [7,7,9],
            "faces": {
                "up": {
                    "uv": [5,10,6,11],
                    "texture": "#0"
                },
                "down": {
                    "uv": [5,10,6,11],
                    "texture": "#0"
                },
                "west": {
                    "uv": [5,10,6,11],
                    "texture": "#0"
                },
                "east": {
                    "uv": [5,9,6,10],
                    "texture": "#0"
                },
                "north": {
                    "uv": [5,10,6,11],
                    "texture": "#0"
                },
                "south": {
                    "uv": [5,10,6,11],
                    "texture": "#0"
                }
            }
        },
        {
            "from": [6,5,6],
            "to": [10,6,10],
            "faces": {
                "up": {
                    "uv": [5,10,6,11],
                    "texture": "#0"
                },
                "down": {
                    "uv": [7,10,8,11],
                    "texture": "#0"
                },
                "west": {
                    "uv": [7,8,8,9],
                    "texture": "#0"
                },
                "east": {
                    "uv": [7,8,8,9],
                    "texture": "#0"
                },
                "north": {
                    "uv": [7,8,8,9],
                    "texture": "#0"
                },
                "south": {
                    "uv": [7,8,8,9],
                    "texture": "#0"
                }
            }
        },
        {
            "from": [7,0,7],
            "to": [9,5,9],
            "faces": {
                "up": {
                    "uv": [7,15,8,16],
                    "texture": "#0"
                },
                "down": {
                    "uv": [8,15,9,16],
                    "texture": "#0"
                },
                "west": {
                    "uv": [7,12,8,16],
                    "texture": "#0"
                },
                "east": {
                    "uv": [7,12,8,16],
                    "texture": "#0"
                },
                "north": {
                    "uv": [7,12,8,16],
                    "texture": "#0"
                },
                "south": {
                    "uv": [7,12,8,16],
                    "texture": "#0"
                }
            }
        },
        {
            "from": [6,2,4],
            "to": [8,3,6],
            "faces": {
                "up": {
                    "uv": [10,12,11,13],
                    "texture": "#0"
                },
                "down": {
                    "uv": [10,12,11,13],
                    "texture": "#0"
                },
                "west": {
                    "uv": [10,12,11,13],
                    "texture": "#0"
                },
                "east": {
                    "uv": [10,12,11,13],
                    "texture": "#0"
                },
                "north": {
                    "uv": [10,12,11,13],
                    "texture": "#0"
                },
                "south": {
                    "uv": [10,12,11,13],
                    "texture": "#0"
                }
            }
        },
        {
            "from": [7,2,6],
            "to": [8,3,7],
            "faces": {
                "up": {
                    "uv": [7,13,8,14],
                    "texture": "#0"
                },
                "down": {
                    "uv": [7,13,8,14],
                    "texture": "#0"
                },
                "west": {
                    "uv": [7,13,8,14],
                    "texture": "#0"
                },
                "east": {
                    "uv": [7,13,8,14],
                    "texture": "#0"
                },
                "north": {
                    "uv": [10,12,11,13],
                    "texture": "#0"
                },
                "south": {
                    "uv": [10,12,11,13],
                    "texture": "#0"
                }
            }
        },
        {
            "from": [9,6,7],
            "to": [11,7,9],
            "faces": {
                "up": {
                    "uv": [5,10,6,11],
                    "texture": "#0"
                },
                "down": {
                    "uv": [5,10,6,11],
                    "texture": "#0"
                },
                "west": {
                    "uv": [5,10,6,11],
                    "texture": "#0"
                },
                "east": {
                    "uv": [5,10,6,11],
                    "texture": "#0"
                },
                "north": {
                    "uv": [5,10,6,11],
                    "texture": "#0"
                },
                "south": {
                    "uv": [5,10,6,11],
                    "texture": "#0"
                }
            }
        },
        {
            "from": [7,6,9],
            "to": [9,7,11],
            "faces": {
                "up": {
                    "uv": [5,10,6,11],
                    "texture": "#0"
                },
                "down": {
                    "uv": [5,10,6,11],
                    "texture": "#0"
                },
                "west": {
                    "uv": [5,10,6,11],
                    "texture": "#0"
                },
                "east": {
                    "uv": [5,10,6,11],
                    "texture": "#0"
                },
                "north": {
                    "uv": [5,10,6,11],
                    "texture": "#0"
                },
                "south": {
                    "uv": [5,10,6,11],
                    "texture": "#0"
                }
            }
        },
        {
            "from": [7,6,5],
            "to": [9,7,7],
            "faces": {
                "up": {
                    "uv": [5,10,6,11],
                    "texture": "#0"
                },
                "down": {
                    "uv": [5,10,6,11],
                    "texture": "#0"
                },
                "west": {
                    "uv": [5,10,6,11],
                    "texture": "#0"
                },
                "east": {
                    "uv": [5,10,6,11],
                    "texture": "#0"
                },
                "north": {
                    "uv": [5,10,6,11],
                    "texture": "#0"
                },
                "south": {
                    "uv": [5,10,6,11],
                    "texture": "#0"
                }
            }
        },
        {
            "from": [7,6,9],
            "to": [10,8,10],
            "faces": {
                "up": {
                    "uv": [5,10,6,11],
                    "texture": "#0"
                },
                "west": {
                    "uv": [5,10,6,11],
                    "texture": "#0"
                },
                "east": {
                    "uv": [5,10,6,11],
                    "texture": "#0"
                },
                "north": {
                    "uv": [5,10,6,11],
                    "texture": "#0"
                },
                "south": {
                    "uv": [5,10,6,11],
                    "texture": "#0"
                }
            }
        },
        {
            "from": [9,6,6],
            "to": [10,8,9],
            "faces": {
                "up": {
                    "uv": [5,10,6,11],
                    "texture": "#0"
                },
                "west": {
                    "uv": [5,10,6,11],
                    "texture": "#0"
                },
                "east": {
                    "uv": [5,10,6,11],
                    "texture": "#0"
                },
                "north": {
                    "uv": [5,10,6,11],
                    "texture": "#0"
                },
                "south": {
                    "uv": [5,10,6,11],
                    "texture": "#0"
                }
            }
        },
        {
            "from": [6,6,6],
            "to": [9,8,7],
            "faces": {
                "up": {
                    "uv": [5,10,6,11],
                    "texture": "#0"
                },
                "west": {
                    "uv": [5,10,6,11],
                    "texture": "#0"
                },
                "east": {
                    "uv": [5,10,6,11],
                    "texture": "#0"
                },
                "north": {
                    "uv": [5,10,6,11],
                    "texture": "#0"
                },
                "south": {
                    "uv": [5,10,6,11],
                    "texture": "#0"
                }
            }
        },
        {
            "from": [4,2,8],
            "to": [6,3,10],
            "faces": {
                "up": {
                    "uv": [10,12,11,13],
                    "texture": "#0"
                },
                "down": {
                    "uv": [10,12,11,13],
                    "texture": "#0"
                },
                "west": {
                    "uv": [10,12,11,13],
                    "texture": "#0"
                },
                "east": {
                    "uv": [10,12,11,13],
                    "texture": "#0"
                },
                "north": {
                    "uv": [10,12,11,13],
                    "texture": "#0"
                },
                "south": {
                    "uv": [10,12,11,13],
                    "texture": "#0"
                }
            }
        },
        {
            "from": [8,2,10],
            "to": [10,3,12],
            "faces": {
                "up": {
                    "uv": [10,12,11,13],
                    "texture": "#0"
                },
                "down": {
                    "uv": [10,12,11,13],
                    "texture": "#0"
                },
                "west": {
                    "uv": [10,12,11,13],
                    "texture": "#0"
                },
                "east": {
                    "uv": [10,12,11,13],
                    "texture": "#0"
                },
                "north": {
                    "uv": [10,12,11,13],
                    "texture": "#0"
                },
                "south": {
                    "uv": [10,12,11,13],
                    "texture": "#0"
                }
            }
        },
        {
            "from": [10,2,6],
            "to": [12,3,8],
            "faces": {
                "up": {
                    "uv": [10,12,11,13],
                    "texture": "#0"
                },
                "down": {
                    "uv": [10,12,11,13],
                    "texture": "#0"
                },
                "west": {
                    "uv": [10,12,11,13],
                    "texture": "#0"
                },
                "east": {
                    "uv": [10,12,11,13],
                    "texture": "#0"
                },
                "north": {
                    "uv": [10,12,11,13],
                    "texture": "#0"
                },
                "south": {
                    "uv": [10,12,11,13],
                    "texture": "#0"
                }
            }
        },
        {
            "from": [8,2,9],
            "to": [9,3,10],
            "faces": {
                "up": {
                    "uv": [7,13,8,14],
                    "texture": "#0"
                },
                "down": {
                    "uv": [7,13,8,14],
                    "texture": "#0"
                },
                "west": {
                    "uv": [7,13,8,14],
                    "texture": "#0"
                },
                "east": {
                    "uv": [7,13,8,14],
                    "texture": "#0"
                },
                "north": {
                    "uv": [10,12,11,13],
                    "texture": "#0"
                },
                "south": {
                    "uv": [10,12,11,13],
                    "texture": "#0"
                }
            }
        },
        {
            "from": [6,2,8],
            "to": [7,3,9],
            "faces": {
                "up": {
                    "uv": [7,13,8,14],
                    "texture": "#0"
                },
                "down": {
                    "uv": [7,13,8,14],
                    "texture": "#0"
                },
                "west": {
                    "uv": [10,12,11,13],
                    "texture": "#0"
                },
                "east": {
                    "uv": [10,12,11,13],
                    "texture": "#0"
                },
                "north": {
                    "uv": [7,13,8,14],
                    "texture": "#0"
                },
                "south": {
                    "uv": [7,13,8,14],
                    "texture": "#0"
                }
            }
        },
        {
            "from": [9,2,7],
            "to": [10,3,8],
            "faces": {
                "up": {
                    "uv": [7,13,8,14],
                    "texture": "#0"
                },
                "down": {
                    "uv": [7,13,8,14],
                    "texture": "#0"
                },
                "west": {
                    "uv": [10,12,11,13],
                    "texture": "#0"
                },
                "east": {
                    "uv": [10,12,11,13],
                    "texture": "#0"
                },
                "north": {
                    "uv": [7,13,8,14],
                    "texture": "#0"
                },
                "south": {
                    "uv": [7,13,8,14],
                    "texture": "#0"
                }
            }
        },
        {
            "from": [6,6,7],
            "to": [7,8,10],
            "faces": {
                "up": {
                    "uv": [5,10,6,11],
                    "texture": "#0"
                },
                "west": {
                    "uv": [5,10,6,11],
                    "texture": "#0"
                },
                "east": {
                    "uv": [5,10,6,11],
                    "texture": "#0"
                },
                "north": {
                    "uv": [5,10,6,11],
                    "texture": "#0"
                },
                "south": {
                    "uv": [5,10,6,11],
                    "texture": "#0"
                }
            }
        }
    ]
}