{
	"credit": "Made with Blockbench",
	"ambientocclusion": false,
	"textures": {
		"0": "blocks/door_iron_upper",
		"particle": "blocks/door_iron_upper"
	},
	"elements": [
		{
			"from": [0, 0, 0],
			"to": [3, 8, 16],
			"faces": {
				"north": {"uv": [0, 8, 1, 16], "texture": "#0"},
				"east": {"uv": [0, 8, 16, 16], "texture": "#0"},
				"south": {"uv": [15, 8, 16, 16], "texture": "#0"},
				"west": {"uv": [0, 8, 16, 16], "texture": "#0"},
				"up": {"uv": [6, 9, 8, 11], "rotation": 90, "texture": "#0"}
			}
		},
		{
			"from": [0, 8, 0],
			"to": [3, 12, 4],
			"faces": {
				"north": {"uv": [0, 4, 1, 8], "texture": "#0"},
				"east": {"uv": [4, 4, 0, 8], "texture": "#0"},
				"south": {"uv": [9, 9, 10, 11], "rotation": 90, "texture": "#0"},
				"west": {"uv": [0, 4, 4, 8], "texture": "#0"},
				"up": {"uv": [0, 0, 3, 16], "texture": "#0"}
			}
		},
		{
			"from": [0, 8, 12],
			"to": [3, 12, 16],
			"faces": {
				"north": {"uv": [8, 11, 9, 9], "rotation": 90, "texture": "#0"},
				"east": {"uv": [16, 4, 12, 8], "texture": "#0"},
				"south": {"uv": [15, 5, 16, 8], "texture": "#0"},
				"west": {"uv": [12, 4, 16, 8], "texture": "#0"},
				"up": {"uv": [0, 0, 3, 16], "texture": "#0"}
			}
		},
		{
			"from": [0, 12, 0],
			"to": [3, 16, 16],
			"faces": {
				"north": {"uv": [0, 0, 1, 5], "texture": "#0"},
				"east": {"uv": [16, 0, 0, 4], "texture": "#0"},
				"south": {"uv": [15, 0, 16, 5], "texture": "#0"},
				"west": {"uv": [0, 0, 16, 4], "texture": "#0"},
				"up": {"uv": [0, 0, 16, 1], "rotation": 90, "texture": "#0"},
				"down": {"uv": [9, 9, 10, 11], "rotation": 90, "texture": "#0"}
			}
		},
		{
			"from": [1, 8, 9],
			"to": [2, 12, 10],
			"faces": {
				"north": {"uv": [6, 8, 7, 5], "rotation": 90, "texture": "#0"},
				"east": {"uv": [10, 5, 9, 8], "texture": "#0"},
				"south": {"uv": [6, 5, 7, 8], "texture": "#0"},
				"west": {"uv": [0, 0, 1, 1], "texture": "#0"}
			}
		},
		{
			"from": [1, 8, 6],
			"to": [2, 12, 7],
			"faces": {
				"north": {"uv": [6, 8, 7, 5], "rotation": 90, "texture": "#0"},
				"east": {"uv": [10, 5, 9, 8], "texture": "#0"},
				"south": {"uv": [6, 5, 7, 8], "texture": "#0"},
				"west": {"uv": [0, 0, 1, 1], "texture": "#0"}
			}
		}
	]
}