{
	"credit": "Made with Blockbench",
	"ambientocclusion": false,
	"textures": {
		"0": "blocks/door_jungle_upper",
		"particle": "blocks/door_jungle_upper"
	},
	"elements": [
		{
			"from": [0, 13, 3],
			"to": [3, 16, 13],
			"faces": {
				"east": {"uv": [3, 0, 13, 3], "texture": "#0"},
				"west": {"uv": [3, 0, 13, 3], "texture": "#0"},
				"up": {"uv": [6, 14, 10, 15], "texture": "#0"},
				"down": {"uv": [8, 15, 10, 16], "texture": "#0"}
			}
		},
		{
			"from": [0, 0, 0],
			"to": [3, 16, 3],
			"faces": {
				"north": {"uv": [15, 0, 16, 16], "texture": "#0"},
				"east": {"uv": [13, 0, 16, 16], "texture": "#0"},
				"south": {"uv": [2, 0, 3, 16], "texture": "#0"},
				"west": {"uv": [16, 0, 13, 16], "texture": "#0"},
				"up": {"uv": [10, 13, 13, 16], "texture": "#0"}
			}
		},
		{
			"from": [0, 0, 3],
			"to": [3, 3, 13],
			"faces": {
				"east": {"uv": [3, 13, 13, 16], "texture": "#0"},
				"west": {"uv": [3, 13, 13, 16], "texture": "#0"},
				"up": {"uv": [6, 15, 10, 16], "texture": "#0"},
				"down": {"uv": [8, 15, 10, 16], "texture": "#0"}
			}
		},
		{
			"from": [0, 0, 13],
			"to": [3, 16, 16],
			"faces": {
				"north": {"uv": [13, 0, 14, 16], "texture": "#0"},
				"east": {"uv": [0, 0, 3, 16], "texture": "#0"},
				"south": {"uv": [0, 0, 1, 16], "texture": "#0"},
				"west": {"uv": [3, 0, 0, 16], "texture": "#0"},
				"up": {"uv": [3, 16, 6, 13], "texture": "#0"}
			}
		},
		{
			"from": [1, 11, 5],
			"to": [2, 13, 11],
			"faces": {
				"north": {"uv": [2, 14, 14, 15], "rotation": 90, "texture": "#0"},
				"east": {"uv": [5, 3, 11, 1], "texture": "#0"},
				"south": {"uv": [2, 14, 14, 15], "rotation": 90, "texture": "#0"},
				"west": {"uv": [5, 3, 11, 1], "texture": "#0"},
				"down": {"uv": [14, 3, 15, 9], "texture": "#0"}
			}
		},
		{
			"from": [1, 5, 11],
			"to": [2, 13, 13],
			"faces": {
				"north": {"uv": [2, 14, 14, 15], "rotation": 90, "texture": "#0"},
				"east": {"uv": [16, 0, 14, 8], "texture": "#0"},
				"south": {"uv": [2, 14, 14, 15], "rotation": 90, "texture": "#0"},
				"west": {"uv": [14, 0, 16, 8], "texture": "#0"}
			}
		},
		{
			"from": [1, 5, 3],
			"to": [2, 13, 5],
			"faces": {
				"north": {"uv": [2, 14, 14, 15], "rotation": 90, "texture": "#0"},
				"east": {"uv": [14, 0, 16, 8], "texture": "#0"},
				"south": {"uv": [2, 14, 14, 15], "rotation": 90, "texture": "#0"},
				"west": {"uv": [16, 0, 14, 8], "texture": "#0"}
			}
		},
		{
			"from": [1, 3, 4],
			"to": [2, 5, 12],
			"faces": {
				"north": {"uv": [2, 14, 14, 15], "rotation": 90, "texture": "#0"},
				"east": {"uv": [4, 1, 12, 3], "texture": "#0"},
				"south": {"uv": [2, 14, 14, 15], "rotation": 90, "texture": "#0"},
				"west": {"uv": [4, 1, 12, 3], "texture": "#0"},
				"up": {"uv": [14, 6, 15, 12], "texture": "#0"}
			}
		},
		{
			"from": [1, 3, 12],
			"to": [2, 5, 13],
			"faces": {
				"north": {"uv": [2, 14, 14, 15], "rotation": 90, "texture": "#0"},
				"east": {"uv": [15, 11, 16, 13], "texture": "#0"},
				"south": {"uv": [2, 14, 14, 15], "rotation": 90, "texture": "#0"},
				"west": {"uv": [15, 11, 16, 13], "texture": "#0"},
				"up": {"uv": [14, 6, 15, 12], "texture": "#0"}
			}
		},
		{
			"from": [1, 3, 3],
			"to": [2, 5, 4],
			"faces": {
				"north": {"uv": [2, 14, 14, 15], "rotation": 90, "texture": "#0"},
				"east": {"uv": [15, 11, 16, 13], "texture": "#0"},
				"south": {"uv": [2, 14, 14, 15], "rotation": 90, "texture": "#0"},
				"west": {"uv": [15, 11, 16, 13], "texture": "#0"},
				"up": {"uv": [14, 6, 15, 12], "texture": "#0"}
			}
		}
	]
}