{
	"credit": "Made with Blockbench",
	"ambientocclusion": false,
	"textures": {
		"texture": "blocks/ladder",
		"particle": "blocks/ladder"
	},
	"elements": [
		{
			"from": [12, 0, 15],
			"to": [14, 16, 16],
			"faces": {
				"north": {"uv": [2, 0, 4, 16], "texture": "#texture"},
				"east": {"uv": [2, 0, 3, 16], "texture": "#texture"},
				"south": {"uv": [12, 0, 14, 16], "texture": "#texture"},
				"west": {"uv": [12, 0, 13, 16], "texture": "#texture"},
				"up": {"uv": [12, 0, 14, 1], "texture": "#texture"},
				"down": {"uv": [12, 16, 14, 15], "texture": "#texture"}
			}
		},
		{
			"from": [2, 0, 15],
			"to": [4, 16, 16],
			"faces": {
				"north": {"uv": [12, 0, 14, 16], "texture": "#texture"},
				"east": {"uv": [3, 0, 4, 16], "texture": "#texture"},
				"south": {"uv": [2, 0, 4, 16], "texture": "#texture"},
				"west": {"uv": [13, 0, 14, 16], "texture": "#texture"},
				"up": {"uv": [2, 0, 4, 1], "texture": "#texture"},
				"down": {"uv": [2, 16, 4, 15], "texture": "#texture"}
			}
		},
		{
			"from": [2, 5, 14],
			"to": [14, 7, 15],
			"faces": {
				"north": {"uv": [4, 9, 12, 11], "texture": "#texture"},
				"east": {"uv": [4, 9, 5, 11], "texture": "#texture"},
				"south": {"uv": [2, 9, 14, 11], "texture": "#texture"},
				"west": {"uv": [11, 9, 12, 11], "texture": "#texture"},
				"up": {"uv": [4, 9, 12, 10], "texture": "#texture"},
				"down": {"uv": [4, 11, 12, 10], "texture": "#texture"}
			}
		},
		{
			"from": [2, 9, 14],
			"to": [14, 11, 15],
			"faces": {
				"north": {"uv": [4, 5, 12, 7], "texture": "#texture"},
				"east": {"uv": [4, 5, 5, 7], "texture": "#texture"},
				"south": {"uv": [2, 5, 14, 7], "texture": "#texture"},
				"west": {"uv": [11, 5, 12, 7], "texture": "#texture"},
				"up": {"uv": [4, 5, 12, 6], "texture": "#texture"},
				"down": {"uv": [4, 7, 12, 6], "texture": "#texture"}
			}
		},
		{
			"from": [2, 13, 14],
			"to": [14, 15, 15],
			"faces": {
				"north": {"uv": [4, 1, 12, 3], "texture": "#texture"},
				"east": {"uv": [4, 1, 5, 3], "texture": "#texture"},
				"south": {"uv": [2, 1, 14, 3], "texture": "#texture"},
				"west": {"uv": [11, 1, 12, 3], "texture": "#texture"},
				"up": {"uv": [4, 1, 12, 2], "texture": "#texture"},
				"down": {"uv": [4, 3, 12, 2], "texture": "#texture"}
			}
		},
		{
			"from": [2, 1, 14],
			"to": [14, 3, 15],
			"faces": {
				"north": {"uv": [4, 13, 12, 15], "texture": "#texture"},
				"east": {"uv": [4, 13, 5, 15], "texture": "#texture"},
				"south": {"uv": [2, 13, 14, 15], "texture": "#texture"},
				"west": {"uv": [11, 13, 12, 15], "texture": "#texture"},
				"up": {"uv": [4, 13, 12, 14], "texture": "#texture"},
				"down": {"uv": [4, 15, 12, 14], "texture": "#texture"}
			}
		}
	]
}