{
    "__createdwith": "opl's Model Creator",
    "ambientocclusion": false,
    "textures": {
        "0": "blocks/cobblestone",
        "1": "blocks/lever",
        "particle": "blocks/lever"
    },
    "elements": [
        {
            "from": [7,2,6],
            "to": [9,5,8],
            "faces": {
                "up": {
                    "uv": [7,9,8,10],
                    "texture": "#1"
                },
                "down": {
                    "uv": [7,6,9,8],
                    "texture": "#1"
                },
                "west": {
                    "uv": [8,9,9,12],
                    "texture": "#1"
                },
                "east": {
                    "uv": [8,9,9,12],
                    "texture": "#1"
                },
                "north": {
                    "uv": [8,9,9,12],
                    "texture": "#1"
                },
                "south": {
                    "uv": [8,9,9,12],
                    "texture": "#1"
                }
            }
        },
        {
            "from": [9,0,4],
            "to": [11,3,12],
            "faces": {
                "up": {
                    "uv": [3,5,4,6],
                    "texture": "#0"
                },
                "down": {
                    "uv": [12,2,13,3],
                    "texture": "#0"
                },
                "west": {
                    "uv": [3,4,4,5],
                    "texture": "#0"
                },
                "east": {
                    "uv": [6,3,7,5],
                    "texture": "#0"
                },
                "north": {
                    "uv": [6,3,7,5],
                    "texture": "#0"
                },
                "south": {
                    "uv": [6,3,7,5],
                    "texture": "#0"
                }
            }
        },
        {
            "from": [5,0,4],
            "to": [7,3,12],
            "faces": {
                "up": {
                    "uv": [3,5,4,6],
                    "texture": "#0"
                },
                "down": {
                    "uv": [12,2,13,3],
                    "texture": "#0"
                },
                "west": {
                    "uv": [6,3,7,5],
                    "texture": "#0"
                },
                "east": {
                    "uv": [3,4,4,5],
                    "texture": "#0"
                },
                "north": {
                    "uv": [6,3,7,5],
                    "texture": "#0"
                },
                "south": {
                    "uv": [6,3,7,5],
                    "texture": "#0"
                }
            }
        },
        {
            "from": [7,0,4],
            "to": [9,3,6],
            "faces": {
                "up": {
                    "uv": [3,5,4,6],
                    "texture": "#0"
                },
                "down": {
                    "uv": [12,2,13,3],
                    "texture": "#0"
                },
                "north": {
                    "uv": [6,3,7,5],
                    "texture": "#0"
                },
                "south": {
                    "uv": [3,4,4,5],
                    "texture": "#0"
                }
            }
        },
        {
            "from": [7,0,10],
            "to": [9,3,12],
            "faces": {
                "up": {
                    "uv": [3,5,4,6],
                    "texture": "#0"
                },
                "down": {
                    "uv": [12,2,13,3],
                    "texture": "#0"
                },
                "north": {
                    "uv": [3,4,4,5],
                    "texture": "#0"
                },
                "south": {
                    "uv": [6,3,7,5],
                    "texture": "#0"
                }
            }
        },
        {
            "from": [7,0,5],
            "to": [9,2,11],
            "faces": {
                "up": {
                    "uv": [8,13,9,14],
                    "texture": "#1"
                },
                "down": {
                    "uv": [11,2,12,3],
                    "texture": "#0"
                }
            }
        }
    ]
}