{
    "__comment": "Model generated using MrCrayfish's Model Creator (http://mrcrayfish.com/modelcreator/)",
"ambientocclusion": false,
    "textures": {
        "particle": "blocks/rail_normal",
        "0": "blocks/rail_normal"
    },
    "elements": [
        {
            "name": "Element",
            "from": [ 1.0, 8.0, -0.75 ], 
            "to": [ 15.0, 9.0, 1.75 ], 
            "rotation": { "origin": [ 8.0, 9.7, 8.0 ], "axis": "x", "angle": 45.0 },
            "faces": {
                "north": { "texture": "#0", "uv": [ 1.0, 1.0, 15.0, 3.0 ] },
                "east": { "texture": "#0", "uv": [ 14.0, 1.0, 15.0, 3.0 ] },
                "south": { "texture": "#0", "uv": [ 1.0, 1.0, 15.0, 3.0 ] },
                "west": { "texture": "#0", "uv": [ 14.0, 1.0, 15.0, 3.0 ] },
                "up": { "texture": "#0", "uv": [ 1.0, 1.0, 15.0, 3.0 ] },
                "down": { "texture": "#0", "uv": [ 1.0, 1.0, 15.0, 3.0 ] }
            }
        },
        {
            "name": "Element",
            "from": [ 1.0, 8.0, 4.5 ], 
            "to": [ 15.0, 9.0, 7.0 ], 
            "rotation": { "origin": [ 8.0, 9.65, 8.0 ], "axis": "x", "angle": 45.0 },
            "faces": {
                "north": { "texture": "#0", "uv": [ 1.0, 5.0, 15.0, 7.0 ] },
                "east": { "texture": "#0", "uv": [ 14.0, 1.0, 15.0, 3.0 ] },
                "south": { "texture": "#0", "uv": [ 1.0, 5.0, 15.0, 7.0 ] },
                "west": { "texture": "#0", "uv": [ 14.0, 5.0, 15.0, 7.0 ] },
                "up": { "texture": "#0", "uv": [ 1.0, 5.0, 15.0, 7.0 ] },
                "down": { "texture": "#0", "uv": [ 1.0, 5.0, 15.0, 7.0 ] }
            }
        },
        {
            "name": "Element",
            "from": [ 1.0, 8.0, 10.0 ], 
            "to": [ 15.0, 9.0, 12.5 ], 
            "rotation": { "origin": [ 8.0, 9.65, 8.0 ], "axis": "x", "angle": 45.0 },
            "faces": {
                "north": { "texture": "#0", "uv": [ 1.0, 9.0, 15.0, 11.0 ] },
                "east": { "texture": "#0", "uv": [ 14.0, 9.0, 15.0, 11.0 ] },
                "south": { "texture": "#0", "uv": [ 1.0, 9.0, 15.0, 11.0 ] },
                "west": { "texture": "#0", "uv": [ 14.0, 9.0, 15.0, 11.0 ] },
                "up": { "texture": "#0", "uv": [ 1.0, 9.0, 15.0, 11.0 ] },
                "down": { "texture": "#0", "uv": [ 1.0, 9.0, 15.0, 11.0 ] }
            }
        },
        {
            "name": "Element",
            "from": [ 1.0, 8.0, 15.0 ], 
            "to": [ 15.0, 9.0, 17.5 ], 
            "rotation": { "origin": [ 8.0, 9.65, 8.0 ], "axis": "x", "angle": 45.0 },
            "faces": {
                "north": { "texture": "#0", "uv": [ 1.0, 13.0, 15.0, 15.0 ] },
                "east": { "texture": "#0", "uv": [ 14.0, 13.0, 15.0, 15.0 ] },
                "south": { "texture": "#0", "uv": [ 1.0, 13.0, 15.0, 15.0 ] },
                "west": { "texture": "#0", "uv": [ 14.0, 13.0, 15.0, 15.0 ] },
                "up": { "texture": "#0", "uv": [ 1.0, 13.0, 15.0, 15.0 ] },
                "down": { "texture": "#0", "uv": [ 1.0, 13.0, 15.0, 15.0 ] }
            }
        },
        {
            "name": "Cube",
            "from": [ 2.0, 11.0, -4.0 ], 
            "to": [ 4.0, 13.0, 20.0 ], 
            "rotation": { "origin": [ 2.0, 10.5, 4.0 ], "axis": "x", "angle": 45.0 },
            "faces": {
                "north": { "texture": "#0", "uv": [ 12.0, 1.0, 14.0, 2.5 ] },
                "east": { "texture": "#0", "uv": [ 3.0, 1.0, 4.0, 2.5 ] },
                "south": { "texture": "#0", "uv": [ 2.0, 13.0, 4.0, 15.0 ] },
                "west": { "texture": "#0", "uv": [ 2.0, 3.0, 3.0, 4.5 ] },
                "up": { "texture": "#0", "uv": [ 2.0, 1.0, 4.0, 14.0 ] },
                "down": { "texture": "#0", "uv": [ 2.0, 1.0, 4.0, 15.0 ] }
            }
        },
        {
            "name": "Cube",
            "from": [ 12.0, 11.0, -4.0 ], 
            "to": [ 14.0, 13.0, 20.0 ], 
            "rotation": { "origin": [ 2.0, 10.5, 4.0 ], "axis": "x", "angle": 45.0 },
            "faces": {
                "north": { "texture": "#0", "uv": [ 2.0, 1.0, 4.0, 3.0 ] },
                "east": { "texture": "#0", "uv": [ 2.0, 1.0, 3.0, 2.5 ] },
                "south": { "texture": "#0", "uv": [ 12.0, 1.0, 14.0, 2.5 ] },
                "west": { "texture": "#0", "uv": [ 3.0, 1.0, 4.0, 2.5 ] },
                "up": { "texture": "#0", "uv": [ 12.0, 1.0, 14.0, 15.0 ] },
                "down": { "texture": "#0", "uv": [ 12.0, 1.0, 14.0, 15.0 ] }
            }
        }
    ]
}