{
    "__createdwith": "opl's Model Creator",
    "ambientocclusion": false,
    "textures": {
        "texture": "blocks/rail_normal",
        "particle": "blocks/rail_normal"
    },
    "elements": [
        {
            "from": [1,0,13],
            "to": [15,1,15],
            "faces": {
                "up": {
                    "texture": "#texture"
                },
                "down": {
                    "uv": [4,15,12,14],
                    "texture": "#texture"
                },
                "west": {
                    "uv": [4,14,5,15],
                    "texture": "#texture"
                },
                "east": {
                    "uv": [4,14,5,15],
                    "texture": "#texture"
                },
                "north": {
                    "uv": [4,14,12,15],
                    "texture": "#texture"
                },
                "south": {
                    "uv": [4,14,12,15],
                    "texture": "#texture"
                }
            }
        },
        {
            "from": [1,0,9],
            "to": [15,1,11],
            "faces": {
                "up": {
                    "texture": "#texture"
                },
                "down": {
                    "uv": [4,11,12,10],
                    "texture": "#texture"
                },
                "west": {
                    "uv": [4,14,5,15],
                    "texture": "#texture"
                },
                "east": {
                    "uv": [4,14,5,15],
                    "texture": "#texture"
                },
                "north": {
                    "uv": [4,15,12,14],
                    "texture": "#texture"
                },
                "south": {
                    "uv": [4,14,12,15],
                    "texture": "#texture"
                }
            }
        },
        {
            "from": [1,0,5],
            "to": [15,1,7],
            "faces": {
                "up": {
                    "texture": "#texture"
                },
                "down": {
                    "uv": [4,7,12,6],
                    "texture": "#texture"
                },
                "west": {
                    "uv": [4,14,5,15],
                    "texture": "#texture"
                },
                "east": {
                    "uv": [4,14,5,15],
                    "texture": "#texture"
                },
                "north": {
                    "uv": [4,14,12,15],
                    "texture": "#particle"
                },
                "south": {
                    "uv": [4,14,12,15],
                    "texture": "#texture"
                }
            }
        },
        {
            "from": [1,0,1],
            "to": [15,1,3],
            "faces": {
                "up": {
                    "texture": "#texture"
                },
                "down": {
                    "uv": [4,3,12,2],
                    "texture": "#texture"
                },
                "west": {
                    "uv": [4,14,5,15],
                    "texture": "#texture"
                },
                "east": {
                    "uv": [4,14,5,15],
                    "texture": "#texture"
                },
                "north": {
                    "uv": [4,14,12,15],
                    "texture": "#particle"
                },
                "south": {
                    "uv": [4,14,12,15],
                    "texture": "#texture"
                }
            }
        },
        {
            "from": [12,0,0],
            "to": [14,2,16],
            "faces": {
                "up": {
                    "texture": "#texture"
                },
                "down": {
                    "uv": [12,16,14,0],
                    "texture": "#texture"
                },
                "west": {
                    "uv": [3,16,4,0],
                    "texture": "#texture"
                },
                "east": {
                    "uv": [2,1,3,15],
                    "texture": "#texture",
                    "rotation": 90
                },
                "north": {
                    "uv": [2,13,4,15],
                    "texture": "#texture"
                },
                "south": {
                    "texture": "#texture"
                }
            }
        },
        {
            "from": [2,0,0],
            "to": [4,2,16],
            "faces": {
                "up": {
                    "texture": "#texture"
                },
                "down": {
                    "uv": [2,16,4,0],
                    "texture": "#texture"
                },
                "west": {
                    "uv": [2,15,3,1],
                    "texture": "#texture"
                },
                "east": {
                    "uv": [3,16,4,0],
                    "texture": "#texture"
                },
                "north": {
                    "uv": [12,13,14,15],
                    "texture": "#texture"
                },
                "south": {
                    "texture": "#texture"
                }
            }
        }
    ]
}