{
    "__createdwith": "opl's Model Creator",
    "ambientocclusion": false,
    "textures": {
        "0": "blocks/log_oak",
        "1": "blocks/sapling_oak",
        "particle": "blocks/sapling_oak"
    },
    "elements": [
        {
            "from": [7,0,7],
            "to": [9,7,9],
            "faces": {
                "down": {
                    "uv": [8,10,9,11],
                    "texture": "#0"
                },
                "west": {
                    "uv": [7,0,12,16],
                    "texture": "#0"
                },
                "east": {
                    "uv": [0,0,4,16],
                    "texture": "#0"
                },
                "north": {
                    "uv": [10,0,14,16],
                    "texture": "#0"
                },
                "south": {
                    "uv": [8,0,13,16],
                    "texture": "#0"
                }
            }
        },
        {
            "from": [6,7,6],
            "to": [10,10,10],
            "faces": {
                "up": {
                    "uv": [8,3,10,5],
                    "texture": "#1"
                },
                "down": {
                    "uv": [8,3,10,5],
                    "texture": "#1"
                },
                "west": {
                    "uv": [8,3,10,5],
                    "texture": "#1"
                },
                "east": {
                    "uv": [8,3,10,5],
                    "texture": "#1"
                },
                "north": {
                    "uv": [8,3,10,5],
                    "texture": "#1"
                },
                "south": {
                    "uv": [8,3,10,5],
                    "texture": "#1"
                }
            }
        }
    ]
}