{
    "__createdwith": "opl's Model Creator",
    "ambientocclusion": false,
    "textures": {
        "0": "blocks/log_spruce",
        "1": "blocks/sapling_spruce",
        "particle": "blocks/sapling_spruce"
    },
    "elements": [
        {
            "from": [7,0,7],
            "to": [9,6,9],
            "faces": {
                "down": {
                    "uv": [8,7,9,8],
                    "texture": "#0"
                },
                "west": {
                    "uv": [10,0,15,16],
                    "texture": "#0"
                },
                "east": {
                    "uv": [4,0,9,16],
                    "texture": "#0"
                },
                "north": {
                    "uv": [7,0,12,16],
                    "texture": "#0"
                },
                "south": {
                    "uv": [0,0,5,16],
                    "texture": "#0"
                }
            }
        },
        {
            "from": [7,9,7],
            "to": [9,11,9],
            "faces": {
                "up": {
                    "uv": [8,5,10,7],
                    "texture": "#1"
                },
                "west": {
                    "uv": [8,5,10,7],
                    "texture": "#1"
                },
                "east": {
                    "uv": [8,5,10,7],
                    "texture": "#1"
                },
                "north": {
                    "uv": [8,5,10,7],
                    "texture": "#1"
                },
                "south": {
                    "uv": [8,5,10,7],
                    "texture": "#1"
                }
            }
        },
        {
            "from": [6,6,6],
            "to": [10,9,10],
            "faces": {
                "up": {
                    "uv": [8,5,10,7],
                    "texture": "#1"
                },
                "down": {
                    "uv": [8,3,10,5],
                    "texture": "#1"
                },
                "west": {
                    "uv": [8,5,10,7],
                    "texture": "#1"
                },
                "east": {
                    "uv": [8,5,10,7],
                    "texture": "#1"
                },
                "north": {
                    "uv": [8,5,10,7],
                    "texture": "#1"
                },
                "south": {
                    "uv": [8,5,10,7],
                    "texture": "#1"
                }
            }
        }
    ]
}