{
    "__createdwith": "opl's Model Creator",
    "ambientocclusion": false,
    "textures": {
        "0": "blocks/reeds",
        "1": "blocks/red_sand",
        "particle": "blocks/melon_stem_connected"
    },
    "elements": [
        {
            "from": [9,8,5],
            "to": [12,9,8],
            "faces": {
                "up": {
                    "uv": [4,2,6,4],
                    "texture": "#0"
                },
                "down": {
                    "uv": [4,2,6,4],
                    "texture": "#0"
                },
                "west": {
                    "uv": [12,9,14,11],
                    "texture": "#0"
                },
                "east": {
                    "uv": [12,9,14,11],
                    "texture": "#0"
                },
                "north": {
                    "uv": [12,9,14,11],
                    "texture": "#0"
                },
                "south": {
                    "uv": [12,9,14,11],
                    "texture": "#0"
                }
            }
        },
        {
            "from": [8,7,7],
            "to": [9,9,8],
            "faces": {
                "up": {
                    "uv": [10,12,12,14],
                    "texture": "#1"
                },
                "down": {
                    "uv": [9.0,12.0,10.0,13.0],
                    "texture": "missingtexture"
                },
                "west": {
                    "uv": [10,12,12,14],
                    "texture": "#1"
                },
                "east": {
                    "uv": [10,12,12,14],
                    "texture": "#1"
                },
                "north": {
                    "uv": [10,11,13,14],
                    "texture": "#1"
                },
                "south": {
                    "uv": [9,12,12,15],
                    "texture": "#1"
                }
            }
        },
        {
            "from": [8,6,7],
            "to": [9,7,10],
            "faces": {
                "up": {
                    "uv": [10,12,13,15],
                    "texture": "#1"
                },
                "down": {
                    "uv": [10,12,13,15],
                    "texture": "#1"
                },
                "west": {
                    "uv": [10,12,12,14],
                    "texture": "#1"
                },
                "east": {
                    "uv": [9,12,12,15],
                    "texture": "#1"
                },
                "north": {
                    "uv": [10,12,13,15],
                    "texture": "#1"
                },
                "south": {
                    "uv": [9,12,12,15],
                    "texture": "#1"
                }
            }
        },
        {
            "from": [6,6,9],
            "to": [8,7,10],
            "faces": {
                "up": {
                    "uv": [10,12,13,15],
                    "texture": "#1"
                },
                "down": {
                    "uv": [10,11,13,14],
                    "texture": "#1"
                },
                "west": {
                    "uv": [10.0,12.0,12.0,14.0],
                    "texture": "missingtexture"
                },
                "east": {
                    "uv": [10.0,12.0,12.0,14.0],
                    "texture": "missingtexture"
                },
                "north": {
                    "uv": [10,11,13,14],
                    "texture": "#1"
                },
                "south": {
                    "uv": [9,11,12,14],
                    "texture": "#1"
                }
            }
        },
        {
            "from": [5,6,7],
            "to": [6,7,10],
            "faces": {
                "up": {
                    "uv": [10,11,13,14],
                    "texture": "#1"
                },
                "down": {
                    "uv": [9,12,12,15],
                    "texture": "#1"
                },
                "west": {
                    "uv": [9,11,12,14],
                    "texture": "#1"
                },
                "east": {
                    "uv": [10,12,12,14],
                    "texture": "#1"
                },
                "north": {
                    "uv": [10.0,12.0,12.0,14.0],
                    "texture": "missingtexture"
                },
                "south": {
                    "uv": [10,12,13,15],
                    "texture": "#1"
                }
            }
        },
        {
            "from": [5,11,6],
            "to": [6,12,9],
            "faces": {
                "up": {
                    "uv": [9,11,12,14],
                    "texture": "#1"
                },
                "down": {
                    "uv": [10,11,13,14],
                    "texture": "#1"
                },
                "west": {
                    "uv": [9,11,12,14],
                    "texture": "#1"
                },
                "east": {
                    "uv": [10,12,13,15],
                    "texture": "#1"
                },
                "north": {
                    "uv": [9,12,12,15],
                    "texture": "#1"
                },
                "south": {
                    "uv": [10.0,12.0,12.0,14.0],
                    "texture": "missingtexture"
                }
            }
        },
        {
            "from": [5,6,6],
            "to": [6,11,7],
            "faces": {
                "up": {
                    "uv": [10.0,12.0,12.0,14.0],
                    "texture": "missingtexture"
                },
                "down": {
                    "uv": [10,11,13,14],
                    "texture": "#1"
                },
                "west": {
                    "uv": [9,12,12,15],
                    "texture": "#1"
                },
                "east": {
                    "uv": [9,11,12,14],
                    "texture": "#1"
                },
                "north": {
                    "uv": [10,11,13,14],
                    "texture": "#1"
                },
                "south": {
                    "uv": [10,11,13,14],
                    "texture": "#1"
                }
            }
        },
        {
            "from": [5,12,9],
            "to": [8,13,10],
            "faces": {
                "up": {
                    "uv": [9,12,12,15],
                    "texture": "#1"
                },
                "down": {
                    "uv": [10,12,12,14],
                    "texture": "#1"
                },
                "west": {
                    "uv": [10,12,12,14],
                    "texture": "#1"
                },
                "east": {
                    "uv": [9,12,12,15],
                    "texture": "#1"
                },
                "north": {
                    "uv": [10,12,13,15],
                    "texture": "#1"
                },
                "south": {
                    "uv": [10,11,13,14],
                    "texture": "#1"
                }
            }
        },
        {
            "from": [3,11,9],
            "to": [6,12,10],
            "faces": {
                "up": {
                    "uv": [10,11,13,14],
                    "texture": "#1"
                },
                "down": {
                    "uv": [9,11,12,14],
                    "texture": "#1"
                },
                "west": {
                    "uv": [9,12,12,15],
                    "texture": "#1"
                },
                "east": {
                    "uv": [10,12,13,15],
                    "texture": "#1"
                },
                "north": {
                    "uv": [10,11,13,14],
                    "texture": "#1"
                },
                "south": {
                    "uv": [9,12,12,15],
                    "texture": "#1"
                }
            }
        },
        {
            "from": [1,11,10],
            "to": [4,12,13],
            "faces": {
                "up": {
                    "uv": [4,2,6,4],
                    "texture": "#0"
                },
                "down": {
                    "uv": [4,2,6,4],
                    "texture": "#0"
                },
                "west": {
                    "uv": [12,9,14,11],
                    "texture": "#0"
                },
                "east": {
                    "uv": [4,2,6,4],
                    "texture": "#0"
                },
                "north": {
                    "uv": [12,9,14,11],
                    "texture": "#0"
                },
                "south": {
                    "uv": [12,9,14,11],
                    "texture": "#0"
                }
            }
        },
        {
            "from": [7,11,9],
            "to": [10,12,12],
            "faces": {
                "up": {
                    "uv": [4,2,6,4],
                    "texture": "#0"
                },
                "down": {
                    "uv": [4,2,6,4],
                    "texture": "#0"
                },
                "west": {
                    "uv": [12,9,14,11],
                    "texture": "#0"
                },
                "east": {
                    "uv": [12,9,14,11],
                    "texture": "#0"
                },
                "north": {
                    "uv": [12,9,14,11],
                    "texture": "#0"
                },
                "south": {
                    "uv": [12,9,14,11],
                    "texture": "#0"
                }
            }
        },
        {
            "from": [0,6,4],
            "to": [6,8,6],
            "faces": {
                "up": {
                    "uv": [9,12,12,15],
                    "texture": "#1"
                },
                "down": {
                    "uv": [9,12,12,15],
                    "texture": "#1"
                },
                "west": {
                    "uv": [10,12,13,15],
                    "texture": "#1"
                },
                "east": {
                    "uv": [10,11,13,14],
                    "texture": "#1"
                },
                "north": {
                    "uv": [9,11,12,14],
                    "texture": "#1"
                },
                "south": {
                    "uv": [9,11,12,14],
                    "texture": "#1"
                }
            }
        },
        {
            "from": [0,6,0],
            "to": [2,8,4],
            "faces": {
                "up": {
                    "uv": [10,11,13,14],
                    "texture": "#1"
                },
                "down": {
                    "uv": [10,11,13,14],
                    "texture": "#1"
                },
                "west": {
                    "uv": [9,12,12,15],
                    "texture": "#1"
                },
                "east": {
                    "uv": [9,12,12,15],
                    "texture": "#1"
                },
                "north": {
                    "uv": [10,11,13,14],
                    "texture": "#1"
                },
                "south": {
                    "uv": [10.0,12.0,12.0,14.0],
                    "texture": "missingtexture"
                }
            }
        },
        {
            "from": [0,4,0],
            "to": [2,6,2],
            "faces": {
                "up": {
                    "uv": [10.0,12.0,12.0,14.0],
                    "texture": "missingtexture"
                },
                "down": {
                    "uv": [9.0,12.0,10.0,13.0],
                    "texture": "missingtexture"
                },
                "west": {
                    "uv": [10,11,13,14],
                    "texture": "#1"
                },
                "east": {
                    "uv": [9,11,12,14],
                    "texture": "#1"
                },
                "north": {
                    "uv": [10,12,13,15],
                    "texture": "#1"
                },
                "south": {
                    "uv": [10,12,13,15],
                    "texture": "#1"
                }
            }
        },
        {
            "from": [0,1,0],
            "to": [6,4,2],
            "faces": {
                "up": {
                    "uv": [10,11,13,14],
                    "texture": "#1"
                },
                "down": {
                    "uv": [9,12,12,15],
                    "texture": "#1"
                },
                "west": {
                    "uv": [10,12,13,15],
                    "texture": "#1"
                },
                "east": {
                    "uv": [10.0,12.0,12.0,14.0],
                    "texture": "missingtexture"
                },
                "north": {
                    "uv": [9,12,12,15],
                    "texture": "#1"
                },
                "south": {
                    "uv": [9,11,12,14],
                    "texture": "#1"
                }
            }
        },
        {
            "from": [6,1,0],
            "to": [9,4,6],
            "faces": {
                "up": {
                    "uv": [10,11,13,14],
                    "texture": "#1"
                },
                "down": {
                    "uv": [9,11,12,14],
                    "texture": "#1"
                },
                "west": {
                    "uv": [9,11,12,14],
                    "texture": "#1"
                },
                "east": {
                    "uv": [9,11,12,14],
                    "texture": "#1"
                },
                "north": {
                    "uv": [10,11,13,14],
                    "texture": "#1"
                },
                "south": {
                    "uv": [10.0,12.0,12.0,14.0],
                    "texture": "missingtexture"
                }
            }
        },
        {
            "from": [6,0,6],
            "to": [10,4,10],
            "faces": {
                "up": {
                    "uv": [4,12,7,15],
                    "texture": "#1"
                },
                "west": {
                    "uv": [10,11,13,14],
                    "texture": "#1"
                },
                "east": {
                    "uv": [3,11,6,14],
                    "texture": "#1"
                },
                "north": {
                    "uv": [4,11,7,14],
                    "texture": "#1"
                },
                "south": {
                    "uv": [1,8,4,11],
                    "texture": "#1"
                }
            }
        }
    ]
}