{
    "__createdwith": "opl's Model Creator",
    "ambientocclusion": false,
    "textures": {
        "0": "blocks/reeds",
        "1": "blocks/red_sand",
        "particle": "blocks/melon_stem_connected"
    },
    "elements": [
        {
            "from": [-9,16,7],
            "to": [-7,18,9],
            "faces": {
                "up": {
                    "uv": [6,12,7,13],
                    "texture": "#0"
                },
                "down": {
                    "uv": [6,12,7,13],
                    "texture": "#0"
                },
                "west": {
                    "uv": [13,7,15,9],
                    "texture": "#0"
                },
                "east": {
                    "uv": [5,4,7,6],
                    "texture": "#0"
                },
                "north": {
                    "uv": [9,10,11,12],
                    "texture": "#0"
                },
                "south": {
                    "uv": [1,8,3,10],
                    "texture": "#0"
                }
            }
        },
        {
            "from": [-8,18,7],
            "to": [-7,21,8],
            "faces": {
                "up": {
                    "uv": [9,11,12,14],
                    "texture": "#1"
                },
                "down": {
                    "uv": [11,13,12,14],
                    "texture": "#1"
                },
                "west": {
                    "uv": [9,11,12,14],
                    "texture": "#1"
                },
                "east": {
                    "uv": [10,11,13,14],
                    "texture": "#1"
                },
                "north": {
                    "uv": [10,11,13,14],
                    "texture": "#1"
                },
                "south": {
                    "uv": [9,11,12,14],
                    "texture": "#1"
                }
            }
        },
        {
            "from": [-8,20,5],
            "to": [-5,21,6],
            "faces": {
                "up": {
                    "uv": [10,11,13,14],
                    "texture": "#1"
                },
                "down": {
                    "uv": [9,11,12,14],
                    "texture": "#1"
                },
                "west": {
                    "uv": [10,12,13,15],
                    "texture": "#1"
                },
                "east": {
                    "uv": [11,13,12,14],
                    "texture": "#1"
                },
                "north": {
                    "uv": [9,13,12,15],
                    "texture": "#1"
                },
                "south": {
                    "uv": [9,11,12,14],
                    "texture": "#1"
                }
            }
        },
        {
            "from": [-8,20,6],
            "to": [-7,21,7],
            "faces": {
                "up": {
                    "uv": [9,13,12,16],
                    "texture": "#1"
                },
                "down": {
                    "uv": [11,13,12,14],
                    "texture": "#1"
                },
                "west": {
                    "uv": [9,11,12,14],
                    "texture": "#1"
                },
                "east": {
                    "uv": [10,12,13,15],
                    "texture": "#1"
                },
                "north": {
                    "uv": [11,13,12,14],
                    "texture": "#1"
                },
                "south": {
                    "uv": [10,11,13,14],
                    "texture": "#1"
                }
            }
        },
        {
            "from": [-5,19,6],
            "to": [-4,20,9],
            "faces": {
                "up": {
                    "uv": [10,11,13,14],
                    "texture": "#1"
                },
                "down": {
                    "uv": [9,11,12,14],
                    "texture": "#1"
                },
                "west": {
                    "uv": [10,12,13,15],
                    "texture": "#1"
                },
                "east": {
                    "uv": [9,11,12,14],
                    "texture": "#1"
                },
                "north": {
                    "uv": [10,11,13,14],
                    "texture": "#1"
                },
                "south": {
                    "uv": [9,11,12,14],
                    "texture": "#1"
                }
            }
        },
        {
            "from": [-5,18,8],
            "to": [-2,19,9],
            "faces": {
                "up": {
                    "uv": [9,12,12,15],
                    "texture": "#1"
                },
                "down": {
                    "uv": [10,12,13,15],
                    "texture": "#1"
                },
                "west": {
                    "uv": [10,12,12,14],
                    "texture": "#1"
                },
                "east": {
                    "uv": [11,13,12,14],
                    "texture": "#1"
                },
                "north": {
                    "uv": [9,11,12,14],
                    "texture": "#1"
                },
                "south": {
                    "uv": [9,11,12,14],
                    "texture": "#1"
                }
            }
        },
        {
            "from": [6,1,0],
            "to": [9,4,6],
            "faces": {
                "up": {
                    "uv": [10,11,13,14],
                    "texture": "#1"
                },
                "down": {
                    "uv": [9,11,12,14],
                    "texture": "#1"
                },
                "west": {
                    "uv": [9,11,12,14],
                    "texture": "#1"
                },
                "east": {
                    "uv": [9,11,12,14],
                    "texture": "#1"
                },
                "north": {
                    "uv": [10,11,13,14],
                    "texture": "#1"
                },
                "south": {
                    "uv": [10,12,12,14],
                    "texture": "#1"
                }
            }
        },
        {
            "from": [6,0,6],
            "to": [10,4,10],
            "faces": {
                "up": {
                    "uv": [4,12,7,15],
                    "texture": "#1"
                },
                "west": {
                    "uv": [10,11,13,14],
                    "texture": "#1"
                },
                "east": {
                    "uv": [3,11,6,14],
                    "texture": "#1"
                },
                "north": {
                    "uv": [4,11,7,14],
                    "texture": "#1"
                },
                "south": {
                    "uv": [1,8,4,11],
                    "texture": "#1"
                }
            }
        },
        {
            "from": [0,1,0],
            "to": [6,4,2],
            "faces": {
                "up": {
                    "uv": [10,11,13,14],
                    "texture": "#1"
                },
                "down": {
                    "uv": [10,12,13,15],
                    "texture": "#1"
                },
                "west": {
                    "uv": [10,12,13,15],
                    "texture": "#1"
                },
                "east": {
                    "uv": [10,12,12,14],
                    "texture": "#1"
                },
                "north": {
                    "uv": [9,12,12,15],
                    "texture": "#1"
                },
                "south": {
                    "uv": [9,11,12,14],
                    "texture": "#1"
                }
            }
        },
        {
            "from": [0,4,0],
            "to": [3,6,2],
            "faces": {
                "up": {
                    "uv": [10,12,12,14],
                    "texture": "#1"
                },
                "down": {
                    "uv": [9,12,10,13],
                    "texture": "#1"
                },
                "west": {
                    "uv": [10,11,13,14],
                    "texture": "#1"
                },
                "east": {
                    "uv": [9,11,12,14],
                    "texture": "#1"
                },
                "north": {
                    "uv": [10,12,13,15],
                    "texture": "#1"
                },
                "south": {
                    "uv": [10,12,13,15],
                    "texture": "#1"
                }
            }
        },
        {
            "from": [0,6,0],
            "to": [3,8,4],
            "faces": {
                "up": {
                    "uv": [10,11,13,14],
                    "texture": "#1"
                },
                "down": {
                    "uv": [10,11,13,14],
                    "texture": "#1"
                },
                "west": {
                    "uv": [9,12,12,15],
                    "texture": "#1"
                },
                "east": {
                    "uv": [9,12,12,15],
                    "texture": "#1"
                },
                "north": {
                    "uv": [10,11,13,14],
                    "texture": "#1"
                },
                "south": {
                    "uv": [10,12,12,14],
                    "texture": "#1"
                }
            }
        },
        {
            "from": [0,6,4],
            "to": [6,8,6],
            "faces": {
                "up": {
                    "uv": [9,12,12,15],
                    "texture": "#1"
                },
                "down": {
                    "uv": [9,12,12,15],
                    "texture": "#1"
                },
                "west": {
                    "uv": [10,12,13,15],
                    "texture": "#1"
                },
                "east": {
                    "uv": [10,11,13,14],
                    "texture": "#1"
                },
                "north": {
                    "uv": [9,11,12,14],
                    "texture": "#1"
                },
                "south": {
                    "uv": [9,11,12,14],
                    "texture": "#1"
                }
            }
        },
        {
            "from": [4,6,6],
            "to": [6,11,8],
            "faces": {
                "up": {
                    "uv": [10,12,12,14],
                    "texture": "#1"
                },
                "down": {
                    "uv": [10,11,13,14],
                    "texture": "#1"
                },
                "west": {
                    "uv": [9,12,12,15],
                    "texture": "#1"
                },
                "east": {
                    "uv": [9,11,12,14],
                    "texture": "#1"
                },
                "north": {
                    "uv": [10,11,13,14],
                    "texture": "#1"
                },
                "south": {
                    "uv": [10,11,13,14],
                    "texture": "#1"
                }
            }
        },
        {
            "from": [4,11,6],
            "to": [6,13,11],
            "faces": {
                "up": {
                    "uv": [9,11,12,14],
                    "texture": "#1"
                },
                "down": {
                    "uv": [10,11,13,14],
                    "texture": "#1"
                },
                "west": {
                    "uv": [9,11,12,14],
                    "texture": "#1"
                },
                "east": {
                    "uv": [10,12,13,15],
                    "texture": "#1"
                },
                "north": {
                    "uv": [9,12,12,15],
                    "texture": "#1"
                },
                "south": {
                    "uv": [10,12,12,14],
                    "texture": "#1"
                }
            }
        },
        {
            "from": [1,11,11],
            "to": [6,13,13],
            "faces": {
                "up": {
                    "uv": [10,11,13,14],
                    "texture": "#1"
                },
                "down": {
                    "uv": [9,11,12,14],
                    "texture": "#1"
                },
                "west": {
                    "uv": [9,12,12,15],
                    "texture": "#1"
                },
                "east": {
                    "uv": [10,12,13,15],
                    "texture": "#1"
                },
                "north": {
                    "uv": [10,11,13,14],
                    "texture": "#1"
                },
                "south": {
                    "uv": [9,12,12,15],
                    "texture": "#1"
                }
            }
        },
        {
            "from": [4,6,8],
            "to": [6,8,11],
            "faces": {
                "up": {
                    "uv": [10,11,13,14],
                    "texture": "#1"
                },
                "down": {
                    "uv": [9,12,12,15],
                    "texture": "#1"
                },
                "west": {
                    "uv": [9,11,12,14],
                    "texture": "#1"
                },
                "east": {
                    "uv": [10,12,12,14],
                    "texture": "#1"
                },
                "north": {
                    "uv": [10,12,12,14],
                    "texture": "#1"
                },
                "south": {
                    "uv": [10,12,13,15],
                    "texture": "#1"
                }
            }
        },
        {
            "from": [6,6,9],
            "to": [9,8,11],
            "faces": {
                "up": {
                    "uv": [10,12,13,15],
                    "texture": "#1"
                },
                "down": {
                    "uv": [10,11,13,14],
                    "texture": "#1"
                },
                "west": {
                    "uv": [10,12,12,14],
                    "texture": "#1"
                },
                "east": {
                    "uv": [10,12,12,14],
                    "texture": "#1"
                },
                "north": {
                    "uv": [10,11,13,14],
                    "texture": "#1"
                },
                "south": {
                    "uv": [9,11,12,14],
                    "texture": "#1"
                }
            }
        },
        {
            "from": [9,6,7],
            "to": [11,8,11],
            "faces": {
                "up": {
                    "uv": [10,12,13,15],
                    "texture": "#1"
                },
                "down": {
                    "uv": [10,12,13,15],
                    "texture": "#1"
                },
                "west": {
                    "uv": [10,12,12,14],
                    "texture": "#1"
                },
                "east": {
                    "uv": [9,12,12,15],
                    "texture": "#1"
                },
                "north": {
                    "uv": [10,12,13,15],
                    "texture": "#1"
                },
                "south": {
                    "uv": [9,12,12,15],
                    "texture": "#1"
                }
            }
        },
        {
            "from": [9,8,7],
            "to": [11,10,8],
            "faces": {
                "up": {
                    "uv": [10,12,12,14],
                    "texture": "#1"
                },
                "down": {
                    "uv": [9,12,10,13],
                    "texture": "#1"
                },
                "west": {
                    "uv": [10,12,12,14],
                    "texture": "#1"
                },
                "east": {
                    "uv": [10,12,12,14],
                    "texture": "#1"
                },
                "north": {
                    "uv": [10,11,13,14],
                    "texture": "#1"
                },
                "south": {
                    "uv": [9,12,12,15],
                    "texture": "#1"
                }
            }
        },
        {
            "from": [1,13,11],
            "to": [3,16,13],
            "faces": {
                "up": {
                    "uv": [10,12,12,14],
                    "texture": "#1"
                },
                "down": {
                    "uv": [9,12,10,13],
                    "texture": "#1"
                },
                "west": {
                    "uv": [10,12,13,15],
                    "texture": "#1"
                },
                "east": {
                    "uv": [10,11,13,14],
                    "texture": "#1"
                },
                "north": {
                    "uv": [9,12,12,15],
                    "texture": "#1"
                },
                "south": {
                    "uv": [9,11,12,14],
                    "texture": "#1"
                }
            }
        },
        {
            "from": [9,10,7],
            "to": [13,11,8],
            "faces": {
                "up": {
                    "uv": [10,12,13,15],
                    "texture": "#1"
                },
                "down": {
                    "uv": [10,12,12,14],
                    "texture": "#1"
                },
                "west": {
                    "uv": [10,12,12,14],
                    "texture": "#1"
                },
                "east": {
                    "uv": [10,12,12,14],
                    "texture": "#1"
                },
                "north": {
                    "uv": [9,12,12,15],
                    "texture": "#1"
                },
                "south": {
                    "uv": [9,11,12,14],
                    "texture": "#1"
                }
            }
        },
        {
            "from": [13,10,7],
            "to": [14,11,11],
            "faces": {
                "up": {
                    "uv": [10,11,13,14],
                    "texture": "#1"
                },
                "down": {
                    "uv": [10,12,12,14],
                    "texture": "#1"
                },
                "west": {
                    "uv": [10,12,12,14],
                    "texture": "#1"
                },
                "east": {
                    "uv": [9,11,12,14],
                    "texture": "#1"
                },
                "north": {
                    "uv": [10,11,13,14],
                    "texture": "#1"
                },
                "south": {
                    "uv": [10,12,13,15],
                    "texture": "#1"
                }
            }
        },
        {
            "from": [1,16,9],
            "to": [3,17,13],
            "faces": {
                "up": {
                    "uv": [10,11,13,14],
                    "texture": "#1"
                },
                "down": {
                    "uv": [10,12,13,15],
                    "texture": "#1"
                },
                "west": {
                    "uv": [10,11,13,14],
                    "texture": "#1"
                },
                "east": {
                    "uv": [10,11,13,14],
                    "texture": "#1"
                },
                "north": {
                    "uv": [10,12,12,14],
                    "texture": "#1"
                },
                "south": {
                    "uv": [10,12,13,15],
                    "texture": "#1"
                }
            }
        },
        {
            "from": [-3,17,3],
            "to": [-2,18,9],
            "faces": {
                "up": {
                    "uv": [9,11,12,14],
                    "texture": "#1"
                },
                "down": {
                    "uv": [10,12,13,15],
                    "texture": "#1"
                },
                "west": {
                    "uv": [9,11,12,14],
                    "texture": "#1"
                },
                "east": {
                    "uv": [10,12,13,15],
                    "texture": "#1"
                },
                "north": {
                    "uv": [11,13,12,14],
                    "texture": "#1"
                },
                "south": {
                    "uv": [11,13,12,14],
                    "texture": "#1"
                }
            }
        },
        {
            "from": [-2,17,3],
            "to": [1,18,4],
            "faces": {
                "up": {
                    "uv": [9,11,12,14],
                    "texture": "#1"
                },
                "down": {
                    "uv": [9,11,12,14],
                    "texture": "#1"
                },
                "west": {
                    "uv": [10,12,12,14],
                    "texture": "#1"
                },
                "east": {
                    "uv": [9,5,10,8],
                    "texture": "#1"
                },
                "north": {
                    "uv": [9,11,12,14],
                    "texture": "#1"
                },
                "south": {
                    "uv": [10,12,13,15],
                    "texture": "#1"
                }
            }
        },
        {
            "from": [4,19,6],
            "to": [5,20,9],
            "faces": {
                "up": {
                    "uv": [9,11,12,14],
                    "texture": "#1"
                },
                "down": {
                    "uv": [9,11,12,14],
                    "texture": "#1"
                },
                "west": {
                    "uv": [10,11,13,14],
                    "texture": "#1"
                },
                "east": {
                    "uv": [10,12,13,15],
                    "texture": "#1"
                },
                "north": {
                    "uv": [2,6,3,7],
                    "texture": "#1"
                },
                "south": {
                    "uv": [10,11,13,14],
                    "texture": "#1"
                }
            }
        },
        {
            "from": [1,17,5],
            "to": [2,20,6],
            "faces": {
                "up": {
                    "uv": [10,11,13,14],
                    "texture": "#1"
                },
                "down": {
                    "uv": [11,13,12,14],
                    "texture": "#1"
                },
                "west": {
                    "uv": [10,11,13,14],
                    "texture": "#1"
                },
                "east": {
                    "uv": [10,12,13,15],
                    "texture": "#1"
                },
                "north": {
                    "uv": [9,11,12,14],
                    "texture": "#1"
                },
                "south": {
                    "uv": [9,11,12,14],
                    "texture": "#1"
                }
            }
        },
        {
            "from": [1,19,8],
            "to": [4,20,9],
            "faces": {
                "up": {
                    "uv": [10,11,13,14],
                    "texture": "#1"
                },
                "down": {
                    "uv": [10,11,13,14],
                    "texture": "#1"
                },
                "west": {
                    "uv": [10,12,12,14],
                    "texture": "#1"
                },
                "east": {
                    "uv": [9,5,10,8],
                    "texture": "#1"
                },
                "north": {
                    "uv": [10,12,13,15],
                    "texture": "#1"
                },
                "south": {
                    "uv": [10,12,13,15],
                    "texture": "#1"
                }
            }
        },
        {
            "from": [2,19,5],
            "to": [5,20,6],
            "faces": {
                "up": {
                    "uv": [10,12,13,15],
                    "texture": "#1"
                },
                "down": {
                    "uv": [9,11,12,14],
                    "texture": "#1"
                },
                "west": {
                    "uv": [10,12,12,14],
                    "texture": "#1"
                },
                "east": {
                    "uv": [9,11,12,14],
                    "texture": "#1"
                },
                "north": {
                    "uv": [10,11,13,14],
                    "texture": "#1"
                },
                "south": {
                    "uv": [9,11,12,14],
                    "texture": "#1"
                }
            }
        },
        {
            "from": [1,17,3],
            "to": [2,18,5],
            "faces": {
                "up": {
                    "uv": [9,12,12,15],
                    "texture": "#1"
                },
                "down": {
                    "uv": [9,11,12,14],
                    "texture": "#1"
                },
                "west": {
                    "uv": [10,12,12,14],
                    "texture": "#1"
                },
                "east": {
                    "uv": [9,12,12,15],
                    "texture": "#1"
                },
                "north": {
                    "uv": [10,12,13,15],
                    "texture": "#1"
                },
                "south": {
                    "uv": [9,6,10,9],
                    "texture": "#1"
                }
            }
        },
        {
            "from": [1,16,8],
            "to": [2,19,9],
            "faces": {
                "up": {
                    "uv": [10,12,12,14],
                    "texture": "#1"
                },
                "down": {
                    "uv": [11,13,12,14],
                    "texture": "#1"
                },
                "west": {
                    "uv": [9,11,12,14],
                    "texture": "#1"
                },
                "east": {
                    "uv": [9,11,12,14],
                    "texture": "#1"
                },
                "north": {
                    "uv": [10,11,13,14],
                    "texture": "#1"
                },
                "south": {
                    "uv": [9,11,12,14],
                    "texture": "#1"
                }
            }
        },
        {
            "from": [2,16,8],
            "to": [3,17,9],
            "faces": {
                "up": {
                    "uv": [10,12,13,15],
                    "texture": "#1"
                },
                "down": {
                    "uv": [9,11,12,14],
                    "texture": "#1"
                },
                "west": {
                    "uv": [10,12,12,14],
                    "texture": "#1"
                },
                "east": {
                    "uv": [9,11,12,14],
                    "texture": "#1"
                },
                "north": {
                    "uv": [10,11,13,14],
                    "texture": "#1"
                },
                "south": {
                    "uv": [9,6,10,9],
                    "texture": "#1"
                }
            }
        },
        {
            "from": [13,6,10],
            "to": [14,10,11],
            "faces": {
                "up": {
                    "uv": [10,12,12,14],
                    "texture": "#1"
                },
                "down": {
                    "uv": [9,12,10,13],
                    "texture": "#1"
                },
                "west": {
                    "uv": [10,12,12,14],
                    "texture": "#1"
                },
                "east": {
                    "uv": [10,11,13,14],
                    "texture": "#1"
                },
                "north": {
                    "uv": [9,12,12,15],
                    "texture": "#1"
                },
                "south": {
                    "uv": [9,11,12,14],
                    "texture": "#1"
                }
            }
        },
        {
            "from": [13,5,10],
            "to": [14,6,13],
            "faces": {
                "up": {
                    "uv": [9,12,12,15],
                    "texture": "#1"
                },
                "down": {
                    "uv": [10,12,12,14],
                    "texture": "#1"
                },
                "west": {
                    "uv": [10,12,12,14],
                    "texture": "#1"
                },
                "east": {
                    "uv": [9,11,12,14],
                    "texture": "#1"
                },
                "north": {
                    "uv": [10,11,13,14],
                    "texture": "#1"
                },
                "south": {
                    "uv": [10,11,13,14],
                    "texture": "#1"
                }
            }
        },
        {
            "from": [11,5,12],
            "to": [13,6,13],
            "faces": {
                "up": {
                    "uv": [10,11,13,14],
                    "texture": "#1"
                },
                "down": {
                    "uv": [10,12,12,14],
                    "texture": "#1"
                },
                "west": {
                    "uv": [10,12,12,14],
                    "texture": "#1"
                },
                "east": {
                    "uv": [10,12,12,14],
                    "texture": "#1"
                },
                "north": {
                    "uv": [10,12,12,14],
                    "texture": "#1"
                },
                "south": {
                    "uv": [10,12,13,15],
                    "texture": "#1"
                }
            }
        },
        {
            "from": [10,3,12],
            "to": [11,6,13],
            "faces": {
                "up": {
                    "uv": [9,11,12,14],
                    "texture": "#1"
                },
                "down": {
                    "uv": [10,12,12,14],
                    "texture": "#1"
                },
                "west": {
                    "uv": [9,12,12,15],
                    "texture": "#1"
                },
                "east": {
                    "uv": [10,12,12,14],
                    "texture": "#1"
                },
                "north": {
                    "uv": [10,12,12,14],
                    "texture": "#1"
                },
                "south": {
                    "uv": [9,12,12,15],
                    "texture": "#1"
                }
            }
        },
        {
            "from": [10,3,13],
            "to": [12,4,14],
            "faces": {
                "up": {
                    "uv": [9,11,12,14],
                    "texture": "#1"
                },
                "down": {
                    "uv": [10,12,12,14],
                    "texture": "#1"
                },
                "west": {
                    "uv": [10,12,13,15],
                    "texture": "#1"
                },
                "east": {
                    "uv": [10,12,12,14],
                    "texture": "#1"
                },
                "north": {
                    "uv": [10,12,12,14],
                    "texture": "#1"
                },
                "south": {
                    "uv": [9,12,12,15],
                    "texture": "#1"
                }
            }
        },
        {
            "from": [12,1,13],
            "to": [13,4,14],
            "faces": {
                "up": {
                    "uv": [10,11,13,14],
                    "texture": "#1"
                },
                "down": {
                    "uv": [10,12,12,14],
                    "texture": "#1"
                },
                "west": {
                    "uv": [10,12,12,14],
                    "texture": "#1"
                },
                "east": {
                    "uv": [9,11,12,14],
                    "texture": "#1"
                },
                "north": {
                    "uv": [10,11,13,14],
                    "texture": "#1"
                },
                "south": {
                    "uv": [10,12,13,15],
                    "texture": "#1"
                }
            }
        },
        {
            "from": [13,9,4],
            "to": [16,10,7],
            "faces": {
                "up": {
                    "uv": [4,2,6,4],
                    "texture": "#0"
                },
                "down": {
                    "uv": [4,2,6,4],
                    "texture": "#0"
                },
                "west": {
                    "uv": [12,9,14,11],
                    "texture": "#0"
                },
                "east": {
                    "uv": [12,9,14,11],
                    "texture": "#0"
                },
                "north": {
                    "uv": [12,9,14,11],
                    "texture": "#0"
                },
                "south": {
                    "uv": [12,9,14,11],
                    "texture": "#0"
                }
            }
        },
        {
            "from": [8,5,13],
            "to": [11,6,16],
            "faces": {
                "up": {
                    "uv": [4,2,6,4],
                    "texture": "#0"
                },
                "down": {
                    "uv": [4,2,6,4],
                    "texture": "#0"
                },
                "west": {
                    "uv": [12,9,14,11],
                    "texture": "#0"
                },
                "east": {
                    "uv": [12,9,14,11],
                    "texture": "#0"
                },
                "north": {
                    "uv": [12,9,14,11],
                    "texture": "#0"
                },
                "south": {
                    "uv": [12,9,14,11],
                    "texture": "#0"
                }
            }
        },
        {
            "from": [6,12,11],
            "to": [8,13,12],
            "faces": {
                "up": {
                    "uv": [9,12,12,15],
                    "texture": "#1"
                },
                "down": {
                    "uv": [10,12,12,14],
                    "texture": "#1"
                },
                "west": {
                    "uv": [10,12,12,14],
                    "texture": "#1"
                },
                "east": {
                    "uv": [9,12,12,15],
                    "texture": "#1"
                },
                "north": {
                    "uv": [10,12,13,15],
                    "texture": "#1"
                },
                "south": {
                    "uv": [10,11,13,14],
                    "texture": "#1"
                }
            }
        },
        {
            "from": [7,11,11],
            "to": [10,12,14],
            "faces": {
                "up": {
                    "uv": [4,2,6,4],
                    "texture": "#0"
                },
                "down": {
                    "uv": [4,2,6,4],
                    "texture": "#0"
                },
                "west": {
                    "uv": [12,9,14,11],
                    "texture": "#0"
                },
                "east": {
                    "uv": [12,9,14,11],
                    "texture": "#0"
                },
                "north": {
                    "uv": [12,9,14,11],
                    "texture": "#0"
                },
                "south": {
                    "uv": [12,9,14,11],
                    "texture": "#0"
                }
            }
        },
        {
            "from": [3,15,3],
            "to": [6,16,6],
            "faces": {
                "up": {
                    "uv": [4,2,6,4],
                    "texture": "#0"
                },
                "down": {
                    "uv": [4,2,6,4],
                    "texture": "#0"
                },
                "west": {
                    "uv": [12,9,14,11],
                    "texture": "#0"
                },
                "east": {
                    "uv": [4,2,6,4],
                    "texture": "#0"
                },
                "north": {
                    "uv": [12,9,14,11],
                    "texture": "#0"
                },
                "south": {
                    "uv": [12,9,14,11],
                    "texture": "#0"
                }
            }
        },
        {
            "from": [2,17,4],
            "to": [4,18,5],
            "faces": {
                "up": {
                    "uv": [10,11,13,14],
                    "texture": "#1"
                },
                "down": {
                    "uv": [10,12,12,14],
                    "texture": "#1"
                },
                "west": {
                    "uv": [10,12,12,14],
                    "texture": "#1"
                },
                "east": {
                    "uv": [9,12,12,15],
                    "texture": "#1"
                },
                "north": {
                    "uv": [10,11,13,14],
                    "texture": "#1"
                },
                "south": {
                    "uv": [9,11,12,14],
                    "texture": "#1"
                }
            }
        },
        {
            "from": [-10,19,7],
            "to": [-8,20,8],
            "faces": {
                "up": {
                    "uv": [9,11,12,14],
                    "texture": "#1"
                },
                "down": {
                    "uv": [10,12,12,14],
                    "texture": "#1"
                },
                "west": {
                    "uv": [10,12,13,15],
                    "texture": "#1"
                },
                "east": {
                    "uv": [10,12,12,14],
                    "texture": "#1"
                },
                "north": {
                    "uv": [10,11,13,14],
                    "texture": "#1"
                },
                "south": {
                    "uv": [10,12,12,14],
                    "texture": "#1"
                }
            }
        },
        {
            "from": [-13,19,7],
            "to": [-10,20,10],
            "faces": {
                "up": {
                    "uv": [4,2,6,4],
                    "texture": "#0"
                },
                "down": {
                    "uv": [4,2,6,4],
                    "texture": "#0"
                },
                "west": {
                    "uv": [12,9,14,11],
                    "texture": "#0",
                    "rotation": 180,
                    "tintindex": 50
                },
                "east": {
                    "uv": [12,9,14,11],
                    "texture": "#0"
                },
                "north": {
                    "uv": [12,9,14,11],
                    "texture": "#0"
                },
                "south": {
                    "uv": [12,9,14,11],
                    "texture": "#0"
                }
            }
        },
        {
            "from": [-4,18,11],
            "to": [-1,19,14],
            "faces": {
                "up": {
                    "uv": [4,2,6,4],
                    "texture": "#0"
                },
                "down": {
                    "uv": [4,2,6,4],
                    "texture": "#0"
                },
                "west": {
                    "uv": [12,9,14,11],
                    "texture": "#0"
                },
                "east": {
                    "uv": [12,9,14,11],
                    "texture": "#0"
                },
                "north": {
                    "uv": [12,9,14,11],
                    "texture": "#0"
                },
                "south": {
                    "uv": [12,9,14,11],
                    "texture": "#0"
                }
            }
        },
        {
            "from": [-4,18,9],
            "to": [-3,19,11],
            "faces": {
                "up": {
                    "uv": [9,11,12,14],
                    "texture": "#1"
                },
                "down": {
                    "uv": [10,11,13,14],
                    "texture": "#1"
                },
                "west": {
                    "uv": [10,11,13,14],
                    "texture": "#1"
                },
                "east": {
                    "uv": [10,12,13,15],
                    "texture": "#1"
                },
                "north": {
                    "uv": [10,12,12,14],
                    "texture": "#1"
                },
                "south": {
                    "uv": [10,12,12,14],
                    "texture": "#1"
                }
            }
        },
        {
            "from": [3,16,4],
            "to": [4,17,5],
            "faces": {
                "up": {
                    "uv": [10,11,13,14],
                    "texture": "#1"
                },
                "down": {
                    "uv": [11,13,12,14],
                    "texture": "#1"
                },
                "west": {
                    "uv": [10,11,13,14],
                    "texture": "#1"
                },
                "east": {
                    "uv": [10,11,13,14],
                    "texture": "#1"
                },
                "north": {
                    "uv": [9,11,12,14],
                    "texture": "#1"
                },
                "south": {
                    "uv": [9,11,12,14],
                    "texture": "#1"
                }
            }
        },
        {
            "from": [-7,17,1],
            "to": [-4,18,4],
            "faces": {
                "up": {
                    "uv": [4,2,6,4],
                    "texture": "#0"
                },
                "down": {
                    "uv": [4,2,6,4],
                    "texture": "#0"
                },
                "west": {
                    "uv": [12,9,14,11],
                    "texture": "#0"
                },
                "east": {
                    "uv": [12,9,14,11],
                    "texture": "#0"
                },
                "north": {
                    "uv": [12,9,14,11],
                    "texture": "#0"
                },
                "south": {
                    "uv": [12,9,14,11],
                    "texture": "#0"
                }
            }
        },
        {
            "from": [-5,18,5],
            "to": [-4,21,6],
            "faces": {
                "up": {
                    "uv": [9,6,10,9.5],
                    "texture": "#1"
                },
                "down": {
                    "uv": [11,13,12,14],
                    "texture": "#1"
                },
                "west": {
                    "uv": [9,11,12,14],
                    "texture": "#1"
                },
                "east": {
                    "uv": [10,11,13,14],
                    "texture": "#1"
                },
                "north": {
                    "uv": [10,11,13,14],
                    "texture": "#1"
                },
                "south": {
                    "uv": [9,11,12,14],
                    "texture": "#1"
                }
            }
        },
        {
            "from": [-5,17,4],
            "to": [-4,18,6],
            "faces": {
                "up": {
                    "uv": [9,13,12,16],
                    "texture": "#1"
                },
                "down": {
                    "uv": [10,12,13,15],
                    "texture": "#1"
                },
                "west": {
                    "uv": [9,11,12,14],
                    "texture": "#1"
                },
                "east": {
                    "uv": [10,12,13,15],
                    "texture": "#1"
                },
                "north": {
                    "uv": [11,13,12,14],
                    "texture": "#1"
                },
                "south": {
                    "uv": [10,11,13,14],
                    "texture": "#1"
                }
            }
        },
        {
            "from": [5,7,2],
            "to": [7,8,3],
            "faces": {
                "up": {
                    "uv": [9,13,12,16],
                    "texture": "#1"
                },
                "down": {
                    "uv": [10,11,13,14],
                    "texture": "#1"
                },
                "west": {
                    "uv": [10,11,13,14],
                    "texture": "#1"
                },
                "east": {
                    "uv": [10,12,13,15],
                    "texture": "#1"
                },
                "north": {
                    "uv": [9,11,12,14],
                    "texture": "#1"
                },
                "south": {
                    "uv": [10,11,13,14],
                    "texture": "#1"
                }
            }
        },
        {
            "from": [7,7,0],
            "to": [10,8,3],
            "faces": {
                "up": {
                    "uv": [4,2,6,4],
                    "texture": "#0"
                },
                "down": {
                    "uv": [4,2,6,4],
                    "texture": "#0"
                },
                "west": {
                    "uv": [12,9,14,11],
                    "texture": "#0"
                },
                "east": {
                    "uv": [12,9,14,11],
                    "texture": "#0"
                },
                "north": {
                    "uv": [12,9,14,11],
                    "texture": "#0"
                },
                "south": {
                    "uv": [12,9,14,11],
                    "texture": "#0"
                }
            }
        },
        {
            "from": [5,8,2],
            "to": [6,9,5],
            "faces": {
                "up": {
                    "uv": [10,11,13,14],
                    "texture": "#1"
                },
                "down": {
                    "uv": [11,13,12,14],
                    "texture": "#1"
                },
                "west": {
                    "uv": [9,12,12,15],
                    "texture": "#1"
                },
                "east": {
                    "uv": [10,11,13,14],
                    "texture": "#1"
                },
                "north": {
                    "uv": [10,11,13,14],
                    "texture": "#1"
                },
                "south": {
                    "uv": [9,11,12,14],
                    "texture": "#1"
                }
            }
        }
    ]
}