{
    "__createdwith": "opl's Model Creator",
    "ambientocclusion": false,
    "textures": {
        "0": "blocks/waterlily",
        "particle": "blocks/blocks/waterlily"
    },
    "elements": [
        {
            "from": [2,0,2],
            "to": [14,1,14],
            "faces": {
                "up": {
                    "uv": [3,2,13,11],
                    "texture": "#0"
                },
                "down": {
                    "uv": [2,2,11,11],
                    "texture": "#0"
                },
                "west": {
                    "uv": [2,5,3,11],
                    "texture": "#0"
                },
                "east": {
                    "uv": [14,5,15,11],
                    "texture": "#0"
                },
                "north": {
                    "uv": [2,5,15,6],
                    "texture": "#0"
                },
                "south": {
                    "uv": [2,10,15,11],
                    "texture": "#0"
                }
            }
        },
        {
            "from": [2,0,14],
            "to": [14,1,15],
            "faces": {
                "up": {
                    "uv": [4,2,14,3],
                    "texture": "#0"
                },
                "down": {
                    "uv": [4,14,15,15],
                    "texture": "#0"
                },
                "west": {
                    "uv": [13,13,14,14],
                    "texture": "#0"
                },
                "east": {
                    "uv": [14,13,15,15],
                    "texture": "#0"
                },
                "north": {
                    "uv": [3,11,14,12],
                    "texture": "#0"
                },
                "south": {
                    "uv": [2,2,13,3],
                    "texture": "#0"
                }
            }
        },
        {
            "from": [1,0,2],
            "to": [2,1,14],
            "faces": {
                "up": {
                    "uv": [13,2,14,12],
                    "texture": "#0"
                },
                "down": {
                    "uv": [1,2,2,12],
                    "texture": "#0"
                },
                "west": {
                    "uv": [2,2,12,3],
                    "texture": "#0"
                },
                "east": {
                    "uv": [13,11,14,13],
                    "texture": "#0"
                },
                "north": {
                    "uv": [3,11,4,12],
                    "texture": "#0"
                },
                "south": {
                    "uv": [4,10,5,11],
                    "texture": "#0"
                }
            }
        },
        {
            "from": [2,0,1],
            "to": [14,1,2],
            "faces": {
                "up": {
                    "uv": [3,2,13,3],
                    "texture": "#0"
                },
                "down": {
                    "uv": [2,1,14,2],
                    "texture": "#0"
                },
                "west": {
                    "uv": [4,11,5,12],
                    "texture": "#0"
                },
                "east": {
                    "uv": [13,11,14,13],
                    "texture": "#0"
                },
                "north": {
                    "uv": [2,2,12,3],
                    "texture": "#0"
                },
                "south": {
                    "uv": [3,12,14,13],
                    "texture": "#0"
                }
            }
        },
        {
            "from": [14,0,2],
            "to": [15,1,14],
            "faces": {
                "up": {
                    "uv": [13,4,14,14],
                    "texture": "#0"
                },
                "down": {
                    "texture": "#0"
                },
                "west": {
                    "uv": [3,11,4,13],
                    "texture": "#0"
                },
                "east": {
                    "uv": [2,2,12,3],
                    "texture": "#0"
                },
                "north": {
                    "uv": [3,11,4,12],
                    "texture": "#0"
                },
                "south": {
                    "uv": [4,14,15,15],
                    "texture": "#0"
                }
            }
        }
    ]
}