{
    "__createdwith": "opl's Model Creator",
    "ambientocclusion": false,
    "textures": {
        "0": "blocks/wheat_stage_3",
        "particle": "blocks/wheat_stage_3"
    },
    "elements": [
        {
            "from": [1,-1,14],
            "to": [2,5,15],
            "faces": {
                "up": {
                    "uv": [6,10,7,11],
                    "texture": "#0"
                },
                "west": {
                    "uv": [6,10,7,16],
                    "texture": "#0"
                },
                "east": {
                    "uv": [6,10,7,16],
                    "texture": "#0"
                },
                "north": {
                    "uv": [6,10,7,16],
                    "texture": "#0"
                },
                "south": {
                    "uv": [6,10,7,16],
                    "texture": "#0"
                }
            }
        },
        {
            "from": [4,-1,12],
            "to": [5,7,13],
            "faces": {
                "up": {
                    "uv": [9,8,10,9],
                    "texture": "#0"
                },
                "west": {
                    "uv": [9,8,10,16],
                    "texture": "#0"
                },
                "east": {
                    "uv": [9,8,10,16],
                    "texture": "#0"
                },
                "north": {
                    "uv": [9,8,10,16],
                    "texture": "#0"
                },
                "south": {
                    "uv": [9,8,10,16],
                    "texture": "#0"
                }
            }
        },
        {
            "from": [5,-1,8],
            "to": [6,8,9],
            "faces": {
                "up": {
                    "uv": [9,7,10,8],
                    "texture": "#0"
                },
                "west": {
                    "uv": [9,7,10,16],
                    "texture": "#0"
                },
                "east": {
                    "uv": [9,7,10,16],
                    "texture": "#0"
                },
                "north": {
                    "uv": [9,7,10,16],
                    "texture": "#0"
                },
                "south": {
                    "uv": [9,7,10,16],
                    "texture": "#0"
                }
            }
        },
        {
            "from": [1,-1,9],
            "to": [2,6,10],
            "faces": {
                "up": {
                    "uv": [9,8,10,9],
                    "texture": "#0"
                },
                "west": {
                    "uv": [9,9,10,16],
                    "texture": "#0"
                },
                "east": {
                    "uv": [9,9,10,16],
                    "texture": "#0"
                },
                "north": {
                    "uv": [9,9,10,16],
                    "texture": "#0"
                },
                "south": {
                    "uv": [9,9,10,16],
                    "texture": "#0"
                }
            }
        },
        {
            "from": [8,-1,10],
            "to": [9,8,11],
            "faces": {
                "up": {
                    "uv": [9,7,10,8],
                    "texture": "#0"
                },
                "west": {
                    "uv": [9,7,10,16],
                    "texture": "#0"
                },
                "east": {
                    "uv": [9,7,10,16],
                    "texture": "#0"
                },
                "north": {
                    "uv": [9,7,10,16],
                    "texture": "#0"
                },
                "south": {
                    "uv": [9,7,10,16],
                    "texture": "#0"
                }
            }
        },
        {
            "from": [10,-1,7],
            "to": [11,8,8],
            "faces": {
                "up": {
                    "uv": [9,7,10,8],
                    "texture": "#0"
                },
                "west": {
                    "uv": [9,7,10,16],
                    "texture": "#0"
                },
                "east": {
                    "uv": [9,7,10,16],
                    "texture": "#0"
                },
                "north": {
                    "uv": [9,7,10,16],
                    "texture": "#0"
                },
                "south": {
                    "uv": [9,7,10,16],
                    "texture": "#0"
                }
            }
        },
        {
            "from": [7,-1,5],
            "to": [8,8,6],
            "faces": {
                "up": {
                    "uv": [9,7,10,8],
                    "texture": "#0"
                },
                "west": {
                    "uv": [9,7,10,16],
                    "texture": "#0"
                },
                "east": {
                    "uv": [9,7,10,16],
                    "texture": "#0"
                },
                "north": {
                    "uv": [9,7,10,16],
                    "texture": "#0"
                },
                "south": {
                    "uv": [9,7,10,16],
                    "texture": "#0"
                }
            }
        },
        {
            "from": [3,-1,4],
            "to": [4,7,5],
            "faces": {
                "up": {
                    "uv": [9,8,10,9],
                    "texture": "#0"
                },
                "west": {
                    "uv": [9,8,10,16],
                    "texture": "#0"
                },
                "east": {
                    "uv": [9,8,10,16],
                    "texture": "#0"
                },
                "north": {
                    "uv": [9,8,10,16],
                    "texture": "#0"
                },
                "south": {
                    "uv": [9,8,10,16],
                    "texture": "#0"
                }
            }
        },
        {
            "from": [11,-1,3],
            "to": [12,7,4],
            "faces": {
                "up": {
                    "uv": [9,8,10,9],
                    "texture": "#0"
                },
                "west": {
                    "uv": [9,8,10,16],
                    "texture": "#0"
                },
                "east": {
                    "uv": [9,8,10,16],
                    "texture": "#0"
                },
                "north": {
                    "uv": [9,8,10,16],
                    "texture": "#0"
                },
                "south": {
                    "uv": [9,8,10,16],
                    "texture": "#0"
                }
            }
        },
        {
            "from": [12,-1,11],
            "to": [13,7,12],
            "faces": {
                "up": {
                    "uv": [9,8,10,9],
                    "texture": "#0"
                },
                "west": {
                    "uv": [9,8,10,16],
                    "texture": "#0"
                },
                "east": {
                    "uv": [9,8,10,16],
                    "texture": "#0"
                },
                "north": {
                    "uv": [9,8,10,16],
                    "texture": "#0"
                },
                "south": {
                    "uv": [9,8,10,16],
                    "texture": "#0"
                }
            }
        },
        {
            "from": [6,-1,1],
            "to": [7,6,2],
            "faces": {
                "up": {
                    "uv": [9,8,10,9],
                    "texture": "#0"
                },
                "west": {
                    "uv": [9,9,10,16],
                    "texture": "#0"
                },
                "east": {
                    "uv": [9,9,10,16],
                    "texture": "#0"
                },
                "north": {
                    "uv": [9,9,10,16],
                    "texture": "#0"
                },
                "south": {
                    "uv": [9,9,10,16],
                    "texture": "#0"
                }
            }
        },
        {
            "from": [14,-1,6],
            "to": [15,6,7],
            "faces": {
                "up": {
                    "uv": [9,8,10,9],
                    "texture": "#0"
                },
                "west": {
                    "uv": [9,9,10,16],
                    "texture": "#0"
                },
                "east": {
                    "uv": [9,9,10,16],
                    "texture": "#0"
                },
                "north": {
                    "uv": [9,9,10,16],
                    "texture": "#0"
                },
                "south": {
                    "uv": [9,9,10,16],
                    "texture": "#0"
                }
            }
        },
        {
            "from": [9,-1,14],
            "to": [10,6,15],
            "faces": {
                "up": {
                    "uv": [9,8,10,9],
                    "texture": "#0"
                },
                "west": {
                    "uv": [9,9,10,16],
                    "texture": "#0"
                },
                "east": {
                    "uv": [9,9,10,16],
                    "texture": "#0"
                },
                "north": {
                    "uv": [9,9,10,16],
                    "texture": "#0"
                },
                "south": {
                    "uv": [9,9,10,16],
                    "texture": "#0"
                }
            }
        },
        {
            "from": [1,-1,1],
            "to": [2,5,2],
            "faces": {
                "up": {
                    "uv": [6,10,7,11],
                    "texture": "#0"
                },
                "west": {
                    "uv": [6,10,7,16],
                    "texture": "#0"
                },
                "east": {
                    "uv": [6,10,7,16],
                    "texture": "#0"
                },
                "north": {
                    "uv": [6,10,7,16],
                    "texture": "#0"
                },
                "south": {
                    "uv": [6,10,7,16],
                    "texture": "#0"
                }
            }
        },
        {
            "from": [14,-1,1],
            "to": [15,5,2],
            "faces": {
                "up": {
                    "uv": [6,10,7,11],
                    "texture": "#0"
                },
                "west": {
                    "uv": [6,10,7,16],
                    "texture": "#0"
                },
                "east": {
                    "uv": [6,10,7,16],
                    "texture": "#0"
                },
                "north": {
                    "uv": [6,10,7,16],
                    "texture": "#0"
                },
                "south": {
                    "uv": [6,10,7,16],
                    "texture": "#0"
                }
            }
        },
        {
            "from": [14,-1,14],
            "to": [15,5,15],
            "faces": {
                "up": {
                    "uv": [6,10,7,11],
                    "texture": "#0"
                },
                "west": {
                    "uv": [6,10,7,16],
                    "texture": "#0"
                },
                "east": {
                    "uv": [6,10,7,16],
                    "texture": "#0"
                },
                "north": {
                    "uv": [6,10,7,16],
                    "texture": "#0"
                },
                "south": {
                    "uv": [6,10,7,16],
                    "texture": "#0"
                }
            }
        }
    ]
}