{
    "__createdwith": "opl's Model Creator",
    "ambientocclusion": false,
    "textures": {
        "0": "blocks/wheat_stage_5",
        "particle": "blocks/wheat_stage_5"
    },
    "elements": [
        {
            "from": [1,-1,14],
            "to": [2,7,15],
            "faces": {
                "up": {
                    "uv": [9,7,10,8],
                    "texture": "#0"
                },
                "west": {
                    "uv": [9,8,10,16],
                    "texture": "#0"
                },
                "east": {
                    "uv": [9,8,10,16],
                    "texture": "#0"
                },
                "north": {
                    "uv": [9,8,10,16],
                    "texture": "#0"
                },
                "south": {
                    "uv": [9,8,10,16],
                    "texture": "#0"
                }
            }
        },
        {
            "from": [4,-1,12],
            "to": [5,9,13],
            "faces": {
                "up": {
                    "uv": [9,6,10,7],
                    "texture": "#0"
                },
                "west": {
                    "uv": [9,6,10,16],
                    "texture": "#0"
                },
                "east": {
                    "uv": [9,6,10,16],
                    "texture": "#0"
                },
                "north": {
                    "uv": [9,6,10,16],
                    "texture": "#0"
                },
                "south": {
                    "uv": [9,6,10,16],
                    "texture": "#0"
                }
            }
        },
        {
            "from": [5,-1,8],
            "to": [6,10,9],
            "faces": {
                "up": {
                    "uv": [9,5,10,6],
                    "texture": "#0"
                },
                "west": {
                    "uv": [9,5,10,16],
                    "texture": "#0"
                },
                "east": {
                    "uv": [9,5,10,16],
                    "texture": "#0"
                },
                "north": {
                    "uv": [9,5,10,16],
                    "texture": "#0"
                },
                "south": {
                    "uv": [9,5,10,16],
                    "texture": "#0"
                }
            }
        },
        {
            "from": [1,-1,9],
            "to": [2,8,10],
            "faces": {
                "up": {
                    "uv": [9,7,10,8],
                    "texture": "#0"
                },
                "west": {
                    "uv": [9,7,10,16],
                    "texture": "#0"
                },
                "east": {
                    "uv": [9,7,10,16],
                    "texture": "#0"
                },
                "north": {
                    "uv": [9,7,10,16],
                    "texture": "#0"
                },
                "south": {
                    "uv": [9,7,10,16],
                    "texture": "#0"
                }
            }
        },
        {
            "from": [3,-1,4],
            "to": [4,9,5],
            "faces": {
                "up": {
                    "uv": [9,6,10,7],
                    "texture": "#0"
                },
                "west": {
                    "uv": [9,6,10,16],
                    "texture": "#0"
                },
                "east": {
                    "uv": [9,6,10,16],
                    "texture": "#0"
                },
                "north": {
                    "uv": [9,6,10,16],
                    "texture": "#0"
                },
                "south": {
                    "uv": [9,6,10,16],
                    "texture": "#0"
                }
            }
        },
        {
            "from": [6,-1,1],
            "to": [7,8,2],
            "faces": {
                "up": {
                    "uv": [9,7,10,8],
                    "texture": "#0"
                },
                "west": {
                    "uv": [9,7,10,16],
                    "texture": "#0"
                },
                "east": {
                    "uv": [9,7,10,16],
                    "texture": "#0"
                },
                "north": {
                    "uv": [9,7,10,16],
                    "texture": "#0"
                },
                "south": {
                    "uv": [9,7,10,16],
                    "texture": "#0"
                }
            }
        },
        {
            "from": [1,-1,1],
            "to": [2,7,2],
            "faces": {
                "up": {
                    "uv": [9,7,10,8],
                    "texture": "#0"
                },
                "west": {
                    "uv": [9,8,10,16],
                    "texture": "#0"
                },
                "east": {
                    "uv": [9,8,10,16],
                    "texture": "#0"
                },
                "north": {
                    "uv": [9,8,10,16],
                    "texture": "#0"
                },
                "south": {
                    "uv": [9,8,10,16],
                    "texture": "#0"
                }
            }
        },
        {
            "from": [7,-1,5],
            "to": [8,10,6],
            "faces": {
                "up": {
                    "uv": [9,5,10,6],
                    "texture": "#0"
                },
                "west": {
                    "uv": [9,5,10,16],
                    "texture": "#0"
                },
                "east": {
                    "uv": [9,5,10,16],
                    "texture": "#0"
                },
                "north": {
                    "uv": [9,5,10,16],
                    "texture": "#0"
                },
                "south": {
                    "uv": [9,5,10,16],
                    "texture": "#0"
                }
            }
        },
        {
            "from": [10,-1,7],
            "to": [11,10,8],
            "faces": {
                "up": {
                    "uv": [9,5,10,6],
                    "texture": "#0"
                },
                "west": {
                    "uv": [9,5,10,16],
                    "texture": "#0"
                },
                "east": {
                    "uv": [9,5,10,16],
                    "texture": "#0"
                },
                "north": {
                    "uv": [9,5,10,16],
                    "texture": "#0"
                },
                "south": {
                    "uv": [9,5,10,16],
                    "texture": "#0"
                }
            }
        },
        {
            "from": [8,-1,10],
            "to": [9,10,11],
            "faces": {
                "up": {
                    "uv": [9,5,10,6],
                    "texture": "#0"
                },
                "west": {
                    "uv": [9,5,10,16],
                    "texture": "#0"
                },
                "east": {
                    "uv": [9,5,10,16],
                    "texture": "#0"
                },
                "north": {
                    "uv": [9,5,10,16],
                    "texture": "#0"
                },
                "south": {
                    "uv": [9,5,10,16],
                    "texture": "#0"
                }
            }
        },
        {
            "from": [9,-1,14],
            "to": [10,8,15],
            "faces": {
                "up": {
                    "uv": [9,7,10,8],
                    "texture": "#0"
                },
                "west": {
                    "uv": [9,7,10,16],
                    "texture": "#0"
                },
                "east": {
                    "uv": [9,7,10,16],
                    "texture": "#0"
                },
                "north": {
                    "uv": [9,7,10,16],
                    "texture": "#0"
                },
                "south": {
                    "uv": [9,7,10,16],
                    "texture": "#0"
                }
            }
        },
        {
            "from": [12,-1,11],
            "to": [13,9,12],
            "faces": {
                "up": {
                    "uv": [9,6,10,7],
                    "texture": "#0"
                },
                "west": {
                    "uv": [9,6,10,16],
                    "texture": "#0"
                },
                "east": {
                    "uv": [9,6,10,16],
                    "texture": "#0"
                },
                "north": {
                    "uv": [9,6,10,16],
                    "texture": "#0"
                },
                "south": {
                    "uv": [9,6,10,16],
                    "texture": "#0"
                }
            }
        },
        {
            "from": [14,-1,14],
            "to": [15,7,15],
            "faces": {
                "up": {
                    "uv": [9,7,10,8],
                    "texture": "#0"
                },
                "west": {
                    "uv": [9,8,10,16],
                    "texture": "#0"
                },
                "east": {
                    "uv": [9,8,10,16],
                    "texture": "#0"
                },
                "north": {
                    "uv": [9,8,10,16],
                    "texture": "#0"
                },
                "south": {
                    "uv": [9,8,10,16],
                    "texture": "#0"
                }
            }
        },
        {
            "from": [14,-1,6],
            "to": [15,8,7],
            "faces": {
                "up": {
                    "uv": [9,7,10,8],
                    "texture": "#0"
                },
                "west": {
                    "uv": [9,7,10,16],
                    "texture": "#0"
                },
                "east": {
                    "uv": [9,7,10,16],
                    "texture": "#0"
                },
                "north": {
                    "uv": [9,7,10,16],
                    "texture": "#0"
                },
                "south": {
                    "uv": [9,7,10,16],
                    "texture": "#0"
                }
            }
        },
        {
            "from": [11,-1,3],
            "to": [12,9,4],
            "faces": {
                "up": {
                    "uv": [9,6,10,7],
                    "texture": "#0"
                },
                "west": {
                    "uv": [9,6,10,16],
                    "texture": "#0"
                },
                "east": {
                    "uv": [9,6,10,16],
                    "texture": "#0"
                },
                "north": {
                    "uv": [9,6,10,16],
                    "texture": "#0"
                },
                "south": {
                    "uv": [9,6,10,16],
                    "texture": "#0"
                }
            }
        },
        {
            "from": [14,-1,1],
            "to": [15,7,2],
            "faces": {
                "up": {
                    "uv": [9,7,10,8],
                    "texture": "#0"
                },
                "west": {
                    "uv": [9,8,10,16],
                    "texture": "#0"
                },
                "east": {
                    "uv": [9,8,10,16],
                    "texture": "#0"
                },
                "north": {
                    "uv": [9,8,10,16],
                    "texture": "#0"
                },
                "south": {
                    "uv": [9,8,10,16],
                    "texture": "#0"
                }
            }
        },
        {
            "from": [8,10,10],
            "to": [9,13,11],
            "faces": {
                "up": {
                    "uv": [9,2,10,3],
                    "texture": "#0"
                },
                "west": {
                    "uv": [9,2,10,5],
                    "texture": "#0"
                },
                "east": {
                    "uv": [9,2,10,5],
                    "texture": "#0"
                },
                "north": {
                    "uv": [9,2,10,5],
                    "texture": "#0"
                },
                "south": {
                    "uv": [9,2,10,5],
                    "texture": "#0"
                }
            }
        },
        {
            "from": [7,11,10],
            "to": [10,12,11],
            "faces": {
                "up": {
                    "uv": [10,3,11,4],
                    "texture": "#0"
                },
                "down": {
                    "uv": [9,3,10,4],
                    "texture": "#0"
                },
                "west": {
                    "uv": [10,3,11,4],
                    "texture": "#0"
                },
                "east": {
                    "uv": [10,3,11,4],
                    "texture": "#0"
                },
                "north": {
                    "uv": [10,3,11,4],
                    "texture": "#0"
                },
                "south": {
                    "uv": [10,3,11,4],
                    "texture": "#0"
                }
            }
        },
        {
            "from": [8,11,9],
            "to": [9,12,12],
            "faces": {
                "up": {
                    "uv": [10,3,11,4],
                    "texture": "#0",
                    "rotation": 90
                },
                "down": {
                    "uv": [9,3,10,4],
                    "texture": "#0",
                    "rotation": 90
                },
                "west": {
                    "uv": [10,3,11,4],
                    "texture": "#0"
                },
                "east": {
                    "uv": [10,3,11,4],
                    "texture": "#0"
                },
                "north": {
                    "uv": [10,3,11,4],
                    "texture": "#0"
                },
                "south": {
                    "uv": [10,3,11,4],
                    "texture": "#0"
                }
            }
        },
        {
            "from": [5,10,8],
            "to": [6,13,9],
            "faces": {
                "up": {
                    "uv": [9,2,10,3],
                    "texture": "#0"
                },
                "west": {
                    "uv": [9,2,10,5],
                    "texture": "#0"
                },
                "east": {
                    "uv": [9,2,10,5],
                    "texture": "#0"
                },
                "north": {
                    "uv": [9,2,10,5],
                    "texture": "#0"
                },
                "south": {
                    "uv": [9,2,10,5],
                    "texture": "#0"
                }
            }
        },
        {
            "from": [4,11,8],
            "to": [7,12,9],
            "faces": {
                "up": {
                    "uv": [10,3,11,4],
                    "texture": "#0"
                },
                "down": {
                    "uv": [9,3,10,4],
                    "texture": "#0"
                },
                "west": {
                    "uv": [10,3,11,4],
                    "texture": "#0"
                },
                "east": {
                    "uv": [10,3,11,4],
                    "texture": "#0"
                },
                "north": {
                    "uv": [10,3,11,4],
                    "texture": "#0"
                },
                "south": {
                    "uv": [10,3,11,4],
                    "texture": "#0"
                }
            }
        },
        {
            "from": [5,11,7],
            "to": [6,12,10],
            "faces": {
                "up": {
                    "uv": [10,3,11,4],
                    "texture": "#0",
                    "rotation": 90
                },
                "down": {
                    "uv": [9,3,10,4],
                    "texture": "#0",
                    "rotation": 90
                },
                "west": {
                    "uv": [10,3,11,4],
                    "texture": "#0"
                },
                "east": {
                    "uv": [10,3,11,4],
                    "texture": "#0"
                },
                "north": {
                    "uv": [10,3,11,4],
                    "texture": "#0"
                },
                "south": {
                    "uv": [10,3,11,4],
                    "texture": "#0"
                }
            }
        },
        {
            "from": [6,11,5],
            "to": [9,12,6],
            "faces": {
                "up": {
                    "uv": [10,3,11,4],
                    "texture": "#0"
                },
                "down": {
                    "uv": [9,3,10,4],
                    "texture": "#0"
                },
                "west": {
                    "uv": [10,3,11,4],
                    "texture": "#0"
                },
                "east": {
                    "uv": [10,3,11,4],
                    "texture": "#0"
                },
                "north": {
                    "uv": [10,3,11,4],
                    "texture": "#0"
                },
                "south": {
                    "uv": [10,3,11,4],
                    "texture": "#0"
                }
            }
        },
        {
            "from": [7,11,4],
            "to": [8,12,7],
            "faces": {
                "up": {
                    "uv": [10,3,11,4],
                    "texture": "#0",
                    "rotation": 90
                },
                "down": {
                    "uv": [9,3,10,4],
                    "texture": "#0",
                    "rotation": 90
                },
                "west": {
                    "uv": [10,3,11,4],
                    "texture": "#0"
                },
                "east": {
                    "uv": [10,3,11,4],
                    "texture": "#0"
                },
                "north": {
                    "uv": [10,3,11,4],
                    "texture": "#0"
                },
                "south": {
                    "uv": [10,3,11,4],
                    "texture": "#0"
                }
            }
        },
        {
            "from": [10,10,7],
            "to": [11,13,8],
            "faces": {
                "up": {
                    "uv": [9,2,10,3],
                    "texture": "#0"
                },
                "west": {
                    "uv": [9,2,10,5],
                    "texture": "#0"
                },
                "east": {
                    "uv": [9,2,10,5],
                    "texture": "#0"
                },
                "north": {
                    "uv": [9,2,10,5],
                    "texture": "#0"
                },
                "south": {
                    "uv": [9,2,10,5],
                    "texture": "#0"
                }
            }
        },
        {
            "from": [9,11,7],
            "to": [12,12,8],
            "faces": {
                "up": {
                    "uv": [10,3,11,4],
                    "texture": "#0"
                },
                "down": {
                    "uv": [9,3,10,4],
                    "texture": "#0"
                },
                "west": {
                    "uv": [10,3,11,4],
                    "texture": "#0"
                },
                "east": {
                    "uv": [10,3,11,4],
                    "texture": "#0"
                },
                "north": {
                    "uv": [10,3,11,4],
                    "texture": "#0"
                },
                "south": {
                    "uv": [10,3,11,4],
                    "texture": "#0"
                }
            }
        },
        {
            "from": [10,11,6],
            "to": [11,12,9],
            "faces": {
                "up": {
                    "uv": [10,3,11,4],
                    "texture": "#0",
                    "rotation": 90
                },
                "down": {
                    "uv": [9,3,10,4],
                    "texture": "#0",
                    "rotation": 90
                },
                "west": {
                    "uv": [10,3,11,4],
                    "texture": "#0"
                },
                "east": {
                    "uv": [10,3,11,4],
                    "texture": "#0"
                },
                "north": {
                    "uv": [10,3,11,4],
                    "texture": "#0"
                },
                "south": {
                    "uv": [10,3,11,4],
                    "texture": "#0"
                }
            }
        },
        {
            "from": [7,10,5],
            "to": [8,13,6],
            "faces": {
                "up": {
                    "uv": [9,2,10,3],
                    "texture": "#0"
                },
                "west": {
                    "uv": [9,2,10,5],
                    "texture": "#0"
                },
                "east": {
                    "uv": [9,2,10,5],
                    "texture": "#0"
                },
                "north": {
                    "uv": [9,2,10,5],
                    "texture": "#0"
                },
                "south": {
                    "uv": [9,2,10,5],
                    "texture": "#0"
                }
            }
        },
        {
            "from": [9,8,14],
            "to": [10,11,15],
            "faces": {
                "up": {
                    "uv": [9,2,10,3],
                    "texture": "#0"
                },
                "west": {
                    "uv": [9,2,10,5],
                    "texture": "#0"
                },
                "east": {
                    "uv": [9,2,10,5],
                    "texture": "#0"
                },
                "north": {
                    "uv": [9,2,10,5],
                    "texture": "#0"
                },
                "south": {
                    "uv": [9,2,10,5],
                    "texture": "#0"
                }
            }
        },
        {
            "from": [8,9,14],
            "to": [11,10,15],
            "faces": {
                "up": {
                    "uv": [10,3,11,4],
                    "texture": "#0"
                },
                "down": {
                    "uv": [9,3,10,4],
                    "texture": "#0"
                },
                "west": {
                    "uv": [10,3,11,4],
                    "texture": "#0"
                },
                "east": {
                    "uv": [10,3,11,4],
                    "texture": "#0"
                },
                "north": {
                    "uv": [10,3,11,4],
                    "texture": "#0"
                },
                "south": {
                    "uv": [10,3,11,4],
                    "texture": "#0"
                }
            }
        },
        {
            "from": [9,9,13],
            "to": [10,10,16],
            "faces": {
                "up": {
                    "uv": [10,3,11,4],
                    "texture": "#0",
                    "rotation": 90
                },
                "down": {
                    "uv": [9,3,10,4],
                    "texture": "#0",
                    "rotation": 90
                },
                "west": {
                    "uv": [10,3,11,4],
                    "texture": "#0"
                },
                "east": {
                    "uv": [10,3,11,4],
                    "texture": "#0"
                },
                "north": {
                    "uv": [10,3,11,4],
                    "texture": "#0"
                },
                "south": {
                    "uv": [10,3,11,4],
                    "texture": "#0"
                }
            }
        },
        {
            "from": [14,8,6],
            "to": [15,11,7],
            "faces": {
                "up": {
                    "uv": [9,2,10,3],
                    "texture": "#0"
                },
                "west": {
                    "uv": [9,2,10,5],
                    "texture": "#0"
                },
                "east": {
                    "uv": [9,2,10,5],
                    "texture": "#0"
                },
                "north": {
                    "uv": [9,2,10,5],
                    "texture": "#0"
                },
                "south": {
                    "uv": [9,2,10,5],
                    "texture": "#0"
                }
            }
        },
        {
            "from": [13,9,6],
            "to": [16,10,7],
            "faces": {
                "up": {
                    "uv": [10,3,11,4],
                    "texture": "#0"
                },
                "down": {
                    "uv": [9,3,10,4],
                    "texture": "#0"
                },
                "west": {
                    "uv": [10,3,11,4],
                    "texture": "#0"
                },
                "east": {
                    "uv": [10,3,11,4],
                    "texture": "#0"
                },
                "north": {
                    "uv": [10,3,11,4],
                    "texture": "#0"
                },
                "south": {
                    "uv": [10,3,11,4],
                    "texture": "#0"
                }
            }
        },
        {
            "from": [14,9,5],
            "to": [15,10,8],
            "faces": {
                "up": {
                    "uv": [10,3,11,4],
                    "texture": "#0",
                    "rotation": 90
                },
                "down": {
                    "uv": [9,3,10,4],
                    "texture": "#0",
                    "rotation": 90
                },
                "west": {
                    "uv": [10,3,11,4],
                    "texture": "#0"
                },
                "east": {
                    "uv": [10,3,11,4],
                    "texture": "#0"
                },
                "north": {
                    "uv": [10,3,11,4],
                    "texture": "#0"
                },
                "south": {
                    "uv": [10,3,11,4],
                    "texture": "#0"
                }
            }
        },
        {
            "from": [6,8,1],
            "to": [7,11,2],
            "faces": {
                "up": {
                    "uv": [9,2,10,3],
                    "texture": "#0"
                },
                "west": {
                    "uv": [9,2,10,5],
                    "texture": "#0"
                },
                "east": {
                    "uv": [9,2,10,5],
                    "texture": "#0"
                },
                "north": {
                    "uv": [9,2,10,5],
                    "texture": "#0"
                },
                "south": {
                    "uv": [9,2,10,5],
                    "texture": "#0"
                }
            }
        },
        {
            "from": [5,9,1],
            "to": [8,10,2],
            "faces": {
                "up": {
                    "uv": [10,3,11,4],
                    "texture": "#0"
                },
                "down": {
                    "uv": [9,3,10,4],
                    "texture": "#0"
                },
                "west": {
                    "uv": [10,3,11,4],
                    "texture": "#0"
                },
                "east": {
                    "uv": [10,3,11,4],
                    "texture": "#0"
                },
                "north": {
                    "uv": [10,3,11,4],
                    "texture": "#0"
                },
                "south": {
                    "uv": [10,3,11,4],
                    "texture": "#0"
                }
            }
        },
        {
            "from": [6,9,0],
            "to": [7,10,3],
            "faces": {
                "up": {
                    "uv": [10,3,11,4],
                    "texture": "#0",
                    "rotation": 90
                },
                "down": {
                    "uv": [9,3,10,4],
                    "texture": "#0",
                    "rotation": 90
                },
                "west": {
                    "uv": [10,3,11,4],
                    "texture": "#0"
                },
                "east": {
                    "uv": [10,3,11,4],
                    "texture": "#0"
                },
                "north": {
                    "uv": [10,3,11,4],
                    "texture": "#0"
                },
                "south": {
                    "uv": [10,3,11,4],
                    "texture": "#0"
                }
            }
        },
        {
            "from": [1,8,9],
            "to": [2,11,10],
            "faces": {
                "up": {
                    "uv": [9,2,10,3],
                    "texture": "#0"
                },
                "west": {
                    "uv": [9,2,10,5],
                    "texture": "#0"
                },
                "east": {
                    "uv": [9,2,10,5],
                    "texture": "#0"
                },
                "north": {
                    "uv": [9,2,10,5],
                    "texture": "#0"
                },
                "south": {
                    "uv": [9,2,10,5],
                    "texture": "#0"
                }
            }
        },
        {
            "from": [0,9,9],
            "to": [3,10,10],
            "faces": {
                "up": {
                    "uv": [10,3,11,4],
                    "texture": "#0"
                },
                "down": {
                    "uv": [9,3,10,4],
                    "texture": "#0"
                },
                "west": {
                    "uv": [10,3,11,4],
                    "texture": "#0"
                },
                "east": {
                    "uv": [10,3,11,4],
                    "texture": "#0"
                },
                "north": {
                    "uv": [10,3,11,4],
                    "texture": "#0"
                },
                "south": {
                    "uv": [10,3,11,4],
                    "texture": "#0"
                }
            }
        },
        {
            "from": [1,9,8],
            "to": [2,10,11],
            "faces": {
                "up": {
                    "uv": [10,3,11,4],
                    "texture": "#0",
                    "rotation": 90
                },
                "down": {
                    "uv": [9,3,10,4],
                    "texture": "#0",
                    "rotation": 90
                },
                "west": {
                    "uv": [10,3,11,4],
                    "texture": "#0"
                },
                "east": {
                    "uv": [10,3,11,4],
                    "texture": "#0"
                },
                "north": {
                    "uv": [10,3,11,4],
                    "texture": "#0"
                },
                "south": {
                    "uv": [10,3,11,4],
                    "texture": "#0"
                }
            }
        }
    ]
}