{
    "__createdwith": "opl's Model Creator",
    "ambientocclusion": false,
    "textures": {
        "0": "blocks/wheat_stage_6",
        "particle": "blocks/wheat_stage_6"
    },
    "elements": [
        {
            "from": [5,10,8],
            "to": [6,15,9],
            "faces": {
                "up": {
                    "uv": [9,0,10,1],
                    "texture": "#0"
                },
                "west": {
                    "uv": [9,0,10,5],
                    "texture": "#0"
                },
                "east": {
                    "uv": [9,0,10,5],
                    "texture": "#0"
                },
                "north": {
                    "uv": [9,0,10,5],
                    "texture": "#0"
                },
                "south": {
                    "uv": [9,0,10,5],
                    "texture": "#0"
                }
            }
        },
        {
            "from": [5,10,7],
            "to": [6,14,10],
            "faces": {
                "up": {
                    "uv": [9,1,10,2],
                    "texture": "#0",
                    "rotation": 90
                },
                "down": {
                    "uv": [9,4,10,5],
                    "texture": "#0",
                    "rotation": 90
                },
                "west": {
                    "uv": [9,1,10,5],
                    "texture": "#0"
                },
                "east": {
                    "uv": [9,1,10,5],
                    "texture": "#0"
                },
                "north": {
                    "uv": [9,1,10,5],
                    "texture": "#0"
                },
                "south": {
                    "uv": [9,1,10,5],
                    "texture": "#0"
                }
            }
        },
        {
            "from": [4,10,8],
            "to": [7,14,9],
            "faces": {
                "up": {
                    "uv": [10,1,11,2],
                    "texture": "#0"
                },
                "down": {
                    "uv": [9,4,10,5],
                    "texture": "#0"
                },
                "west": {
                    "uv": [10,1,11,5],
                    "texture": "#0"
                },
                "east": {
                    "uv": [10,1,11,5],
                    "texture": "#0"
                },
                "north": {
                    "uv": [10,1,11,5],
                    "texture": "#0"
                },
                "south": {
                    "uv": [10,1,11,5],
                    "texture": "#0"
                }
            }
        },
        {
            "from": [5,-1,8],
            "to": [6,10,9],
            "faces": {
                "up": {
                    "uv": [9,5,10,6],
                    "texture": "#0"
                },
                "west": {
                    "uv": [9,5,10,16],
                    "texture": "#0"
                },
                "east": {
                    "uv": [9,5,10,16],
                    "texture": "#0"
                },
                "north": {
                    "uv": [9,5,10,16],
                    "texture": "#0"
                },
                "south": {
                    "uv": [9,5,10,16],
                    "texture": "#0"
                }
            }
        },
        {
            "from": [14,-1,1],
            "to": [15,7,2],
            "faces": {
                "up": {
                    "uv": [9,7,10,8],
                    "texture": "#0"
                },
                "west": {
                    "uv": [9,8,10,16],
                    "texture": "#0"
                },
                "east": {
                    "uv": [9,8,10,16],
                    "texture": "#0"
                },
                "north": {
                    "uv": [9,8,10,16],
                    "texture": "#0"
                },
                "south": {
                    "uv": [9,8,10,16],
                    "texture": "#0"
                }
            }
        },
        {
            "from": [14,-1,14],
            "to": [15,7,15],
            "faces": {
                "up": {
                    "uv": [9,7,10,8],
                    "texture": "#0"
                },
                "west": {
                    "uv": [9,8,10,16],
                    "texture": "#0"
                },
                "east": {
                    "uv": [9,8,10,16],
                    "texture": "#0"
                },
                "north": {
                    "uv": [9,8,10,16],
                    "texture": "#0"
                },
                "south": {
                    "uv": [9,8,10,16],
                    "texture": "#0"
                }
            }
        },
        {
            "from": [1,-1,1],
            "to": [2,7,2],
            "faces": {
                "up": {
                    "uv": [9,7,10,8],
                    "texture": "#0"
                },
                "west": {
                    "uv": [9,8,10,16],
                    "texture": "#0"
                },
                "east": {
                    "uv": [9,8,10,16],
                    "texture": "#0"
                },
                "north": {
                    "uv": [9,8,10,16],
                    "texture": "#0"
                },
                "south": {
                    "uv": [9,8,10,16],
                    "texture": "#0"
                }
            }
        },
        {
            "from": [1,-1,14],
            "to": [2,7,15],
            "faces": {
                "up": {
                    "uv": [9,7,10,8],
                    "texture": "#0"
                },
                "west": {
                    "uv": [9,8,10,16],
                    "texture": "#0"
                },
                "east": {
                    "uv": [9,8,10,16],
                    "texture": "#0"
                },
                "north": {
                    "uv": [9,8,10,16],
                    "texture": "#0"
                },
                "south": {
                    "uv": [9,8,10,16],
                    "texture": "#0"
                }
            }
        },
        {
            "from": [4,-1,12],
            "to": [5,9,13],
            "faces": {
                "up": {
                    "uv": [8,6,9,7],
                    "texture": "#0"
                },
                "west": {
                    "uv": [8,6,9,16],
                    "texture": "#0"
                },
                "east": {
                    "uv": [8,6,9,16],
                    "texture": "#0"
                },
                "north": {
                    "uv": [8,6,9,16],
                    "texture": "#0"
                },
                "south": {
                    "uv": [8,6,9,16],
                    "texture": "#0"
                }
            }
        },
        {
            "from": [11,-1,3],
            "to": [12,9,4],
            "faces": {
                "up": {
                    "uv": [8,6,9,7],
                    "texture": "#0"
                },
                "west": {
                    "uv": [8,6,9,16],
                    "texture": "#0"
                },
                "east": {
                    "uv": [8,6,9,16],
                    "texture": "#0"
                },
                "north": {
                    "uv": [8,6,9,16],
                    "texture": "#0"
                },
                "south": {
                    "uv": [8,6,9,16],
                    "texture": "#0"
                }
            }
        },
        {
            "from": [12,-1,11],
            "to": [13,9,12],
            "faces": {
                "up": {
                    "uv": [8,6,9,7],
                    "texture": "#0"
                },
                "west": {
                    "uv": [8,6,9,16],
                    "texture": "#0"
                },
                "east": {
                    "uv": [8,6,9,16],
                    "texture": "#0"
                },
                "north": {
                    "uv": [8,6,9,16],
                    "texture": "#0"
                },
                "south": {
                    "uv": [8,6,9,16],
                    "texture": "#0"
                }
            }
        },
        {
            "from": [3,-1,4],
            "to": [4,9,5],
            "faces": {
                "up": {
                    "uv": [8,6,9,7],
                    "texture": "#0"
                },
                "west": {
                    "uv": [8,6,9,16],
                    "texture": "#0"
                },
                "east": {
                    "uv": [8,6,9,16],
                    "texture": "#0"
                },
                "north": {
                    "uv": [8,6,9,16],
                    "texture": "#0"
                },
                "south": {
                    "uv": [8,6,9,16],
                    "texture": "#0"
                }
            }
        },
        {
            "from": [14,-1,6],
            "to": [15,8,7],
            "faces": {
                "up": {
                    "uv": [9,7,10,8],
                    "texture": "#0"
                },
                "west": {
                    "uv": [9,7,10,16],
                    "texture": "#0"
                },
                "east": {
                    "uv": [9,7,10,16],
                    "texture": "#0"
                },
                "north": {
                    "uv": [9,7,10,16],
                    "texture": "#0"
                },
                "south": {
                    "uv": [9,7,10,16],
                    "texture": "#0"
                }
            }
        },
        {
            "from": [6,-1,1],
            "to": [7,8,2],
            "faces": {
                "up": {
                    "uv": [9,7,10,8],
                    "texture": "#0"
                },
                "west": {
                    "uv": [9,7,10,16],
                    "texture": "#0"
                },
                "east": {
                    "uv": [9,7,10,16],
                    "texture": "#0"
                },
                "north": {
                    "uv": [9,7,10,16],
                    "texture": "#0"
                },
                "south": {
                    "uv": [9,7,10,16],
                    "texture": "#0"
                }
            }
        },
        {
            "from": [9,-1,14],
            "to": [10,8,15],
            "faces": {
                "up": {
                    "uv": [9,7,10,8],
                    "texture": "#0"
                },
                "west": {
                    "uv": [9,7,10,16],
                    "texture": "#0"
                },
                "east": {
                    "uv": [9,7,10,16],
                    "texture": "#0"
                },
                "north": {
                    "uv": [9,7,10,16],
                    "texture": "#0"
                },
                "south": {
                    "uv": [9,7,10,16],
                    "texture": "#0"
                }
            }
        },
        {
            "from": [1,-1,9],
            "to": [2,8,10],
            "faces": {
                "up": {
                    "uv": [9,7,10,8],
                    "texture": "#0"
                },
                "west": {
                    "uv": [9,7,10,16],
                    "texture": "#0"
                },
                "east": {
                    "uv": [9,7,10,16],
                    "texture": "#0"
                },
                "north": {
                    "uv": [9,7,10,16],
                    "texture": "#0"
                },
                "south": {
                    "uv": [9,7,10,16],
                    "texture": "#0"
                }
            }
        },
        {
            "from": [8,10,9],
            "to": [9,14,12],
            "faces": {
                "up": {
                    "uv": [10,1,11,2],
                    "texture": "#0"
                },
                "down": {
                    "uv": [9,4,10,5],
                    "texture": "#0"
                },
                "west": {
                    "uv": [10,1,11,5],
                    "texture": "#0"
                },
                "east": {
                    "uv": [10,1,11,5],
                    "texture": "#0"
                },
                "north": {
                    "uv": [10,1,11,5],
                    "texture": "#0"
                },
                "south": {
                    "uv": [10,1,11,5],
                    "texture": "#0"
                }
            }
        },
        {
            "from": [7,10,10],
            "to": [10,14,11],
            "faces": {
                "up": {
                    "uv": [9,1,10,2],
                    "texture": "#0",
                    "rotation": 90
                },
                "down": {
                    "uv": [9,4,10,5],
                    "texture": "#0",
                    "rotation": 90
                },
                "west": {
                    "uv": [9,1,10,5],
                    "texture": "#0"
                },
                "east": {
                    "uv": [9,1,10,5],
                    "texture": "#0"
                },
                "north": {
                    "uv": [9,1,10,5],
                    "texture": "#0"
                },
                "south": {
                    "uv": [9,1,10,5],
                    "texture": "#0"
                }
            }
        },
        {
            "from": [8,10,10],
            "to": [9,15,11],
            "faces": {
                "up": {
                    "uv": [9,0,10,1],
                    "texture": "#0"
                },
                "west": {
                    "uv": [9,0,10,5],
                    "texture": "#0"
                },
                "east": {
                    "uv": [9,0,10,5],
                    "texture": "#0"
                },
                "north": {
                    "uv": [9,0,10,5],
                    "texture": "#0"
                },
                "south": {
                    "uv": [9,0,10,5],
                    "texture": "#0"
                }
            }
        },
        {
            "from": [8,-1,10],
            "to": [9,10,11],
            "faces": {
                "up": {
                    "uv": [9,5,10,6],
                    "texture": "#0"
                },
                "west": {
                    "uv": [9,5,10,16],
                    "texture": "#0"
                },
                "east": {
                    "uv": [9,5,10,16],
                    "texture": "#0"
                },
                "north": {
                    "uv": [9,5,10,16],
                    "texture": "#0"
                },
                "south": {
                    "uv": [9,5,10,16],
                    "texture": "#0"
                }
            }
        },
        {
            "from": [7,10,4],
            "to": [8,14,7],
            "faces": {
                "up": {
                    "uv": [10,1,11,2],
                    "texture": "#0"
                },
                "down": {
                    "uv": [9,4,10,5],
                    "texture": "#0"
                },
                "west": {
                    "uv": [10,1,11,5],
                    "texture": "#0"
                },
                "east": {
                    "uv": [10,1,11,5],
                    "texture": "#0"
                },
                "north": {
                    "uv": [10,1,11,5],
                    "texture": "#0"
                },
                "south": {
                    "uv": [10,1,11,5],
                    "texture": "#0"
                }
            }
        },
        {
            "from": [6,10,5],
            "to": [9,14,6],
            "faces": {
                "up": {
                    "uv": [9,1,10,2],
                    "texture": "#0",
                    "rotation": 90
                },
                "down": {
                    "uv": [9,4,10,5],
                    "texture": "#0",
                    "rotation": 90
                },
                "west": {
                    "uv": [9,1,10,5],
                    "texture": "#0"
                },
                "east": {
                    "uv": [9,1,10,5],
                    "texture": "#0"
                },
                "north": {
                    "uv": [9,1,10,5],
                    "texture": "#0"
                },
                "south": {
                    "uv": [9,1,10,5],
                    "texture": "#0"
                }
            }
        },
        {
            "from": [7,10,5],
            "to": [8,15,6],
            "faces": {
                "up": {
                    "uv": [9,0,10,1],
                    "texture": "#0"
                },
                "west": {
                    "uv": [9,0,10,5],
                    "texture": "#0"
                },
                "east": {
                    "uv": [9,0,10,5],
                    "texture": "#0"
                },
                "north": {
                    "uv": [9,0,10,5],
                    "texture": "#0"
                },
                "south": {
                    "uv": [9,0,10,5],
                    "texture": "#0"
                }
            }
        },
        {
            "from": [7,-1,5],
            "to": [8,10,6],
            "faces": {
                "up": {
                    "uv": [9,5,10,6],
                    "texture": "#0"
                },
                "west": {
                    "uv": [9,5,10,16],
                    "texture": "#0"
                },
                "east": {
                    "uv": [9,5,10,16],
                    "texture": "#0"
                },
                "north": {
                    "uv": [9,5,10,16],
                    "texture": "#0"
                },
                "south": {
                    "uv": [9,5,10,16],
                    "texture": "#0"
                }
            }
        },
        {
            "from": [9,10,7],
            "to": [12,14,8],
            "faces": {
                "up": {
                    "uv": [10,1,11,2],
                    "texture": "#0"
                },
                "down": {
                    "uv": [9,4,10,5],
                    "texture": "#0"
                },
                "west": {
                    "uv": [10,1,11,5],
                    "texture": "#0"
                },
                "east": {
                    "uv": [10,1,11,5],
                    "texture": "#0"
                },
                "north": {
                    "uv": [10,1,11,5],
                    "texture": "#0"
                },
                "south": {
                    "uv": [10,1,11,5],
                    "texture": "#0"
                }
            }
        },
        {
            "from": [10,10,6],
            "to": [11,14,9],
            "faces": {
                "up": {
                    "uv": [9,1,10,2],
                    "texture": "#0",
                    "rotation": 90
                },
                "down": {
                    "uv": [9,4,10,5],
                    "texture": "#0",
                    "rotation": 90
                },
                "west": {
                    "uv": [9,1,10,5],
                    "texture": "#0"
                },
                "east": {
                    "uv": [9,1,10,5],
                    "texture": "#0"
                },
                "north": {
                    "uv": [9,1,10,5],
                    "texture": "#0"
                },
                "south": {
                    "uv": [9,1,10,5],
                    "texture": "#0"
                }
            }
        },
        {
            "from": [10,10,7],
            "to": [11,15,8],
            "faces": {
                "up": {
                    "uv": [9,0,10,1],
                    "texture": "#0"
                },
                "west": {
                    "uv": [9,0,10,5],
                    "texture": "#0"
                },
                "east": {
                    "uv": [9,0,10,5],
                    "texture": "#0"
                },
                "north": {
                    "uv": [9,0,10,5],
                    "texture": "#0"
                },
                "south": {
                    "uv": [9,0,10,5],
                    "texture": "#0"
                }
            }
        },
        {
            "from": [10,-1,7],
            "to": [11,10,8],
            "faces": {
                "up": {
                    "uv": [9,5,10,6],
                    "texture": "#0"
                },
                "west": {
                    "uv": [9,5,10,16],
                    "texture": "#0"
                },
                "east": {
                    "uv": [9,5,10,16],
                    "texture": "#0"
                },
                "north": {
                    "uv": [9,5,10,16],
                    "texture": "#0"
                },
                "south": {
                    "uv": [9,5,10,16],
                    "texture": "#0"
                }
            }
        },
        {
            "from": [8,8,14],
            "to": [11,12,15],
            "faces": {
                "up": {
                    "uv": [10,1,11,2],
                    "texture": "#0"
                },
                "down": {
                    "uv": [9,4,10,5],
                    "texture": "#0"
                },
                "west": {
                    "uv": [10,1,11,5],
                    "texture": "#0"
                },
                "east": {
                    "uv": [10,1,11,5],
                    "texture": "#0"
                },
                "north": {
                    "uv": [10,1,11,5],
                    "texture": "#0"
                },
                "south": {
                    "uv": [10,1,11,5],
                    "texture": "#0"
                }
            }
        },
        {
            "from": [9,8,14],
            "to": [10,13,15],
            "faces": {
                "up": {
                    "uv": [9,0,10,1],
                    "texture": "#0"
                },
                "west": {
                    "uv": [9,0,10,5],
                    "texture": "#0"
                },
                "east": {
                    "uv": [9,0,10,5],
                    "texture": "#0"
                },
                "north": {
                    "uv": [9,0,10,5],
                    "texture": "#0"
                },
                "south": {
                    "uv": [9,0,10,5],
                    "texture": "#0"
                }
            }
        },
        {
            "from": [9,8,13],
            "to": [10,12,16],
            "faces": {
                "up": {
                    "uv": [9,1,10,2],
                    "texture": "#0",
                    "rotation": 90
                },
                "down": {
                    "uv": [9,4,10,5],
                    "texture": "#0",
                    "rotation": 90
                },
                "west": {
                    "uv": [9,1,10,5],
                    "texture": "#0"
                },
                "east": {
                    "uv": [9,1,10,5],
                    "texture": "#0"
                },
                "north": {
                    "uv": [9,1,10,5],
                    "texture": "#0"
                },
                "south": {
                    "uv": [9,1,10,5],
                    "texture": "#0"
                }
            }
        },
        {
            "from": [14,8,5],
            "to": [15,12,8],
            "faces": {
                "up": {
                    "uv": [10,1,11,2],
                    "texture": "#0"
                },
                "down": {
                    "uv": [9,4,10,5],
                    "texture": "#0"
                },
                "west": {
                    "uv": [10,1,11,5],
                    "texture": "#0"
                },
                "east": {
                    "uv": [10,1,11,5],
                    "texture": "#0"
                },
                "north": {
                    "uv": [10,1,11,5],
                    "texture": "#0"
                },
                "south": {
                    "uv": [10,1,11,5],
                    "texture": "#0"
                }
            }
        },
        {
            "from": [14,8,6],
            "to": [15,13,7],
            "faces": {
                "up": {
                    "uv": [9,0,10,1],
                    "texture": "#0"
                },
                "west": {
                    "uv": [9,0,10,5],
                    "texture": "#0"
                },
                "east": {
                    "uv": [9,0,10,5],
                    "texture": "#0"
                },
                "north": {
                    "uv": [9,0,10,5],
                    "texture": "#0"
                },
                "south": {
                    "uv": [9,0,10,5],
                    "texture": "#0"
                }
            }
        },
        {
            "from": [13,8,6],
            "to": [16,12,7],
            "faces": {
                "up": {
                    "uv": [9,1,10,2],
                    "texture": "#0",
                    "rotation": 90
                },
                "down": {
                    "uv": [9,4,10,5],
                    "texture": "#0",
                    "rotation": 90
                },
                "west": {
                    "uv": [9,1,10,5],
                    "texture": "#0"
                },
                "east": {
                    "uv": [9,1,10,5],
                    "texture": "#0"
                },
                "north": {
                    "uv": [9,1,10,5],
                    "texture": "#0"
                },
                "south": {
                    "uv": [9,1,10,5],
                    "texture": "#0"
                }
            }
        },
        {
            "from": [5,8,1],
            "to": [8,12,2],
            "faces": {
                "up": {
                    "uv": [10,1,11,2],
                    "texture": "#0"
                },
                "down": {
                    "uv": [9,4,10,5],
                    "texture": "#0"
                },
                "west": {
                    "uv": [10,1,11,5],
                    "texture": "#0"
                },
                "east": {
                    "uv": [10,1,11,5],
                    "texture": "#0"
                },
                "north": {
                    "uv": [10,1,11,5],
                    "texture": "#0"
                },
                "south": {
                    "uv": [10,1,11,5],
                    "texture": "#0"
                }
            }
        },
        {
            "from": [6,8,1],
            "to": [7,13,2],
            "faces": {
                "up": {
                    "uv": [9,0,10,1],
                    "texture": "#0"
                },
                "west": {
                    "uv": [9,0,10,5],
                    "texture": "#0"
                },
                "east": {
                    "uv": [9,0,10,5],
                    "texture": "#0"
                },
                "north": {
                    "uv": [9,0,10,5],
                    "texture": "#0"
                },
                "south": {
                    "uv": [9,0,10,5],
                    "texture": "#0"
                }
            }
        },
        {
            "from": [6,8,0],
            "to": [7,12,3],
            "faces": {
                "up": {
                    "uv": [9,1,10,2],
                    "texture": "#0",
                    "rotation": 90
                },
                "down": {
                    "uv": [9,4,10,5],
                    "texture": "#0",
                    "rotation": 90
                },
                "west": {
                    "uv": [9,1,10,5],
                    "texture": "#0"
                },
                "east": {
                    "uv": [9,1,10,5],
                    "texture": "#0"
                },
                "north": {
                    "uv": [9,1,10,5],
                    "texture": "#0"
                },
                "south": {
                    "uv": [9,1,10,5],
                    "texture": "#0"
                }
            }
        },
        {
            "from": [1,8,8],
            "to": [2,12,11],
            "faces": {
                "up": {
                    "uv": [10,1,11,2],
                    "texture": "#0"
                },
                "down": {
                    "uv": [9,4,10,5],
                    "texture": "#0"
                },
                "west": {
                    "uv": [10,1,11,5],
                    "texture": "#0"
                },
                "east": {
                    "uv": [10,1,11,5],
                    "texture": "#0"
                },
                "north": {
                    "uv": [10,1,11,5],
                    "texture": "#0"
                },
                "south": {
                    "uv": [10,1,11,5],
                    "texture": "#0"
                }
            }
        },
        {
            "from": [1,8,9],
            "to": [2,13,10],
            "faces": {
                "up": {
                    "uv": [9,0,10,1],
                    "texture": "#0"
                },
                "west": {
                    "uv": [9,0,10,5],
                    "texture": "#0"
                },
                "east": {
                    "uv": [9,0,10,5],
                    "texture": "#0"
                },
                "north": {
                    "uv": [9,0,10,5],
                    "texture": "#0"
                },
                "south": {
                    "uv": [9,0,10,5],
                    "texture": "#0"
                }
            }
        },
        {
            "from": [0,8,9],
            "to": [3,12,10],
            "faces": {
                "up": {
                    "uv": [9,1,10,2],
                    "texture": "#0",
                    "rotation": 90
                },
                "down": {
                    "uv": [9,4,10,5],
                    "texture": "#0",
                    "rotation": 90
                },
                "west": {
                    "uv": [9,1,10,5],
                    "texture": "#0"
                },
                "east": {
                    "uv": [9,1,10,5],
                    "texture": "#0"
                },
                "north": {
                    "uv": [9,1,10,5],
                    "texture": "#0"
                },
                "south": {
                    "uv": [9,1,10,5],
                    "texture": "#0"
                }
            }
        }
    ]
}