{
    "__createdwith": "opl's Model Creator",
    "ambientocclusion": false,
    "textures": {
        "0": "blocks/wheat_stage_4",
        "particle": "blocks/wheat_stage_4"
    },
    "elements": [
        {
            "from": [5,-1,8],
            "to": [6,10,9],
            "faces": {
                "up": {
                    "uv": [9,5,10,6],
                    "texture": "#0"
                },
                "west": {
                    "uv": [9,5,10,16],
                    "texture": "#0"
                },
                "east": {
                    "uv": [9,5,10,16],
                    "texture": "#0"
                },
                "north": {
                    "uv": [9,5,10,16],
                    "texture": "#0"
                },
                "south": {
                    "uv": [9,5,10,16],
                    "texture": "#0"
                }
            }
        },
        {
            "from": [1,-1,9],
            "to": [2,8,10],
            "faces": {
                "up": {
                    "uv": [9,7,10,8],
                    "texture": "#0"
                },
                "west": {
                    "uv": [9,7,10,16],
                    "texture": "#0"
                },
                "east": {
                    "uv": [9,7,10,16],
                    "texture": "#0"
                },
                "north": {
                    "uv": [9,7,10,16],
                    "texture": "#0"
                },
                "south": {
                    "uv": [9,7,10,16],
                    "texture": "#0"
                }
            }
        },
        {
            "from": [4,-1,12],
            "to": [5,9,13],
            "faces": {
                "up": {
                    "uv": [9,6,10,7],
                    "texture": "#0"
                },
                "west": {
                    "uv": [9,6,10,16],
                    "texture": "#0"
                },
                "east": {
                    "uv": [9,6,10,16],
                    "texture": "#0"
                },
                "north": {
                    "uv": [9,6,10,16],
                    "texture": "#0"
                },
                "south": {
                    "uv": [9,6,10,16],
                    "texture": "#0"
                }
            }
        },
        {
            "from": [1,-1,14],
            "to": [2,7,15],
            "faces": {
                "up": {
                    "uv": [9,7,10,8],
                    "texture": "#0"
                },
                "west": {
                    "uv": [9,8,10,16],
                    "texture": "#0"
                },
                "east": {
                    "uv": [9,8,10,16],
                    "texture": "#0"
                },
                "north": {
                    "uv": [9,8,10,16],
                    "texture": "#0"
                },
                "south": {
                    "uv": [9,8,10,16],
                    "texture": "#0"
                }
            }
        },
        {
            "from": [8,-1,10],
            "to": [9,10,11],
            "faces": {
                "up": {
                    "uv": [9,5,10,6],
                    "texture": "#0"
                },
                "west": {
                    "uv": [9,5,10,16],
                    "texture": "#0"
                },
                "east": {
                    "uv": [9,5,10,16],
                    "texture": "#0"
                },
                "north": {
                    "uv": [9,5,10,16],
                    "texture": "#0"
                },
                "south": {
                    "uv": [9,5,10,16],
                    "texture": "#0"
                }
            }
        },
        {
            "from": [10,-1,7],
            "to": [11,10,8],
            "faces": {
                "up": {
                    "uv": [9,5,10,6],
                    "texture": "#0"
                },
                "west": {
                    "uv": [9,5,10,16],
                    "texture": "#0"
                },
                "east": {
                    "uv": [9,5,10,16],
                    "texture": "#0"
                },
                "north": {
                    "uv": [9,5,10,16],
                    "texture": "#0"
                },
                "south": {
                    "uv": [9,5,10,16],
                    "texture": "#0"
                }
            }
        },
        {
            "from": [7,-1,5],
            "to": [8,10,6],
            "faces": {
                "up": {
                    "uv": [9,5,10,6],
                    "texture": "#0"
                },
                "west": {
                    "uv": [9,5,10,16],
                    "texture": "#0"
                },
                "east": {
                    "uv": [9,5,10,16],
                    "texture": "#0"
                },
                "north": {
                    "uv": [9,5,10,16],
                    "texture": "#0"
                },
                "south": {
                    "uv": [9,5,10,16],
                    "texture": "#0"
                }
            }
        },
        {
            "from": [3,-1,4],
            "to": [4,9,5],
            "faces": {
                "up": {
                    "uv": [9,6,10,7],
                    "texture": "#0"
                },
                "west": {
                    "uv": [9,6,10,16],
                    "texture": "#0"
                },
                "east": {
                    "uv": [9,6,10,16],
                    "texture": "#0"
                },
                "north": {
                    "uv": [9,6,10,16],
                    "texture": "#0"
                },
                "south": {
                    "uv": [9,6,10,16],
                    "texture": "#0"
                }
            }
        },
        {
            "from": [11,-1,3],
            "to": [12,9,4],
            "faces": {
                "up": {
                    "uv": [9,6,10,7],
                    "texture": "#0"
                },
                "west": {
                    "uv": [9,6,10,16],
                    "texture": "#0"
                },
                "east": {
                    "uv": [9,6,10,16],
                    "texture": "#0"
                },
                "north": {
                    "uv": [9,6,10,16],
                    "texture": "#0"
                },
                "south": {
                    "uv": [9,6,10,16],
                    "texture": "#0"
                }
            }
        },
        {
            "from": [12,-1,11],
            "to": [13,9,12],
            "faces": {
                "up": {
                    "uv": [9,6,10,7],
                    "texture": "#0"
                },
                "west": {
                    "uv": [9,6,10,16],
                    "texture": "#0"
                },
                "east": {
                    "uv": [9,6,10,16],
                    "texture": "#0"
                },
                "north": {
                    "uv": [9,6,10,16],
                    "texture": "#0"
                },
                "south": {
                    "uv": [9,6,10,16],
                    "texture": "#0"
                }
            }
        },
        {
            "from": [9,-1,14],
            "to": [10,8,15],
            "faces": {
                "up": {
                    "uv": [9,7,10,8],
                    "texture": "#0"
                },
                "west": {
                    "uv": [9,7,10,16],
                    "texture": "#0"
                },
                "east": {
                    "uv": [9,7,10,16],
                    "texture": "#0"
                },
                "north": {
                    "uv": [9,7,10,16],
                    "texture": "#0"
                },
                "south": {
                    "uv": [9,7,10,16],
                    "texture": "#0"
                }
            }
        },
        {
            "from": [6,-1,1],
            "to": [7,8,2],
            "faces": {
                "up": {
                    "uv": [9,7,10,8],
                    "texture": "#0"
                },
                "west": {
                    "uv": [9,7,10,16],
                    "texture": "#0"
                },
                "east": {
                    "uv": [9,7,10,16],
                    "texture": "#0"
                },
                "north": {
                    "uv": [9,7,10,16],
                    "texture": "#0"
                },
                "south": {
                    "uv": [9,7,10,16],
                    "texture": "#0"
                }
            }
        },
        {
            "from": [14,-1,6],
            "to": [15,8,7],
            "faces": {
                "up": {
                    "uv": [9,7,10,8],
                    "texture": "#0"
                },
                "west": {
                    "uv": [9,7,10,16],
                    "texture": "#0"
                },
                "east": {
                    "uv": [9,7,10,16],
                    "texture": "#0"
                },
                "north": {
                    "uv": [9,7,10,16],
                    "texture": "#0"
                },
                "south": {
                    "uv": [9,7,10,16],
                    "texture": "#0"
                }
            }
        },
        {
            "from": [14,-1,14],
            "to": [15,7,15],
            "faces": {
                "up": {
                    "uv": [9,7,10,8],
                    "texture": "#0"
                },
                "west": {
                    "uv": [9,8,10,16],
                    "texture": "#0"
                },
                "east": {
                    "uv": [9,8,10,16],
                    "texture": "#0"
                },
                "north": {
                    "uv": [9,8,10,16],
                    "texture": "#0"
                },
                "south": {
                    "uv": [9,8,10,16],
                    "texture": "#0"
                }
            }
        },
        {
            "from": [14,-1,1],
            "to": [15,7,2],
            "faces": {
                "up": {
                    "uv": [9,7,10,8],
                    "texture": "#0"
                },
                "west": {
                    "uv": [9,8,10,16],
                    "texture": "#0"
                },
                "east": {
                    "uv": [9,8,10,16],
                    "texture": "#0"
                },
                "north": {
                    "uv": [9,8,10,16],
                    "texture": "#0"
                },
                "south": {
                    "uv": [9,8,10,16],
                    "texture": "#0"
                }
            }
        },
        {
            "from": [1,-1,1],
            "to": [2,7,2],
            "faces": {
                "up": {
                    "uv": [9,7,10,8],
                    "texture": "#0"
                },
                "west": {
                    "uv": [9,8,10,16],
                    "texture": "#0"
                },
                "east": {
                    "uv": [9,8,10,16],
                    "texture": "#0"
                },
                "north": {
                    "uv": [9,8,10,16],
                    "texture": "#0"
                },
                "south": {
                    "uv": [9,8,10,16],
                    "texture": "#0"
                }
            }
        }
    ]
}