{
	"credit": "Made with Blockbench",
	"ambientocclusion": false,
	"textures": {
		"0": "blocks/door_wood_upper"
	},
	"elements": [
		{
			"from": [1, 7, 3],
			"to": [2, 9, 13],
			"faces": {
				"east": {"uv": [2, 13, 14, 15], "texture": "#0"},
				"west": {"uv": [2, 13, 14, 15], "texture": "#0"},
				"up": {"uv": [2, 14, 14, 15], "texture": "#0"},
				"down": {"uv": [3, 15, 13, 16], "texture": "#0"}
			}
		},
		{
			"from": [1, 9, 7],
			"to": [2, 13, 9],
			"faces": {
				"north": {"uv": [2, 9, 3, 13], "texture": "#0"},
				"east": {"uv": [2, 13, 6, 15], "rotation": 90, "texture": "#0"},
				"south": {"uv": [13, 9, 14, 13], "texture": "#0"},
				"west": {"uv": [2, 13, 6, 15], "rotation": 90, "texture": "#0"}
			}
		},
		{
			"from": [1, 3, 7],
			"to": [2, 7, 9],
			"faces": {
				"north": {"uv": [2, 9, 3, 13], "texture": "#0"},
				"east": {"uv": [10, 13, 14, 15], "rotation": 90, "texture": "#0"},
				"south": {"uv": [13, 9, 14, 13], "texture": "#0"},
				"west": {"uv": [10, 13, 14, 15], "rotation": 90, "texture": "#0"}
			}
		},
		{
			"from": [0, 0, 13],
			"to": [3, 16, 16],
			"faces": {
				"north": {"uv": [13, 0, 14, 16], "texture": "#0"},
				"east": {"uv": [0, 0, 3, 16], "texture": "#0"},
				"south": {"uv": [0, 0, 1, 16], "texture": "#0"},
				"west": {"uv": [3, 0, 0, 16], "texture": "#0"},
				"up": {"uv": [10, 16, 13, 13], "texture": "#0"}
			}
		},
		{
			"from": [0, 13, 3],
			"to": [3, 16, 13],
			"faces": {
				"east": {"uv": [3, 0, 13, 3], "texture": "#0"},
				"west": {"uv": [3, 0, 13, 3], "texture": "#0"},
				"up": {"uv": [6, 14, 10, 15], "texture": "#0"},
				"down": {"uv": [3, 15, 13, 16], "texture": "#0"}
			}
		},
		{
			"from": [0, 0, 0],
			"to": [3, 16, 3],
			"faces": {
				"north": {"uv": [0, 0, 1, 16], "texture": "#0"},
				"east": {"uv": [13, 0, 16, 16], "texture": "#0"},
				"south": {"uv": [0, 0, 1, 1], "texture": "#0"},
				"west": {"uv": [16, 0, 13, 16], "texture": "#0"},
				"up": {"uv": [3, 13, 6, 16], "texture": "#0"}
			}
		},
		{
			"from": [0, 0, 3],
			"to": [3, 3, 13],
			"faces": {
				"east": {"uv": [3, 13, 13, 16], "texture": "#0"},
				"west": {"uv": [3, 13, 13, 16], "texture": "#0"},
				"up": {"uv": [6, 14, 10, 15], "texture": "#0"}
			}
		}
	]
}