{
    "variants": {
        "east=false,north=false,south=false,west=false": { "model": "bars_a" },
        "east=false,north=true,south=false,west=false": { "model": "bars_n" },
        "east=true,north=false,south=false,west=false": { "model": "bars_n", "y": 90 },
        "east=false,north=false,south=true,west=false": { "model": "bars_s" },
        "east=false,north=false,south=false,west=true": { "model": "bars_s", "y": 90 },
        "east=true,north=true,south=false,west=false": { "model": "bars_ne" },
        "east=true,north=false,south=true,west=false": { "model": "bars_es" },
        "east=false,north=false,south=true,west=true": { "model": "bars_sw" },
        "east=false,north=true,south=false,west=true": { "model": "bars_nw" },
        "east=false,north=true,south=true,west=false": { "model": "bars_ns" },
        "east=true,north=false,south=false,west=true": { "model": "bars_ns", "y": 90 },
        "east=true,north=true,south=true,west=false": { "model": "bars_nse" },
        "east=true,north=false,south=true,west=true": { "model": "bars_sew" },
        "east=false,north=true,south=true,west=true": { "model": "bars_swn" },
        "east=true,north=true,south=false,west=true": { "model": "bars_new" },
        "east=true,north=true,south=true,west=true": { "model": "bars_nsew" }
    }
}
