{
    "__createdwith": "opl's Model Creator",
    "ambientocclusion": false,
    "textures": {
        "0": "blocks/double_plant_grass_bottom",
        "particle": "blocks/double_plant_grass_bottom"
    },
    "elements": [
        {
            "from": [7,0,7],
            "to": [9,16,9],
            "faces": {
                "west": {
                    "texture": "#0"
                },
                "east": {
                    "texture": "#0"
                },
                "north": {
                    "texture": "#0"
                },
                "south": {
                    "texture": "#0"
                }
            }
        },
        {
            "from": [9,0,4],
            "to": [10,16,5],
            "faces": {
                "west": {
                    "uv": [5,0,6,16],
                    "texture": "#0"
                },
                "east": {
                    "uv": [5,0,6,16],
                    "texture": "#0"
                },
                "north": {
                    "uv": [5,0,6,16],
                    "texture": "#0"
                },
                "south": {
                    "uv": [5,0,6,16],
                    "texture": "#0"
                }
            }
        },
        {
            "from": [12,0,4],
            "to": [14,16,6],
            "faces": {
                "west": {
                    "texture": "#0"
                },
                "east": {
                    "texture": "#0"
                },
                "north": {
                    "uv": [10,0,12,16],
                    "texture": "#0"
                },
                "south": {
                    "uv": [2,0,4,16],
                    "texture": "#0"
                }
            }
        },
        {
            "from": [10,0,12],
            "to": [12,16,14],
            "faces": {
                "west": {
                    "texture": "#0"
                },
                "east": {
                    "uv": [10,0,12,16],
                    "texture": "#0"
                },
                "north": {
                    "uv": [2,0,4,16],
                    "texture": "#0"
                },
                "south": {
                    "uv": [10,0,12,16],
                    "texture": "#0"
                }
            }
        },
        {
            "from": [2,0,10],
            "to": [4,16,12],
            "faces": {
                "west": {
                    "texture": "#0"
                },
                "east": {
                    "uv": [13,0,15,16],
                    "texture": "#0"
                },
                "north": {
                    "uv": [10,0,12,16],
                    "texture": "#0"
                },
                "south": {
                    "uv": [2,0,4,16],
                    "texture": "#0"
                }
            }
        },
        {
            "from": [4,0,6],
            "to": [5,16,7],
            "faces": {
                "west": {
                    "uv": [0,0,1,16],
                    "texture": "#0"
                },
                "east": {
                    "uv": [0,0,1,16],
                    "texture": "#0"
                },
                "north": {
                    "uv": [0,0,1,16],
                    "texture": "#0"
                },
                "south": {
                    "uv": [0,0,1,16],
                    "texture": "#0"
                }
            }
        },
        {
            "from": [4,0,2],
            "to": [6,16,4],
            "faces": {
                "west": {
                    "texture": "#0"
                },
                "east": {
                    "uv": [10,0,12,16],
                    "texture": "#0"
                },
                "north": {
                    "uv": [2,0,4,16],
                    "texture": "#0"
                },
                "south": {
                    "uv": [10,0,12,16],
                    "texture": "#0"
                }
            }
        },
        {
            "from": [6,0,11],
            "to": [7,16,12],
            "faces": {
                "west": {
                    "uv": [5,0,6,16],
                    "texture": "#0"
                },
                "east": {
                    "uv": [5,0,6,16],
                    "texture": "#0"
                },
                "north": {
                    "uv": [5,0,6,16],
                    "texture": "#0"
                },
                "south": {
                    "uv": [5,0,6,16],
                    "texture": "#0"
                }
            }
        },
        {
            "from": [11,0,9],
            "to": [12,16,10],
            "faces": {
                "west": {
                    "uv": [5,0,6,16],
                    "texture": "#0"
                },
                "east": {
                    "uv": [5,0,6,16],
                    "texture": "#0"
                },
                "north": {
                    "uv": [5,0,6,16],
                    "texture": "#0"
                },
                "south": {
                    "uv": [5,0,6,16],
                    "texture": "#0"
                }
            }
        },
        {
            "from": [1,0,2],
            "to": [2,16,3],
            "faces": {
                "west": {
                    "uv": [5,0,6,16],
                    "texture": "#0"
                },
                "east": {
                    "uv": [5,0,6,16],
                    "texture": "#0"
                },
                "north": {
                    "uv": [5,0,6,16],
                    "texture": "#0"
                },
                "south": {
                    "uv": [5,0,6,16],
                    "texture": "#0"
                }
            }
        },
        {
            "from": [2,0,14],
            "to": [3,16,15],
            "faces": {
                "west": {
                    "uv": [5,0,6,16],
                    "texture": "#0"
                },
                "east": {
                    "uv": [5,0,6,16],
                    "texture": "#0"
                },
                "north": {
                    "uv": [5,0,6,16],
                    "texture": "#0"
                },
                "south": {
                    "uv": [5,0,6,16],
                    "texture": "#0"
                }
            }
        },
        {
            "from": [14,0,13],
            "to": [15,16,14],
            "faces": {
                "west": {
                    "uv": [0,0,1,16],
                    "texture": "#0"
                },
                "east": {
                    "uv": [0,0,1,16],
                    "texture": "#0"
                },
                "north": {
                    "uv": [0,0,1,16],
                    "texture": "#0"
                },
                "south": {
                    "uv": [0,0,1,16],
                    "texture": "#0"
                }
            }
        },
        {
            "from": [13,0,1],
            "to": [14,16,2],
            "faces": {
                "west": {
                    "uv": [5,0,6,16],
                    "texture": "#0"
                },
                "east": {
                    "uv": [5,0,6,16],
                    "texture": "#0"
                },
                "north": {
                    "uv": [5,0,6,16],
                    "texture": "#0"
                },
                "south": {
                    "uv": [5,0,6,16],
                    "texture": "#0"
                }
            }
        }
    ]
}