{
    "__createdwith": "opl's Model Creator",
    "ambientocclusion": false,
    "textures": {
        "0": "blocks/double_plant_grass_top",
        "particle": "blocks/double_plant_grass_top"
    },
    "elements": [
        {
            "from": [14,0,13],
            "to": [15,7,14],
            "faces": {
                "up": {
                    "texture": "#0"
                },
                "west": {
                    "uv": [13,9,14,16],
                    "texture": "#0"
                },
                "east": {
                    "uv": [13,9,14,16],
                    "texture": "#0"
                },
                "north": {
                    "uv": [13,9,14,16],
                    "texture": "#0"
                },
                "south": {
                    "uv": [13,9,14,16],
                    "texture": "#0"
                }
            }
        },
        {
            "from": [10,0,12],
            "to": [12,3,14],
            "faces": {
                "up": {
                    "texture": "#0"
                },
                "west": {
                    "uv": [10,11,12,16],
                    "texture": "#0"
                },
                "east": {
                    "uv": [10,11,12,16],
                    "texture": "#0"
                },
                "north": {
                    "uv": [2,11,4,16],
                    "texture": "#0"
                },
                "south": {
                    "uv": [10,11,12,16],
                    "texture": "#0"
                }
            }
        },
        {
            "from": [11,0,9],
            "to": [12,10,10],
            "faces": {
                "up": {
                    "texture": "#0"
                },
                "west": {
                    "uv": [11,6,12,16],
                    "texture": "#0"
                },
                "east": {
                    "uv": [11,6,12,16],
                    "texture": "#0"
                },
                "north": {
                    "uv": [11,6,12,16],
                    "texture": "#0"
                },
                "south": {
                    "uv": [11,6,12,16],
                    "texture": "#0"
                }
            }
        },
        {
            "from": [7,0,7],
            "to": [9,4,9],
            "faces": {
                "up": {
                    "uv": [7,12,9,14],
                    "texture": "#0"
                },
                "west": {
                    "texture": "#0"
                },
                "east": {
                    "texture": "#0"
                },
                "north": {
                    "texture": "#0"
                },
                "south": {
                    "texture": "#0"
                }
            }
        },
        {
            "from": [6,0,11],
            "to": [7,12,12],
            "faces": {
                "up": {
                    "uv": [7,3,8,4],
                    "texture": "#0"
                },
                "west": {
                    "uv": [11,5,12,16],
                    "texture": "#0"
                },
                "east": {
                    "uv": [11,5,12,16],
                    "texture": "#0"
                },
                "north": {
                    "uv": [7,4,8,16],
                    "texture": "#0"
                },
                "south": {
                    "uv": [7,4,8,16],
                    "texture": "#0"
                }
            }
        },
        {
            "from": [4,0,6],
            "to": [5,9,7],
            "faces": {
                "up": {
                    "uv": [5,7,6,8],
                    "texture": "#0"
                },
                "west": {
                    "uv": [5,7,6,16],
                    "texture": "#0"
                },
                "east": {
                    "uv": [5,7,6,16],
                    "texture": "#0"
                },
                "north": {
                    "uv": [5,7,6,16],
                    "texture": "#0"
                },
                "south": {
                    "uv": [5,7,6,16],
                    "texture": "#0"
                }
            }
        },
        {
            "from": [9,0,4],
            "to": [10,11,5],
            "faces": {
                "up": {
                    "uv": [11,6,12,7],
                    "texture": "#0"
                },
                "west": {
                    "uv": [11,5,12,16],
                    "texture": "#0"
                },
                "east": {
                    "uv": [11,5,12,16],
                    "texture": "#0"
                },
                "north": {
                    "uv": [11,5,12,16],
                    "texture": "#0"
                },
                "south": {
                    "uv": [11,5,12,16],
                    "texture": "#0"
                }
            }
        },
        {
            "from": [4,0,2],
            "to": [6,2,4],
            "faces": {
                "up": {
                    "uv": [7,12,9,14],
                    "texture": "#0"
                },
                "west": {
                    "texture": "#0"
                },
                "east": {
                    "uv": [2,14,4,16],
                    "texture": "#0"
                },
                "north": {
                    "uv": [2,14,4,16],
                    "texture": "#0"
                },
                "south": {
                    "uv": [2,14,4,16],
                    "texture": "#0"
                }
            }
        },
        {
            "from": [12,0,4],
            "to": [14,2,6],
            "faces": {
                "up": {
                    "uv": [13,13,15,15],
                    "texture": "#0"
                },
                "west": {
                    "uv": [2,14,4,16],
                    "texture": "#0"
                },
                "east": {
                    "uv": [2,14,4,16],
                    "texture": "#0"
                },
                "north": {
                    "uv": [13,14,15,16],
                    "texture": "#0"
                },
                "south": {
                    "uv": [13,14,15,16],
                    "texture": "#0"
                }
            }
        },
        {
            "from": [13,0,1],
            "to": [14,5,2],
            "faces": {
                "up": {
                    "uv": [11,5,12,6],
                    "texture": "#0"
                },
                "west": {
                    "uv": [0,11,1,16],
                    "texture": "#0"
                },
                "east": {
                    "uv": [0,11,1,16],
                    "texture": "#0"
                },
                "north": {
                    "uv": [0,11,1,16],
                    "texture": "#0"
                },
                "south": {
                    "uv": [0,11,1,16],
                    "texture": "#0"
                }
            }
        },
        {
            "from": [1,0,2],
            "to": [2,8,3],
            "faces": {
                "up": {
                    "uv": [2,8,3,9],
                    "texture": "#0"
                },
                "west": {
                    "uv": [2,8,3,16],
                    "texture": "#0"
                },
                "east": {
                    "uv": [2,8,3,16],
                    "texture": "#0"
                },
                "north": {
                    "uv": [2,8,3,16],
                    "texture": "#0"
                },
                "south": {
                    "uv": [2,8,3,16],
                    "texture": "#0"
                }
            }
        },
        {
            "from": [2,0,10],
            "to": [4,3,12],
            "faces": {
                "up": {
                    "uv": [2,11,4,13],
                    "texture": "#0"
                },
                "west": {
                    "texture": "#0"
                },
                "east": {
                    "uv": [10,13,12,16],
                    "texture": "#0"
                },
                "north": {
                    "uv": [2,13,4,16],
                    "texture": "#0"
                },
                "south": {
                    "uv": [2,13,4,16],
                    "texture": "#0"
                }
            }
        },
        {
            "from": [2,0,14],
            "to": [3,5,15],
            "faces": {
                "up": {
                    "uv": [3,12,4,13],
                    "texture": "#0"
                },
                "west": {
                    "uv": [10,11,11,16],
                    "texture": "#0"
                },
                "east": {
                    "uv": [10,11,11,16],
                    "texture": "#0"
                },
                "north": {
                    "uv": [3,11,4,16],
                    "texture": "#0"
                },
                "south": {
                    "uv": [10,11,11,16],
                    "texture": "#0"
                }
            }
        },
        {
            "from": [7,4,7],
            "to": [8,16,8],
            "faces": {
                "up": {
                    "uv": [6,2,7,3],
                    "texture": "#0"
                },
                "west": {
                    "uv": [7,3,8,16],
                    "texture": "#0"
                },
                "east": {
                    "uv": [7,3,8,16],
                    "texture": "#0"
                },
                "north": {
                    "uv": [7,3,8,16],
                    "texture": "#0"
                },
                "south": {
                    "uv": [7,3,8,16],
                    "texture": "#0"
                }
            }
        }
    ]
}