{
    "__createdwith": "opl's Model Creator",
    "ambientocclusion": false,
    "textures": {
        "0": "blocks/double_plant_fern_top",
        "particle": "blocks/double_plant_fern_top"
    },
    "elements": [
        {
            "from": [9,7,8],
            "to": [12,8,9],
            "faces": {
                "up": {
                    "uv": [9,10,12,11],
                    "texture": "#0"
                },
                "down": {
                    "uv": [8,4,9,7],
                    "texture": "#0"
                },
                "west": {
                    "texture": "#0"
                },
                "east": {
                    "uv": [4,12,5,13],
                    "texture": "#0"
                },
                "north": {
                    "uv": [9,10,12,11],
                    "texture": "#0"
                },
                "south": {
                    "uv": [9,10,12,11],
                    "texture": "#0"
                }
            }
        },
        {
            "from": [9,11,8],
            "to": [11,12,9],
            "faces": {
                "up": {
                    "uv": [9,6,11,7],
                    "texture": "#0"
                },
                "down": {
                    "texture": "#0"
                },
                "west": {
                    "texture": "#0"
                },
                "east": {
                    "uv": [10,8,11,9],
                    "texture": "#0"
                },
                "north": {
                    "uv": [9,6,11,7],
                    "texture": "#0"
                },
                "south": {
                    "uv": [9,6,11,7],
                    "texture": "#0"
                }
            }
        },
        {
            "from": [7,7,9],
            "to": [8,8,12],
            "faces": {
                "up": {
                    "uv": [8,4,9,7],
                    "texture": "#0"
                },
                "down": {
                    "uv": [8,6,9,9],
                    "texture": "#0"
                },
                "west": {
                    "uv": [9,10,12,11],
                    "texture": "#0"
                },
                "east": {
                    "uv": [4,10,7,11],
                    "texture": "#0"
                },
                "south": {
                    "uv": [11,12,12,13],
                    "texture": "#0"
                }
            }
        },
        {
            "from": [7,11,9],
            "to": [8,12,11],
            "faces": {
                "up": {
                    "uv": [8,4,9,6],
                    "texture": "#0"
                },
                "down": {
                    "uv": [8,7,9,9],
                    "texture": "#0"
                },
                "west": {
                    "uv": [9,6,11,7],
                    "texture": "#0"
                },
                "east": {
                    "uv": [5,6,7,7],
                    "texture": "#0"
                },
                "south": {
                    "uv": [11,12,12,13],
                    "texture": "#0"
                }
            }
        },
        {
            "from": [4,7,7],
            "to": [7,8,8],
            "faces": {
                "up": {
                    "uv": [4,10,7,11],
                    "texture": "#0"
                },
                "down": {
                    "uv": [8,4,9,7],
                    "texture": "#0"
                },
                "west": {
                    "texture": "#0"
                },
                "east": {
                    "uv": [4,12,7,13],
                    "texture": "#0"
                },
                "north": {
                    "uv": [9,10,12,11],
                    "texture": "#0"
                },
                "south": {
                    "uv": [4,10,7,11],
                    "texture": "#0"
                }
            }
        },
        {
            "from": [5,11,7],
            "to": [7,12,8],
            "faces": {
                "up": {
                    "uv": [9,6,11,7],
                    "texture": "#0"
                },
                "down": {
                    "uv": [9,8,11,9],
                    "texture": "#0"
                },
                "west": {
                    "texture": "#0"
                },
                "east": {
                    "uv": [11,8,12,9],
                    "texture": "#0"
                },
                "north": {
                    "uv": [9,6,11,7],
                    "texture": "#0"
                },
                "south": {
                    "uv": [5,6,7,7],
                    "texture": "#0"
                }
            }
        },
        {
            "from": [8,7,4],
            "to": [9,8,7],
            "faces": {
                "up": {
                    "texture": "#0"
                },
                "down": {
                    "texture": "#0"
                },
                "west": {
                    "uv": [4,12,7,13],
                    "texture": "#0"
                },
                "east": {
                    "uv": [9,12,12,13],
                    "texture": "#0"
                },
                "north": {
                    "uv": [11,12,12,13],
                    "texture": "#0"
                },
                "south": {
                    "uv": [11,12,12,13],
                    "texture": "#0"
                }
            }
        },
        {
            "from": [8,11,5],
            "to": [9,12,7],
            "faces": {
                "up": {
                    "uv": [8,4,9,6],
                    "texture": "#0"
                },
                "down": {
                    "uv": [8,6,9,8],
                    "texture": "#0"
                },
                "west": {
                    "uv": [5,6,7,7],
                    "texture": "#0"
                },
                "east": {
                    "uv": [9,6,11,7],
                    "texture": "#0"
                },
                "north": {
                    "uv": [10,6,11,7],
                    "texture": "#0"
                },
                "south": {
                    "uv": [11,12,12,13],
                    "texture": "#0"
                }
            }
        },
        {
            "from": [8,13,6],
            "to": [9,14,7],
            "faces": {
                "up": {
                    "uv": [9,4,10,5],
                    "texture": "#0"
                },
                "down": {
                    "uv": [9,4,10,5],
                    "texture": "#0"
                },
                "west": {
                    "uv": [9,4,10,5],
                    "texture": "#0"
                },
                "east": {
                    "uv": [9,4,10,5],
                    "texture": "#0"
                },
                "north": {
                    "uv": [9,4,10,5],
                    "texture": "#0"
                },
                "south": {
                    "uv": [9,2,10,3],
                    "texture": "#0"
                }
            }
        },
        {
            "from": [7,0,7],
            "to": [9,14,9],
            "faces": {
                "up": {
                    "uv": [7,4,9,6],
                    "texture": "#0"
                },
                "down": {
                    "uv": [7,14,9,16],
                    "texture": "#0"
                },
                "west": {
                    "uv": [7,4,9,16],
                    "texture": "#0"
                },
                "east": {
                    "uv": [7,4,9,16],
                    "texture": "#0"
                },
                "north": {
                    "uv": [7,4,9,16],
                    "texture": "#0"
                },
                "south": {
                    "uv": [7,4,9,16],
                    "texture": "#0"
                }
            }
        },
        {
            "from": [7,1,9],
            "to": [8,2,13],
            "faces": {
                "up": {
                    "texture": "#0"
                },
                "down": {
                    "texture": "#0"
                },
                "west": {
                    "texture": "#0"
                },
                "east": {
                    "uv": [3,12,7,13],
                    "texture": "#0"
                },
                "north": {
                    "uv": [11,12,12,13],
                    "texture": "#0"
                },
                "south": {
                    "uv": [11,12,12,13],
                    "texture": "#0"
                }
            }
        },
        {
            "from": [8,1,3],
            "to": [9,2,7],
            "faces": {
                "up": {
                    "uv": [8,5,9,9],
                    "texture": "#0"
                },
                "down": {
                    "uv": [8,5,9,9],
                    "texture": "#0"
                },
                "west": {
                    "texture": "#0"
                },
                "east": {
                    "uv": [9,14,13,15],
                    "texture": "#0"
                },
                "north": {
                    "uv": [11,12,12,13],
                    "texture": "#0"
                },
                "south": {
                    "uv": [11,12,12,13],
                    "texture": "#0"
                }
            }
        },
        {
            "from": [9,1,8],
            "to": [13,2,9],
            "faces": {
                "up": {
                    "uv": [9,10,13,11],
                    "texture": "#0"
                },
                "down": {
                    "uv": [8,4,9,8],
                    "texture": "#0"
                },
                "west": {
                    "texture": "#0"
                },
                "east": {
                    "uv": [4,12,5,13],
                    "texture": "#0"
                },
                "north": {
                    "uv": [3,14,7,15],
                    "texture": "#0"
                },
                "south": {
                    "texture": "#0"
                }
            }
        },
        {
            "from": [3,1,7],
            "to": [7,2,8],
            "faces": {
                "up": {
                    "uv": [3,10,7,11],
                    "texture": "#0"
                },
                "down": {
                    "uv": [8,4,9,8],
                    "texture": "#0"
                },
                "west": {
                    "uv": [9,14,10,15],
                    "texture": "#0"
                },
                "east": {
                    "uv": [4,12,7,13],
                    "texture": "#0"
                },
                "north": {
                    "uv": [9,14,13,15],
                    "texture": "#0"
                },
                "south": {
                    "texture": "#0"
                }
            }
        },
        {
            "from": [7,13,9],
            "to": [8,14,10],
            "faces": {
                "up": {
                    "uv": [9,4,10,5],
                    "texture": "#0"
                },
                "down": {
                    "uv": [9,4,10,5],
                    "texture": "#0"
                },
                "west": {
                    "uv": [9,4,10,5],
                    "texture": "#0"
                },
                "east": {
                    "uv": [9,4,10,5],
                    "texture": "#0"
                },
                "north": {
                    "uv": [9,4,10,5],
                    "texture": "#0"
                },
                "south": {
                    "uv": [9,4,10,5],
                    "texture": "#0"
                }
            }
        },
        {
            "from": [9,13,8],
            "to": [10,14,9],
            "faces": {
                "up": {
                    "uv": [9,4,10,5],
                    "texture": "#0"
                },
                "down": {
                    "uv": [9,4,10,5],
                    "texture": "#0"
                },
                "west": {
                    "uv": [9,4,10,5],
                    "texture": "#0"
                },
                "east": {
                    "uv": [9,4,10,5],
                    "texture": "#0"
                },
                "north": {
                    "uv": [9,4,10,5],
                    "texture": "#0"
                },
                "south": {
                    "uv": [9,4,10,5],
                    "texture": "#0"
                }
            }
        },
        {
            "from": [6,13,7],
            "to": [7,14,8],
            "faces": {
                "up": {
                    "uv": [9,4,10,5],
                    "texture": "#0"
                },
                "down": {
                    "uv": [9,4,10,5],
                    "texture": "#0"
                },
                "west": {
                    "uv": [9,4,10,5],
                    "texture": "#0"
                },
                "east": {
                    "uv": [9,4,10,5],
                    "texture": "#0"
                },
                "north": {
                    "uv": [9,4,10,5],
                    "texture": "#0"
                },
                "south": {
                    "uv": [9,4,10,5],
                    "texture": "#0"
                }
            }
        },
        {
            "from": [3,3,7],
            "to": [7,4,8],
            "faces": {
                "up": {
                    "uv": [3,10,7,11],
                    "texture": "#0"
                },
                "down": {
                    "uv": [8,4,9,8],
                    "texture": "#0"
                },
                "west": {
                    "uv": [9,14,10,15],
                    "texture": "#0"
                },
                "east": {
                    "uv": [4,12,7,13],
                    "texture": "#0"
                },
                "north": {
                    "uv": [9,14,13,15],
                    "texture": "#0"
                },
                "south": {
                    "texture": "#0"
                }
            }
        },
        {
            "from": [3,5,7],
            "to": [7,6,8],
            "faces": {
                "up": {
                    "uv": [3,10,7,11],
                    "texture": "#0"
                },
                "down": {
                    "uv": [8,4,9,8],
                    "texture": "#0"
                },
                "west": {
                    "uv": [9,14,10,15],
                    "texture": "#0"
                },
                "east": {
                    "uv": [4,12,7,13],
                    "texture": "#0"
                },
                "north": {
                    "uv": [9,14,13,15],
                    "texture": "#0"
                },
                "south": {
                    "texture": "#0"
                }
            }
        },
        {
            "from": [9,3,8],
            "to": [13,4,9],
            "faces": {
                "up": {
                    "uv": [9,10,13,11],
                    "texture": "#0"
                },
                "down": {
                    "uv": [8,4,9,8],
                    "texture": "#0"
                },
                "west": {
                    "texture": "#0"
                },
                "east": {
                    "uv": [4,12,5,13],
                    "texture": "#0"
                },
                "north": {
                    "uv": [3,14,7,15],
                    "texture": "#0"
                },
                "south": {
                    "texture": "#0"
                }
            }
        },
        {
            "from": [9,5,8],
            "to": [13,6,9],
            "faces": {
                "up": {
                    "uv": [9,10,13,11],
                    "texture": "#0"
                },
                "down": {
                    "uv": [8,4,9,8],
                    "texture": "#0"
                },
                "west": {
                    "texture": "#0"
                },
                "east": {
                    "uv": [4,12,5,13],
                    "texture": "#0"
                },
                "north": {
                    "uv": [3,14,7,15],
                    "texture": "#0"
                },
                "south": {
                    "texture": "#0"
                }
            }
        },
        {
            "from": [9,9,8],
            "to": [12,10,9],
            "faces": {
                "up": {
                    "uv": [9,10,12,11],
                    "texture": "#0"
                },
                "down": {
                    "uv": [8,4,9,7],
                    "texture": "#0"
                },
                "west": {
                    "texture": "#0"
                },
                "east": {
                    "uv": [4,12,5,13],
                    "texture": "#0"
                },
                "north": {
                    "uv": [9,10,12,11],
                    "texture": "#0"
                },
                "south": {
                    "uv": [9,10,12,11],
                    "texture": "#0"
                }
            }
        },
        {
            "from": [4,9,7],
            "to": [7,10,8],
            "faces": {
                "up": {
                    "uv": [4,10,7,11],
                    "texture": "#0"
                },
                "down": {
                    "uv": [8,4,9,7],
                    "texture": "#0"
                },
                "west": {
                    "texture": "#0"
                },
                "east": {
                    "uv": [4,12,7,13],
                    "texture": "#0"
                },
                "north": {
                    "uv": [9,10,12,11],
                    "texture": "#0"
                },
                "south": {
                    "uv": [4,10,7,11],
                    "texture": "#0"
                }
            }
        },
        {
            "from": [7,3,9],
            "to": [8,4,13],
            "faces": {
                "up": {
                    "texture": "#0"
                },
                "down": {
                    "texture": "#0"
                },
                "west": {
                    "texture": "#0"
                },
                "east": {
                    "uv": [3,12,7,13],
                    "texture": "#0"
                },
                "north": {
                    "uv": [11,12,12,13],
                    "texture": "#0"
                },
                "south": {
                    "uv": [11,12,12,13],
                    "texture": "#0"
                }
            }
        },
        {
            "from": [7,5,9],
            "to": [8,6,13],
            "faces": {
                "up": {
                    "texture": "#0"
                },
                "down": {
                    "texture": "#0"
                },
                "west": {
                    "texture": "#0"
                },
                "east": {
                    "uv": [3,12,7,13],
                    "texture": "#0"
                },
                "north": {
                    "uv": [11,12,12,13],
                    "texture": "#0"
                },
                "south": {
                    "uv": [11,12,12,13],
                    "texture": "#0"
                }
            }
        },
        {
            "from": [7,9,9],
            "to": [8,10,12],
            "faces": {
                "up": {
                    "uv": [8,4,9,7],
                    "texture": "#0"
                },
                "down": {
                    "uv": [8,6,9,9],
                    "texture": "#0"
                },
                "west": {
                    "uv": [9,10,12,11],
                    "texture": "#0"
                },
                "east": {
                    "uv": [4,10,7,11],
                    "texture": "#0"
                },
                "south": {
                    "uv": [11,12,12,13],
                    "texture": "#0"
                }
            }
        },
        {
            "from": [8,3,3],
            "to": [9,4,7],
            "faces": {
                "up": {
                    "uv": [8,5,9,9],
                    "texture": "#0"
                },
                "down": {
                    "uv": [8,5,9,9],
                    "texture": "#0"
                },
                "west": {
                    "texture": "#0"
                },
                "east": {
                    "uv": [9,14,13,15],
                    "texture": "#0"
                },
                "north": {
                    "uv": [11,12,12,13],
                    "texture": "#0"
                },
                "south": {
                    "uv": [11,12,12,13],
                    "texture": "#0"
                }
            }
        },
        {
            "from": [8,5,3],
            "to": [9,6,7],
            "faces": {
                "up": {
                    "uv": [8,5,9,9],
                    "texture": "#0"
                },
                "down": {
                    "uv": [8,5,9,9],
                    "texture": "#0"
                },
                "west": {
                    "texture": "#0"
                },
                "east": {
                    "uv": [9,14,13,15],
                    "texture": "#0"
                },
                "north": {
                    "uv": [11,12,12,13],
                    "texture": "#0"
                },
                "south": {
                    "uv": [11,12,12,13],
                    "texture": "#0"
                }
            }
        },
        {
            "from": [8,9,4],
            "to": [9,10,7],
            "faces": {
                "up": {
                    "texture": "#0"
                },
                "down": {
                    "texture": "#0"
                },
                "west": {
                    "uv": [4,12,7,13],
                    "texture": "#0"
                },
                "east": {
                    "uv": [9,12,12,13],
                    "texture": "#0"
                },
                "north": {
                    "uv": [11,12,12,13],
                    "texture": "#0"
                },
                "south": {
                    "uv": [11,12,12,13],
                    "texture": "#0"
                }
            }
        }
    ]
}