{
    "__createdwith": "opl's Model Creator",
    "ambientocclusion": false,
    "textures": {
        "0": "blocks/double_plant_fern_bottom",
        "particle": "blocks/double_plant_fern_bottom"
    },
    "elements": [
        {
            "from": [1,15,7],
            "to": [7,16,8],
            "faces": {
                "up": {
                    "uv": [1,6,7,7],
                    "texture": "#0"
                },
                "down": {
                    "uv": [1,6,7,7],
                    "texture": "#0"
                },
                "west": {
                    "uv": [10,8,11,9],
                    "texture": "#0"
                },
                "east": {
                    "uv": [4,12,7,13],
                    "texture": "#0"
                },
                "north": {
                    "uv": [9,0,15,1],
                    "texture": "#0"
                },
                "south": {
                    "texture": "#0"
                }
            }
        },
        {
            "from": [7,15,9],
            "to": [8,16,15],
            "faces": {
                "up": {
                    "uv": [7,0,8,5],
                    "texture": "#0"
                },
                "down": {
                    "uv": [7,1,8,7],
                    "texture": "#0"
                },
                "west": {
                    "texture": "#0"
                },
                "east": {
                    "uv": [1,0,7,1],
                    "texture": "#0"
                },
                "north": {
                    "uv": [11,12,12,13],
                    "texture": "#0"
                },
                "south": {
                    "uv": [11,12,12,13],
                    "texture": "#0"
                }
            }
        },
        {
            "from": [9,15,8],
            "to": [15,16,9],
            "faces": {
                "up": {
                    "uv": [9,6,15,7],
                    "texture": "#0"
                },
                "down": {
                    "uv": [9,6,15,7],
                    "texture": "#0"
                },
                "west": {
                    "texture": "#0"
                },
                "east": {
                    "uv": [8,0,9,1],
                    "texture": "#0"
                },
                "north": {
                    "uv": [9,0,15,1],
                    "texture": "#0"
                },
                "south": {
                    "texture": "#0"
                }
            }
        },
        {
            "from": [8,15,1],
            "to": [9,16,7],
            "faces": {
                "up": {
                    "uv": [8,0,9,6],
                    "texture": "#0"
                },
                "down": {
                    "uv": [8,0,9,4],
                    "texture": "#0"
                },
                "west": {
                    "texture": "#0"
                },
                "east": {
                    "uv": [9,0,15,1],
                    "texture": "#0"
                },
                "north": {
                    "uv": [11,12,12,13],
                    "texture": "#0"
                },
                "south": {
                    "uv": [11,12,12,13],
                    "texture": "#0"
                }
            }
        },
        {
            "from": [7,0,7],
            "to": [9,16,9],
            "faces": {
                "up": {
                    "uv": [7,0,9,2],
                    "texture": "#0"
                },
                "down": {
                    "uv": [7,14,9,16],
                    "texture": "#0"
                },
                "west": {
                    "texture": "#0"
                },
                "east": {
                    "uv": [7,0,9,16],
                    "texture": "#0"
                },
                "north": {
                    "uv": [7,0,9,16],
                    "texture": "#0"
                },
                "south": {
                    "uv": [7,0,9,16],
                    "texture": "#0"
                }
            }
        },
        {
            "from": [7,13,9],
            "to": [8,14,15],
            "faces": {
                "up": {
                    "uv": [7,0,8,5],
                    "texture": "#0"
                },
                "down": {
                    "uv": [7,1,8,7],
                    "texture": "#0"
                },
                "west": {
                    "texture": "#0"
                },
                "east": {
                    "uv": [1,0,7,1],
                    "texture": "#0"
                },
                "north": {
                    "uv": [11,12,12,13],
                    "texture": "#0"
                },
                "south": {
                    "uv": [11,12,12,13],
                    "texture": "#0"
                }
            }
        },
        {
            "from": [7,11,9],
            "to": [8,12,15],
            "faces": {
                "up": {
                    "uv": [7,0,8,5],
                    "texture": "#0"
                },
                "down": {
                    "uv": [7,1,8,7],
                    "texture": "#0"
                },
                "west": {
                    "texture": "#0"
                },
                "east": {
                    "uv": [1,0,7,1],
                    "texture": "#0"
                },
                "north": {
                    "uv": [11,12,12,13],
                    "texture": "#0"
                },
                "south": {
                    "uv": [11,12,12,13],
                    "texture": "#0"
                }
            }
        },
        {
            "from": [7,9,9],
            "to": [8,10,15],
            "faces": {
                "up": {
                    "uv": [7,0,8,5],
                    "texture": "#0"
                },
                "down": {
                    "uv": [7,1,8,7],
                    "texture": "#0"
                },
                "west": {
                    "texture": "#0"
                },
                "east": {
                    "uv": [1,0,7,1],
                    "texture": "#0"
                },
                "north": {
                    "uv": [11,12,12,13],
                    "texture": "#0"
                },
                "south": {
                    "uv": [11,12,12,13],
                    "texture": "#0"
                }
            }
        },
        {
            "from": [8,13,1],
            "to": [9,14,7],
            "faces": {
                "up": {
                    "uv": [8,0,9,6],
                    "texture": "#0"
                },
                "down": {
                    "uv": [8,0,9,4],
                    "texture": "#0"
                },
                "west": {
                    "texture": "#0"
                },
                "east": {
                    "uv": [9,0,15,1],
                    "texture": "#0"
                },
                "north": {
                    "uv": [11,12,12,13],
                    "texture": "#0"
                },
                "south": {
                    "uv": [11,12,12,13],
                    "texture": "#0"
                }
            }
        },
        {
            "from": [8,11,1],
            "to": [9,12,7],
            "faces": {
                "up": {
                    "uv": [8,0,9,6],
                    "texture": "#0"
                },
                "down": {
                    "uv": [8,0,9,4],
                    "texture": "#0"
                },
                "west": {
                    "texture": "#0"
                },
                "east": {
                    "uv": [9,0,15,1],
                    "texture": "#0"
                },
                "north": {
                    "uv": [11,12,12,13],
                    "texture": "#0"
                },
                "south": {
                    "uv": [11,12,12,13],
                    "texture": "#0"
                }
            }
        },
        {
            "from": [8,9,1],
            "to": [9,10,7],
            "faces": {
                "up": {
                    "uv": [8,0,9,6],
                    "texture": "#0"
                },
                "down": {
                    "uv": [8,0,9,4],
                    "texture": "#0"
                },
                "west": {
                    "texture": "#0"
                },
                "east": {
                    "uv": [9,0,15,1],
                    "texture": "#0"
                },
                "north": {
                    "uv": [11,12,12,13],
                    "texture": "#0"
                },
                "south": {
                    "uv": [11,12,12,13],
                    "texture": "#0"
                }
            }
        },
        {
            "from": [1,13,7],
            "to": [7,14,8],
            "faces": {
                "up": {
                    "uv": [1,6,7,7],
                    "texture": "#0"
                },
                "down": {
                    "uv": [1,6,7,7],
                    "texture": "#0"
                },
                "west": {
                    "uv": [10,8,11,9],
                    "texture": "#0"
                },
                "east": {
                    "uv": [4,12,7,13],
                    "texture": "#0"
                },
                "north": {
                    "uv": [9,0,15,1],
                    "texture": "#0"
                },
                "south": {
                    "texture": "#0"
                }
            }
        },
        {
            "from": [1,11,7],
            "to": [7,12,8],
            "faces": {
                "up": {
                    "uv": [1,6,7,7],
                    "texture": "#0"
                },
                "down": {
                    "uv": [1,6,7,7],
                    "texture": "#0"
                },
                "west": {
                    "uv": [10,8,11,9],
                    "texture": "#0"
                },
                "east": {
                    "uv": [4,12,7,13],
                    "texture": "#0"
                },
                "north": {
                    "uv": [9,0,15,1],
                    "texture": "#0"
                },
                "south": {
                    "texture": "#0"
                }
            }
        },
        {
            "from": [1,9,7],
            "to": [7,10,8],
            "faces": {
                "up": {
                    "uv": [1,6,7,7],
                    "texture": "#0"
                },
                "down": {
                    "uv": [1,6,7,7],
                    "texture": "#0"
                },
                "west": {
                    "uv": [10,8,11,9],
                    "texture": "#0"
                },
                "east": {
                    "uv": [4,12,7,13],
                    "texture": "#0"
                },
                "north": {
                    "uv": [9,0,15,1],
                    "texture": "#0"
                },
                "south": {
                    "texture": "#0"
                }
            }
        },
        {
            "from": [9,13,8],
            "to": [15,14,9],
            "faces": {
                "up": {
                    "uv": [9,6,15,7],
                    "texture": "#0"
                },
                "down": {
                    "uv": [9,6,15,7],
                    "texture": "#0"
                },
                "west": {
                    "texture": "#0"
                },
                "east": {
                    "uv": [8,0,9,1],
                    "texture": "#0"
                },
                "north": {
                    "uv": [9,0,15,1],
                    "texture": "#0"
                },
                "south": {
                    "texture": "#0"
                }
            }
        },
        {
            "from": [9,11,8],
            "to": [15,12,9],
            "faces": {
                "up": {
                    "uv": [9,6,15,7],
                    "texture": "#0"
                },
                "down": {
                    "uv": [9,6,15,7],
                    "texture": "#0"
                },
                "west": {
                    "texture": "#0"
                },
                "east": {
                    "uv": [8,0,9,1],
                    "texture": "#0"
                },
                "north": {
                    "uv": [9,0,15,1],
                    "texture": "#0"
                },
                "south": {
                    "texture": "#0"
                }
            }
        },
        {
            "from": [9,9,8],
            "to": [15,10,9],
            "faces": {
                "up": {
                    "uv": [9,6,15,7],
                    "texture": "#0"
                },
                "down": {
                    "uv": [9,6,15,7],
                    "texture": "#0"
                },
                "west": {
                    "texture": "#0"
                },
                "east": {
                    "uv": [8,0,9,1],
                    "texture": "#0"
                },
                "north": {
                    "uv": [9,0,15,1],
                    "texture": "#0"
                },
                "south": {
                    "texture": "#0"
                }
            }
        },
        {
            "from": [4,7,7],
            "to": [7,8,8],
            "faces": {
                "up": {
                    "uv": [4,8,7,9],
                    "texture": "#0"
                },
                "down": {
                    "uv": [4,8,7,9],
                    "texture": "#0"
                },
                "west": {
                    "uv": [10,8,11,9],
                    "texture": "#0"
                },
                "east": {
                    "uv": [4,12,7,13],
                    "texture": "#0"
                },
                "north": {
                    "uv": [9,8,12,9],
                    "texture": "#0"
                },
                "south": {
                    "texture": "#0"
                }
            }
        },
        {
            "from": [4,5,7],
            "to": [7,6,8],
            "faces": {
                "up": {
                    "uv": [4,8,7,9],
                    "texture": "#0"
                },
                "down": {
                    "uv": [4,8,7,9],
                    "texture": "#0"
                },
                "west": {
                    "uv": [10,8,11,9],
                    "texture": "#0"
                },
                "east": {
                    "uv": [4,12,7,13],
                    "texture": "#0"
                },
                "north": {
                    "uv": [9,8,12,9],
                    "texture": "#0"
                },
                "south": {
                    "texture": "#0"
                }
            }
        },
        {
            "from": [4,3,7],
            "to": [7,4,8],
            "faces": {
                "up": {
                    "uv": [4,8,7,9],
                    "texture": "#0"
                },
                "down": {
                    "uv": [4,8,7,9],
                    "texture": "#0"
                },
                "west": {
                    "uv": [10,8,11,9],
                    "texture": "#0"
                },
                "east": {
                    "uv": [4,12,7,13],
                    "texture": "#0"
                },
                "north": {
                    "uv": [9,8,12,9],
                    "texture": "#0"
                },
                "south": {
                    "texture": "#0"
                }
            }
        },
        {
            "from": [9,7,8],
            "to": [12,8,9],
            "faces": {
                "up": {
                    "uv": [9,8,12,9],
                    "texture": "#0"
                },
                "down": {
                    "uv": [9,8,12,9],
                    "texture": "#0"
                },
                "west": {
                    "texture": "#0"
                },
                "east": {
                    "uv": [9,8,10,9],
                    "texture": "#0"
                },
                "north": {
                    "uv": [9,8,12,9],
                    "texture": "#0"
                },
                "south": {
                    "uv": [9,8,12,9],
                    "texture": "#0"
                }
            }
        },
        {
            "from": [9,5,8],
            "to": [12,6,9],
            "faces": {
                "up": {
                    "uv": [9,8,12,9],
                    "texture": "#0"
                },
                "down": {
                    "uv": [9,8,12,9],
                    "texture": "#0"
                },
                "west": {
                    "texture": "#0"
                },
                "east": {
                    "uv": [9,8,10,9],
                    "texture": "#0"
                },
                "north": {
                    "uv": [9,8,12,9],
                    "texture": "#0"
                },
                "south": {
                    "uv": [9,8,12,9],
                    "texture": "#0"
                }
            }
        },
        {
            "from": [9,3,8],
            "to": [12,4,9],
            "faces": {
                "up": {
                    "uv": [9,8,12,9],
                    "texture": "#0"
                },
                "down": {
                    "uv": [9,8,12,9],
                    "texture": "#0"
                },
                "west": {
                    "texture": "#0"
                },
                "east": {
                    "uv": [9,8,10,9],
                    "texture": "#0"
                },
                "north": {
                    "uv": [9,8,12,9],
                    "texture": "#0"
                },
                "south": {
                    "uv": [9,8,12,9],
                    "texture": "#0"
                }
            }
        },
        {
            "from": [8,7,4],
            "to": [9,8,7],
            "faces": {
                "up": {
                    "uv": [8,0,9,3],
                    "texture": "#0"
                },
                "down": {
                    "uv": [8,0,9,3],
                    "texture": "#0"
                },
                "west": {
                    "texture": "#0"
                },
                "east": {
                    "uv": [9,8,12,9],
                    "texture": "#0"
                },
                "north": {
                    "uv": [11,12,12,13],
                    "texture": "#0"
                },
                "south": {
                    "uv": [11,12,12,13],
                    "texture": "#0"
                }
            }
        },
        {
            "from": [8,5,4],
            "to": [9,6,7],
            "faces": {
                "up": {
                    "uv": [8,0,9,3],
                    "texture": "#0"
                },
                "down": {
                    "uv": [8,0,9,3],
                    "texture": "#0"
                },
                "west": {
                    "texture": "#0"
                },
                "east": {
                    "uv": [9,8,12,9],
                    "texture": "#0"
                },
                "north": {
                    "uv": [11,12,12,13],
                    "texture": "#0"
                },
                "south": {
                    "uv": [11,12,12,13],
                    "texture": "#0"
                }
            }
        },
        {
            "from": [8,3,4],
            "to": [9,4,7],
            "faces": {
                "up": {
                    "uv": [8,0,9,3],
                    "texture": "#0"
                },
                "down": {
                    "uv": [8,0,9,3],
                    "texture": "#0"
                },
                "west": {
                    "texture": "#0"
                },
                "east": {
                    "uv": [9,8,12,9],
                    "texture": "#0"
                },
                "north": {
                    "uv": [11,12,12,13],
                    "texture": "#0"
                },
                "south": {
                    "uv": [11,12,12,13],
                    "texture": "#0"
                }
            }
        },
        {
            "from": [7,7,9],
            "to": [8,8,12],
            "faces": {
                "up": {
                    "uv": [8,0,9,3],
                    "texture": "#0"
                },
                "down": {
                    "uv": [8,0,9,3],
                    "texture": "#0"
                },
                "west": {
                    "texture": "#0"
                },
                "east": {
                    "uv": [4,8,7,9],
                    "texture": "#0"
                },
                "north": {
                    "uv": [11,12,12,13],
                    "texture": "#0"
                },
                "south": {
                    "uv": [10,8,11,9],
                    "texture": "#0"
                }
            }
        },
        {
            "from": [7,5,9],
            "to": [8,6,12],
            "faces": {
                "up": {
                    "uv": [8,0,9,3],
                    "texture": "#0"
                },
                "down": {
                    "uv": [8,0,9,3],
                    "texture": "#0"
                },
                "west": {
                    "texture": "#0"
                },
                "east": {
                    "uv": [4,8,7,9],
                    "texture": "#0"
                },
                "north": {
                    "uv": [11,12,12,13],
                    "texture": "#0"
                },
                "south": {
                    "uv": [10,8,11,9],
                    "texture": "#0"
                }
            }
        },
        {
            "from": [7,3,9],
            "to": [8,4,12],
            "faces": {
                "up": {
                    "uv": [8,0,9,3],
                    "texture": "#0"
                },
                "down": {
                    "uv": [8,0,9,3],
                    "texture": "#0"
                },
                "west": {
                    "texture": "#0"
                },
                "east": {
                    "uv": [4,8,7,9],
                    "texture": "#0"
                },
                "north": {
                    "uv": [11,12,12,13],
                    "texture": "#0"
                },
                "south": {
                    "uv": [10,8,11,9],
                    "texture": "#0"
                }
            }
        }
    ]
}