{
    "__createdwith": "opl's Model Creator",
    "ambientocclusion": false,
    "textures": {
        "0": "blocks/fern",
        "particle": "blocks/fern"
    },
    "elements": [
        {
            "from": [0.8,0,8],
            "to": [15.2,16,8],
            "faces": {
                "north": {
                    "uv": [16,0,0,16],
                    "texture": "#0"
                },
                "south": {
                    "uv": [0,0,16,16],
                    "texture": "#0"
                }
            }
        },
        {
            "from": [8,0,0.8],
            "to": [8,16,15.2],
            "faces": {
                "west": {
                    "uv": [0,0,16,16],
                    "texture": "#0"
                },
                "east": {
                    "uv": [16,0,0,16],
                    "texture": "#0"
                }
            }
        },
        {
            "from": [7,0,7],
            "to": [9,14,9],
            "faces": {
                "up": {
                    "uv": [7,2,9,4],
                    "texture": "#0"
                },
                "down": {
                    "texture": "missingtexture"
                },
                "west": {
                    "texture": "#0"
                },
                "east": {
                    "texture": "#0"
                },
                "north": {
                    "texture": "#0"
                },
                "south": {
                    "texture": "#0"
                }
            }
        }
    ]
}