{
    "__createdwith": "opl's Model Creator",
    "ambientocclusion": false,
    "textures": {
        "rail_normal": "blocks/rail_normal",
        "texture": "blocks/rail_normal_turned",
        "particle": "blocks/rail_normal_turned"
    },
    "elements": [
        {
            "from": [12,0,2],
            "to": [14,2,16],
            "faces": {
                "up": {
                    "uv": [13,2,15,16],
                    "texture": "#texture"
                },
                "down": {
                    "uv": [13,16,15,2],
                    "texture": "#texture"
                },
                "west": {
                    "uv": [13,16,14,13],
                    "texture": "#texture"
                },
                "east": {
                    "uv": [14,16,15,2],
                    "texture": "#texture"
                },
                "north": {
                    "uv": [2,2,5,3],
                    "texture": "#texture"
                },
                "south": {
                    "uv": [13,14,15,16],
                    "texture": "#texture"
                }
            }
        },
        {
            "from": [0,0,2],
            "to": [12,2,4],
            "faces": {
                "up": {
                    "uv": [1,2,13,4],
                    "texture": "#texture"
                },
                "down": {
                    "uv": [1,4,13,2],
                    "texture": "#texture"
                },
                "west": {
                    "uv": [3,14,5,16],
                    "texture": "#texture"
                },
                "east": {
                    "uv": [12,15,14,16],
                    "texture": "#texture"
                },
                "north": {
                    "uv": [1,2,13,3],
                    "texture": "#texture"
                },
                "south": {
                    "uv": [1,3,13,4],
                    "texture": "#texture"
                }
            }
        },
        {
            "from": [2,0,12],
            "to": [4,2,16],
            "faces": {
                "up": {
                    "uv": [3,12,5,16],
                    "texture": "#texture"
                },
                "down": {
                    "uv": [3,16,5,12],
                    "texture": "#texture"
                },
                "west": {
                    "uv": [3,13,4,14],
                    "texture": "#texture"
                },
                "east": {
                    "uv": [4,13,5,14],
                    "texture": "#texture"
                },
                "north": {
                    "uv": [3,12,5,13],
                    "texture": "#texture"
                },
                "south": {
                    "uv": [3,14,5,16],
                    "texture": "#texture"
                }
            }
        },
        {
            "from": [0,0,12],
            "to": [2,2,14],
            "faces": {
                "up": {
                    "uv": [1,12,3,14],
                    "texture": "#texture"
                },
                "down": {
                    "uv": [1,14,3,12],
                    "texture": "#texture"
                },
                "west": {
                    "uv": [13,16,15,14],
                    "texture": "#texture"
                },
                "east": {
                    "uv": [2,16,4,15],
                    "texture": "#texture"
                },
                "north": {
                    "uv": [1,13,3,12],
                    "texture": "#texture"
                },
                "south": {
                    "uv": [2,13,3,14],
                    "texture": "#texture"
                }
            }
        },
        {
            "from": [2,0,1],
            "to": [4,1,12],
            "faces": {
                "up": {
                    "uv": [5,13,13,15],
                    "texture": "#texture",
                    "rotation": 90
                },
                "down": {
                    "uv": [4,13,15,15],
                    "texture": "#rail_normal",
                    "rotation": 90
                },
                "west": {
                    "uv": [4,15,5,14],
                    "texture": "#rail_normal",
                    "rotation": 90
                },
                "east": {
                    "uv": [4,14,5,15],
                    "texture": "#rail_normal",
                    "rotation": 90
                },
                "north": {
                    "uv": [4,14,5,15],
                    "texture": "#rail_normal",
                    "rotation": 90
                },
                "south": {
                    "uv": [5.5,4,8.5,5],
                    "texture": "#rail_normal",
                    "rotation": 90
                }
            }
        },
        {
            "from": [4,0,13],
            "to": [15,1,15],
            "faces": {
                "up": {
                    "uv": [5,13,13,15],
                    "texture": "#texture"
                },
                "down": {
                    "uv": [5,15,16,13],
                    "texture": "#texture"
                },
                "west": {
                    "uv": [4,14,5,15],
                    "texture": "#rail_normal"
                },
                "east": {
                    "uv": [6.5,2,9.5,3],
                    "texture": "#rail_normal"
                },
                "north": {
                    "uv": [4,14,12,15],
                    "texture": "#rail_normal"
                },
                "south": {
                    "uv": [4,14,12,15],
                    "texture": "#rail_normal"
                }
            }
        }
    ]
}